date,apr,market
2021-12-01,0.031430852987182935,v2
2021-12-02,0.031648520020303966,v2
2021-12-03,0.03240352760573745,v2
2021-12-04,0.03285956197309804,v2
2021-12-05,0.032028298213644564,v2
2021-12-06,0.03167917909357546,v2
2021-12-07,0.031805548992906295,v2
2021-12-08,0.0323286972326178,v2
2021-12-09,0.031585460109968565,v2
2021-12-10,0.03198456449912814,v2
2021-12-11,0.031014999073462432,v2
2021-12-12,0.02909035351811517,v2
2021-12-13,0.028900657576835253,v2
2021-12-14,0.028159383589572977,v2
2021-12-15,0.028001615099020404,v2
2021-12-16,0.028506814547611566,v2
2021-12-17,0.027916757857781256,v2
2021-12-18,0.02821823496590278,v2
2021-12-19,0.028585659859042382,v2
2021-12-20,0.028214850066653495,v2
2021-12-21,0.028691140255404354,v2
2021-12-22,0.030032130224207098,v2
2021-12-23,0.030179321677454088,v2
2021-12-24,0.030059933425761853,v2
2021-12-25,0.030730278002924737,v2
2021-12-26,0.031122756408681895,v2
2021-12-27,0.031039138569296194,v2
2021-12-28,0.030898741553068727,v2
2021-12-29,0.03021810005089871,v2
2021-12-30,0.030123782277508386,v2
2021-12-31,0.030265624812880323,v2
2022-01-01,0.03212895126472928,v2
2022-01-02,0.03237158965450165,v2
2022-01-03,0.03228684421972055,v2
2022-01-04,0.032115495487356635,v2
2022-01-05,0.03268507446309241,v2
2022-01-06,0.03148679967856286,v2
2022-01-07,0.029948207742638906,v2
2022-01-08,0.029795148415079107,v2
2022-01-09,0.029906672387674995,v2
2022-01-10,0.029387299716901807,v2
2022-01-11,0.030006673630128322,v2
2022-01-12,0.030791804658160705,v2
2022-01-13,0.03130071238320375,v2
2022-01-14,0.031325820702988415,v2
2022-01-15,0.03117437131656937,v2
2022-01-16,0.03183081432407367,v2
2022-01-17,0.03201463350298223,v2
2022-01-18,0.0317182014507693,v2
2022-01-19,0.026957731009253496,v2
2022-01-20,0.025933854029738825,v2
2022-01-21,0.02530293619697751,v2
2022-01-22,0.021589067277255562,v2
2022-01-23,0.021690549028710836,v2
2022-01-24,0.02329242568448419,v2
2022-01-25,0.02219035339146775,v2
2022-01-26,0.02372820758830983,v2
2022-01-27,0.023278234712058754,v2
2022-01-28,0.023199227177942466,v2
2022-01-29,0.02257724438676007,v2
2022-01-30,0.021325647742132674,v2
2022-01-31,0.021207500108848365,v2
2022-02-01,0.021525005458809678,v2
2022-02-02,0.021372732772454137,v2
2022-02-03,0.024718835454128875,v2
2022-02-04,0.02311603168791807,v2
2022-02-05,0.019576148399093024,v2
2022-02-06,0.02003616171037657,v2
2022-02-07,0.019746665800617992,v2
2022-02-08,0.01923557894403713,v2
2022-02-09,0.019598934723912127,v2
2022-02-10,0.01975183682249266,v2
2022-02-11,0.02000513280432577,v2
2022-02-12,0.01799307486891932,v2
2022-02-13,0.01808910528027448,v2
2022-02-14,0.017964904794224502,v2
2022-02-15,0.018537564771451336,v2
2022-02-16,0.018466733362993207,v2
2022-02-17,0.01813725324791096,v2
2022-02-18,0.01776667733909081,v2
2022-02-19,0.018034506279952997,v2
2022-02-20,0.017987520808440984,v2
2022-02-21,0.017203278896894714,v2
2022-02-22,0.014807326061887968,v2
2022-02-23,0.01461814011471552,v2
2022-02-24,0.013411508224559372,v2
2022-02-25,0.013979450704738912,v2
2022-02-26,0.014240552193852883,v2
2022-02-27,0.01328353314494024,v2
2022-02-28,0.014188129467445519,v2
2022-03-01,0.014685788553296901,v2
2022-03-02,0.014125247272030137,v2
2022-03-03,0.01567697932022659,v2
2022-03-04,0.015744787097589884,v2
2022-03-05,0.015597606297008204,v2
2022-03-06,0.01577761152369061,v2
2022-03-07,0.015721298429061795,v2
2022-03-08,0.016021623708401447,v2
2022-03-09,0.01671103488932966,v2
2022-03-10,0.016660713595873018,v2
2022-03-11,0.016123771947088153,v2
2022-03-12,0.019255986373209296,v2
2022-03-13,0.018859767686272157,v2
2022-03-14,0.018466929755081414,v2
2022-03-15,0.018859649236672646,v2
2022-03-16,0.01882132492623605,v2
2022-03-17,0.018544512928946204,v2
2022-03-18,0.018014886303829414,v2
2022-03-19,0.015322787755079314,v2
2022-03-20,0.017053785643035363,v2
2022-03-21,0.017117736784159534,v2
2022-03-22,0.01896428025357041,v2
2022-03-23,0.01969963791324993,v2
2022-03-24,0.021075962945238065,v2
2022-03-25,0.023380698487190377,v2
2022-03-26,0.023716146798647062,v2
2022-03-27,0.023631809616226403,v2
2022-03-28,0.025258815587088933,v2
2022-03-29,0.025855065918931955,v2
2022-03-30,0.02497470954306786,v2
2022-03-31,0.025126990136605305,v2
2022-04-01,0.026313594755627875,v2
2022-04-02,0.026381945614888547,v2
2022-04-03,0.02613023058957999,v2
2022-04-04,0.026261526358797214,v2
2022-04-05,0.023276266314505516,v2
2022-04-06,0.02389826449027962,v2
2022-04-07,0.023591667772441094,v2
2022-04-08,0.025084341792245998,v2
2022-04-09,0.02555481997687518,v2
2022-04-10,0.025478700305210992,v2
2022-04-11,0.025227207327322643,v2
2022-04-12,0.025079845648069175,v2
2022-04-13,0.024090002904423972,v2
2022-04-14,0.02421330395156393,v2
2022-04-15,0.024675679405249912,v2
2022-04-16,0.0249039721466487,v2
2022-04-17,0.02469365377564846,v2
2022-04-18,0.025011367863690577,v2
2022-04-19,0.024894103503576726,v2
2022-04-20,0.02515935214995381,v2
2022-04-21,0.02504957816658679,v2
2022-04-22,0.025074640157286686,v2
2022-04-23,0.024441628827093234,v2
2022-04-24,0.023326690827186955,v2
2022-04-25,0.02253150179019242,v2
2022-04-26,0.021570106998807296,v2
2022-04-27,0.021235783306685897,v2
2022-04-28,0.02032824166649303,v2
2022-04-29,0.020489765109600922,v2
2022-04-30,0.020097815659213227,v2
2022-05-01,0.019127914356695183,v2
2022-05-02,0.017964095368446495,v2
2022-05-03,0.01792077028336149,v2
2022-05-04,0.01790270254694901,v2
2022-05-05,0.01814407596930468,v2
2022-05-06,0.018200121622285438,v2
2022-05-07,0.018203157586419817,v2
2022-05-08,0.01783271452692258,v2
2022-05-09,0.014739625083068865,v2
2022-05-10,0.015669728756137428,v2
2022-05-11,0.014397379184332187,v2
2022-05-12,0.02124764246469237,v2
2022-05-13,0.02383105291469719,v2
2022-05-14,0.02157766483672181,v2
2022-05-15,0.02177163255718857,v2
2022-05-16,0.021763832426368073,v2
2022-05-17,0.02011270821457029,v2
2022-05-18,0.0164818534291053,v2
2022-05-19,0.013934746027800517,v2
2022-05-20,0.015151785402088202,v2
2022-05-21,0.013970759625602134,v2
2022-05-22,0.014121492480041064,v2
2022-05-23,0.009360347543014548,v2
2022-05-24,0.009295403760354289,v2
2022-05-25,0.009757524299745099,v2
2022-05-26,0.009550982006622959,v2
2022-05-27,0.010412642366119001,v2
2022-05-28,0.009345209243430498,v2
2022-05-29,0.009183993561200537,v2
2022-05-30,0.009981973479010524,v2
2022-05-31,0.009166525271861221,v2
2022-06-01,0.010617752782466575,v2
2022-06-02,0.010717610464842875,v2
2022-06-03,0.0103937913525811,v2
2022-06-04,0.010440472934927636,v2
2022-06-05,0.010506461216170519,v2
2022-06-06,0.01054737676814569,v2
2022-06-07,0.010366282446070555,v2
2022-06-08,0.01043421042545505,v2
2022-06-09,0.010481200445906247,v2
2022-06-10,0.010840587510353002,v2
2022-06-11,0.0096414942497087,v2
2022-06-12,0.008827389148281004,v2
2022-06-13,0.013195201490411576,v2
2022-06-14,0.009989088257024652,v2
2022-06-15,0.009261529535963455,v2
2022-06-16,0.009107072845236106,v2
2022-06-17,0.009229694492673012,v2
2022-06-18,0.008173222376162963,v2
2022-06-19,0.008195143929555117,v2
2022-06-20,0.00835000707387881,v2
2022-06-21,0.007462769704771301,v2
2022-06-22,0.006429587532567676,v2
2022-06-23,0.006305823783011644,v2
2022-06-24,0.005676814968021772,v2
2022-06-25,0.005936763093848923,v2
2022-06-26,0.005905555715180492,v2
2022-06-27,0.005795475430757459,v2
2022-06-28,0.006395347135593039,v2
2022-06-29,0.007343814698685972,v2
2022-06-30,0.007407274988692491,v2
2022-07-01,0.007188791305339707,v2
2022-07-02,0.006154477406047025,v2
2022-07-03,0.005771248669454115,v2
2022-07-04,0.004660131277783257,v2
2022-07-05,0.004622524783843812,v2
2022-07-06,0.0037708166109422124,v2
2022-07-07,0.0037956927646765402,v2
2022-07-08,0.006808638028742545,v2
2022-07-09,0.006900005956882927,v2
2022-07-10,0.007064122175544481,v2
2022-07-11,0.005658715299172552,v2
2022-07-12,0.0038381546243330443,v2
2022-07-13,0.0036859462155356096,v2
2022-07-14,0.004121568741522973,v2
2022-07-15,0.00396190298844651,v2
2022-07-16,0.004348927287587405,v2
2022-07-17,0.004457412216637989,v2
2022-07-18,0.004466273978634642,v2
2022-07-19,0.004624970424065671,v2
2022-07-20,0.004715941959207811,v2
2022-07-21,0.0047370467090506975,v2
2022-07-22,0.004987262462273391,v2
2022-07-23,0.004794172381594017,v2
2022-07-24,0.004882234351483278,v2
2022-07-25,0.005153843499082647,v2
2022-07-26,0.005235938853212504,v2
2022-07-27,0.005396340281260913,v2
2022-07-28,0.005679851900857905,v2
2022-07-29,0.005412185355140148,v2
2022-07-30,0.006479990014225081,v2
2022-07-31,0.006459774333286574,v2
2022-08-01,0.0064784729998109076,v2
2022-08-02,0.006215125431388099,v2
2022-08-03,0.006622331310123586,v2
2022-08-04,0.006611395294028157,v2
2022-08-05,0.006647693179626296,v2
2022-08-06,0.006589924217873883,v2
2022-08-07,0.0065965195294430705,v2
2022-08-08,0.006516460345171745,v2
2022-08-09,0.005849673331648854,v2
2022-08-10,0.006085474386773609,v2
2022-08-11,0.005675167182572462,v2
2022-08-12,0.004762129335873455,v2
2022-08-13,0.004718378801127768,v2
2022-08-14,0.004934386968971956,v2
2022-08-15,0.005077999285889353,v2
2022-08-16,0.004882269800811906,v2
2022-08-17,0.004764936583601884,v2
2022-08-18,0.004685177479523681,v2
2022-08-19,0.004110385363677517,v2
2022-08-20,0.0038248644322058023,v2
2022-08-21,0.0037437677376016758,v2
2022-08-22,0.004257115565706848,v2
2022-08-23,0.004041655761286919,v2
2022-08-24,0.004033241189332779,v2
2022-08-25,0.004325872824524049,v2
2022-08-26,0.004403639544144875,v2
2022-08-27,0.0045904416156910145,v2
2022-08-28,0.004300471980162631,v2
2022-08-29,0.0037643599470910784,v2
2022-08-30,0.003640745023716645,v2
2022-08-31,0.0035185057280409464,v2
2022-09-01,0.0034015344643858088,v2
2022-09-02,0.0033648122783017523,v2
2022-09-03,0.003455627033195797,v2
2022-09-04,0.0031715893728178138,v2
2022-09-05,0.0032325625807711864,v2
2022-09-06,0.002632834713683008,v2
2022-09-07,0.002471452117325113,v2
2022-09-08,0.0024362934107324003,v2
2022-09-09,0.002485937653153263,v2
2022-09-10,0.0025392443278404097,v2
2022-09-11,0.0025052104650949863,v2
2022-09-12,0.002375541111602735,v2
2022-09-13,0.0023323468147665952,v2
2022-09-14,0.0018928901326100522,v2
2022-09-15,0.00272388549419115,v2
2022-09-16,0.003316319328060276,v2
2022-09-17,0.003846842274521037,v2
2022-09-18,0.0038875828531525058,v2
2022-09-19,0.004239554328404754,v2
2022-09-20,0.0042505368420241215,v2
2022-09-21,0.0042698109498699646,v2
2022-09-22,0.004086975674185826,v2
2022-09-23,0.0038178952188479484,v2
2022-09-24,0.003842701366058778,v2
2022-09-25,0.003877435130624923,v2
2022-09-26,0.004498087380434482,v2
2022-09-27,0.00478096769872837,v2
2022-09-28,0.0049625246259727765,v2
2022-09-29,0.00502748896541715,v2
2022-09-30,0.005268939629144597,v2
2022-10-01,0.005361247703708719,v2
2022-10-02,0.005306972612203744,v2
2022-10-03,0.005259659136207228,v2
2022-10-04,0.005742746259739443,v2
2022-10-05,0.006040102106088686,v2
2022-10-06,0.0058909313786443115,v2
2022-10-07,0.005903786356895753,v2
2022-10-08,0.005833998837398491,v2
2022-10-09,0.005921693071667197,v2
2022-10-10,0.005886563178994327,v2
2022-10-11,0.006040398954477913,v2
2022-10-12,0.006204369504471509,v2
2022-10-13,0.00642901870976991,v2
2022-10-14,0.008327453873566691,v2
2022-10-15,0.008382356511482844,v2
2022-10-16,0.008512038860460085,v2
2022-10-17,0.008534101178301943,v2
2022-10-18,0.009681450145502781,v2
2022-10-19,0.0099466933093231,v2
2022-10-20,0.009818300388136086,v2
2022-10-21,0.009653264368853174,v2
2022-10-22,0.009661571428112836,v2
2022-10-23,0.009811730780642965,v2
2022-10-24,0.009701560688697396,v2
2022-10-25,0.00900108561330693,v2
2022-10-26,0.008609491837259514,v2
2022-10-27,0.00921126435354229,v2
2022-10-28,0.009053887826155288,v2
2022-10-29,0.009645375391643065,v2
2022-10-30,0.009385035402264475,v2
2022-10-31,0.009332339673147385,v2
2022-11-01,0.009584792004149122,v2
2022-11-02,0.01011065134437811,v2
2022-11-03,0.0101127055965967,v2
2022-11-04,0.00958864622463089,v2
2022-11-05,0.00946573104117984,v2
2022-11-06,0.009285407982922739,v2
2022-11-07,0.009331873965284721,v2
2022-11-08,0.009826979788237536,v2
2022-11-09,0.011744657159931787,v2
2022-11-10,0.014709681607337589,v2
2022-11-11,0.019131285847326412,v2
2022-11-12,0.018302878853833922,v2
2022-11-13,0.016163616897920122,v2
2022-11-14,0.010673861964885793,v2
2022-11-15,0.008259782844184787,v2
2022-11-16,0.007941846036885475,v2
2022-11-17,0.007575612256375661,v2
2022-11-18,0.008356061271971662,v2
2022-11-19,0.00881021580383951,v2
2022-11-20,0.008200092262459043,v2
2022-11-21,0.01186368215191882,v2
2022-11-22,0.010174655284103192,v2
2022-11-23,0.008902422271254071,v2
2022-11-24,0.010244938256841385,v2
2022-11-25,0.01030049305554062,v2
2022-11-26,0.010396515228451213,v2
2022-11-27,0.010437818322265575,v2
2022-11-28,0.010621888466030955,v2
2022-11-29,0.010905955783789022,v2
2022-11-30,0.010268083596190488,v2
2022-12-01,0.012190351235252498,v2
2022-12-02,0.012390685615963582,v2
2022-12-03,0.011280881934011487,v2
2022-12-04,0.011583243228764199,v2
2022-12-05,0.01146068767395188,v2
2022-12-06,0.012172369750233468,v2
2022-12-07,0.012415672609555005,v2
2022-12-08,0.01218847267765388,v2
2022-12-09,0.012208784842463,v2
2022-12-10,0.01209361251318676,v2
2022-12-11,0.012186191615893282,v2
2022-12-12,0.012583901791856299,v2
2022-12-13,0.011685261805868676,v2
2022-12-14,0.011766336496337399,v2
2022-12-15,0.011510826793793873,v2
2022-12-16,0.011699834023674204,v2
2022-12-17,0.011654309690897402,v2
2022-12-18,0.011586600231422196,v2
2022-12-19,0.011748793804398987,v2
2022-12-20,0.011390388318182253,v2
2022-12-21,0.01129891236799261,v2
2022-12-22,0.011550997412309267,v2
2022-12-23,0.011834228141056806,v2
2022-12-24,0.012133543272590386,v2
2022-12-25,0.011823397226288895,v2
2022-12-26,0.011682787028073335,v2
2022-12-27,0.011979471631313085,v2
2022-12-28,0.011967003256038085,v2
2022-12-29,0.012239539357250497,v2
2022-12-30,0.011956407799271903,v2
2022-12-31,0.011987027074868066,v2
2023-01-01,0.012047362100692953,v2
2023-01-02,0.011893686634132749,v2
2023-01-03,0.011845085557601363,v2
2023-01-04,0.011937618982963373,v2
2023-01-05,0.011913362307086282,v2
2023-01-06,0.01194180796550275,v2
2023-01-07,0.011811390680117544,v2
2023-01-08,0.011836365742346332,v2
2023-01-09,0.011743015449746912,v2
2023-01-10,0.011302812148881904,v2
2023-01-11,0.01135418770855601,v2
2023-01-12,0.01135557382290606,v2
2023-01-13,0.011452889495331065,v2
2023-01-14,0.01330388858542159,v2
2023-01-15,0.013444551233026823,v2
2023-01-16,0.014906829569087057,v2
2023-01-17,0.014753136802289667,v2
2023-01-18,0.014674606249598638,v2
2023-01-19,0.015527861636882209,v2
2023-01-20,0.015654121837317764,v2
2023-01-21,0.017293970516356456,v2
2023-01-22,0.017574212246095913,v2
2023-01-23,0.01759769412235936,v2
2023-01-24,0.01839491269372335,v2
2023-01-25,0.019150867364993825,v2
2023-01-26,0.01677526827013006,v2
2023-01-27,0.027829423913609916,v3
2023-01-28,0.0277118580138703,v3
2023-01-29,0.00851589172075449,v3
2023-01-30,0.020354449451085863,v3
2023-01-31,0.011392087605247606,v3
2023-02-01,0.016981657341733885,v3
2023-02-02,0.017635747242998042,v3
2023-02-03,0.018108908991385925,v3
2023-02-04,0.018518403046169384,v3
2023-02-05,0.018704957079795737,v3
2023-02-06,0.01989143365618368,v3
2023-02-07,0.017623718058278996,v3
2023-02-08,0.01726878322036536,v3
2023-02-09,0.012813004782383905,v3
2023-02-10,0.010399653478962921,v3
2023-02-11,0.013431793105704621,v3
2023-02-12,0.014517822561407049,v3
2023-02-13,0.011960423713917954,v3
2023-02-14,0.016433516769,v3
2023-02-15,0.016298473083556596,v3
2023-02-16,0.019685478942585568,v3
2023-02-17,0.019164854788756683,v3
2023-02-18,0.020253065065970938,v3
2023-02-19,0.015877963051750595,v3
2023-02-20,0.0219744806943728,v3
2023-02-21,0.02157071687684714,v3
2023-02-22,0.021247767352596494,v3
2023-02-23,0.021787942077155186,v3
2023-02-24,0.020508311779934472,v3
2023-02-25,0.018432254706709807,v3
2023-02-26,0.020041836130561493,v3
2023-02-27,0.01993988841537229,v3
2023-02-28,0.020269706390588005,v3
2023-03-01,0.0233186728235091,v3
2023-03-02,0.022214975108515108,v3
2023-03-03,0.019454973096278097,v3
2023-03-04,0.02043039457738557,v3
2023-03-05,0.01942616575399895,v3
2023-03-06,0.0181950025574071,v3
2023-03-07,0.01836334363069849,v3
2023-03-08,0.018469710645690012,v3
2023-03-09,0.017906353569850767,v3
2023-03-10,0.01673204113182232,v3
2023-03-11,0.007346216085975117,v3
2023-03-12,0.005148888182410419,v3
2023-03-13,0.006080859727341919,v3
2023-03-14,0.00881456052237101,v3
2023-03-15,0.012083150488701781,v3
2023-03-16,0.01120685325503305,v3
2023-03-17,0.014845725086733576,v3
2023-03-18,0.014228422016081805,v3
2023-03-19,0.013890440754287045,v3
2023-03-20,0.014364262333481283,v3
2023-03-21,0.016336006203784805,v3
2023-03-22,0.017243446963918153,v3
2023-03-23,0.016252095413753657,v3
2023-03-24,0.016823116160550437,v3
2023-03-25,0.015343400176940166,v3
2023-03-26,0.01726829984407072,v3
2023-03-27,0.01699023305138732,v3
2023-03-28,0.01656477935213264,v3
2023-03-29,0.015892610511276523,v3
2023-03-30,0.014514386638510422,v3
2023-03-31,0.013166892567195413,v3
2023-04-01,0.013269903933852039,v3
2023-04-02,0.015277983636133138,v3
2023-04-03,0.017845959686238606,v3
2023-04-04,0.016329611739176908,v3
2023-04-05,0.017685278414227353,v3
2023-04-06,0.020919772619992342,v3
2023-04-07,0.01923151848666083,v3
2023-04-08,0.01739242093992184,v3
2023-04-09,0.018359671913442215,v3
2023-04-10,0.018254831979987642,v3
2023-04-11,0.01725864048442118,v3
2023-04-12,0.01902512429247945,v3
2023-04-13,0.023813126807332708,v3
2023-04-14,0.020416099220217775,v3
2023-04-15,0.019705655681359666,v3
2023-04-16,0.018839443889081316,v3
2023-04-17,0.017240720618852432,v3
2023-04-18,0.017266078719401844,v3
2023-04-19,0.02317764407428397,v3
2023-04-20,0.02496194895686345,v3
2023-04-21,0.024831652047044087,v3
2023-04-22,0.02491742566145894,v3
2023-04-23,0.02849307099160324,v3
2023-04-24,0.029421716400209005,v3
2023-04-25,0.027995843216831646,v3
2023-04-26,0.02952191124442767,v3
2023-04-27,0.0282563940884073,v3
2023-04-28,0.03037589282658195,v3
2023-04-29,0.024759707572933647,v3
2023-04-30,0.02415069524568535,v3
2023-05-01,0.030588241193800637,v3
2023-05-02,0.027921987447854034,v3
2023-05-03,0.028639222794069143,v3
2023-05-04,0.027215841865555417,v3
2023-05-05,0.026827376901627065,v3
2023-05-06,0.026147930726986898,v3
2023-05-07,0.023979457314079505,v3
2023-05-08,0.023463166278163004,v3
2023-05-09,0.027952520091040964,v3
2023-05-10,0.025600050757500863,v3
2023-05-11,0.02570573262266173,v3
2023-05-12,0.025041400961124855,v3
2023-05-13,0.025908249396990695,v3
2023-05-14,0.02530345979210405,v3
2023-05-15,0.025371977326652344,v3
2023-05-16,0.02581277562531088,v3
2023-05-17,0.028196613771918316,v3
2023-05-18,0.02305556703749853,v3
2023-05-19,0.02356157279455331,v3
2023-05-20,0.023616303387791197,v3
2023-05-21,0.023562509043545156,v3
2023-05-22,0.022165368405296634,v3
2023-05-23,0.020188315688889798,v3
2023-05-24,0.020966461839547267,v3
2023-05-25,0.021253285028920165,v3
2023-05-26,0.02202308484353944,v3
2023-05-27,0.0217871768803995,v3
2023-05-28,0.023667504249416507,v3
2023-05-29,0.02522847585418026,v3
2023-05-30,0.027723662851708894,v3
2023-05-31,0.027266806449807945,v3
2023-06-01,0.02636565320509584,v3
2023-06-02,0.025809427867564304,v3
2023-06-03,0.02563034459494859,v3
2023-06-04,0.02639809704606412,v3
2023-06-05,0.02605793944376236,v3
2023-06-06,0.02574836022829782,v3
2023-06-07,0.024222830277387555,v3
2023-06-08,0.02418507318901345,v3
2023-06-09,0.02383391625025572,v3
2023-06-10,0.01874577286153327,v3
2023-06-11,0.019026806926347756,v3
2023-06-12,0.01812668090789821,v3
2023-06-13,0.016251304594005058,v3
2023-06-14,0.01819387950810608,v3
2023-06-15,0.019202179960811052,v3
2023-06-16,0.020716272642234912,v3
2023-06-17,0.024150768355532003,v3
2023-06-18,0.023800014153766463,v3
2023-06-19,0.023297025571724528,v3
2023-06-20,0.022788757812616738,v3
2023-06-21,0.02713667395779324,v3
2023-06-22,0.035588685681613226,v3
2023-06-23,0.02785267834307676,v3
2023-06-24,0.027713125251309395,v3
2023-06-25,0.025311449905029558,v3
2023-06-26,0.025639055472811628,v3
2023-06-27,0.024871120448924762,v3
2023-06-28,0.025097161448840426,v3
2023-06-29,0.023645233641880366,v3
2023-06-30,0.024978721985313243,v3
2023-07-01,0.02711923516050756,v3
2023-07-02,0.02750148095729646,v3
2023-07-03,0.026715981348641896,v3
2023-07-04,0.02696618899447675,v3
2023-07-05,0.02413191128082317,v3
2023-07-06,0.025672622125886172,v3
2023-07-07,0.026239439099885086,v3
2023-07-08,0.026753664527142663,v3
2023-07-09,0.025644501785922282,v3
2023-07-10,0.023952000820736598,v3
2023-07-11,0.025319804366497646,v3
2023-07-12,0.02745897560756194,v3
2023-07-13,0.037977058583120324,v3
2023-07-14,0.045444908028145756,v3
2023-07-15,0.027955030729653208,v3
2023-07-16,0.027410138234749117,v3
2023-07-17,0.04059193515058541,v3
2023-07-18,0.02644716078212419,v3
2023-07-19,0.027391949062464137,v3
2023-07-20,0.02822207513549834,v3
2023-07-21,0.025606176012203587,v3
2023-07-22,0.025843131263704723,v3
2023-07-23,0.02611616488757528,v3
2023-07-24,0.026346728029280203,v3
2023-07-25,0.02582755155226896,v3
2023-07-26,0.02799707040747154,v3
2023-07-27,0.028193171726145553,v3
2023-07-28,0.02794963187799757,v3
2023-07-29,0.027836531853112915,v3
2023-07-30,0.025863033891584487,v3
2023-07-31,0.02703284883270634,v3
2023-08-01,0.11354904567067954,v3
2023-08-02,0.08325178370951247,v3
2023-08-03,0.08209927776950245,v3
2023-08-04,0.06820842938050273,v3
2023-08-05,0.05376769531029077,v3
2023-08-06,0.043822588891539255,v3
2023-08-07,0.09907554487377948,v3
2023-08-08,0.02652620830994458,v3
2023-08-09,0.053185496420164374,v3
2023-08-10,0.05517837098565709,v3
2023-08-11,0.038589085829485316,v3
2023-08-12,0.05575946628081024,v3
2023-08-13,0.041820159196852134,v3
2023-08-14,0.07513339731865322,v3
2023-08-15,0.06982600431185962,v3
2023-08-16,0.028347488996868307,v3
2023-08-17,0.027757822754362758,v3
2023-08-18,0.026257956503976224,v3
2023-08-19,0.026412151335311832,v3
2023-08-20,0.025542756759432236,v3
2023-08-21,0.026722200115665565,v3
2023-08-22,0.026224797242887524,v3
2023-08-23,0.023425225437299645,v3
2023-08-24,0.024230118000098638,v3
2023-08-25,0.025544917969603825,v3
2023-08-26,0.02589234708833556,v3
2023-08-27,0.026664605632800535,v3
2023-08-28,0.02918907424334869,v3
2023-08-29,0.03005045768959421,v3
2023-08-30,0.028333367595373346,v3
2023-08-31,0.03428037621937292,v3
2023-09-01,0.027499297652599664,v3
2023-09-02,0.026800726543911628,v3
2023-09-03,0.02717706804005159,v3
2023-09-04,0.027932673071156,v3
2023-09-05,0.027694428348348513,v3
2023-09-06,0.03474090676429237,v3
2023-09-07,0.027567934306155787,v3
2023-09-08,0.027999295455646944,v3
2023-09-09,0.027925554219260896,v3
2023-09-10,0.0273276084125363,v3
2023-09-11,0.029453980845125554,v3
2023-09-12,0.028277358776170238,v3
2023-09-13,0.04469667760213512,v3
2023-09-14,0.027989261912331215,v3
2023-09-15,0.028139330001477926,v3
2023-09-16,0.0362718054087004,v3
2023-09-17,0.030863302623373893,v3
2023-09-18,0.02801102201673251,v3
2023-09-19,0.028239552634725034,v3
2023-09-20,0.03179115767874208,v3
2023-09-21,0.02819016206772071,v3
2023-09-22,0.02780928858103141,v3
2023-09-23,0.05175901811411447,v3
2023-09-24,0.030715138681731948,v3
2023-09-25,0.0272503889884164,v3
2023-09-26,0.03799738250514568,v3
2023-09-27,0.028297136330870713,v3
2023-09-28,0.06271156782871004,v3
2023-09-29,0.043585536566584045,v3
2023-09-30,0.06555586362845349,v3
2023-10-01,0.026607002665001458,v3
2023-10-02,0.07314812259502813,v3
2023-10-03,0.09089515726523664,v3
2023-10-04,0.031238373865046187,v3
2023-10-05,0.06752326827521904,v3
2023-10-06,0.03904644002035617,v3
2023-10-07,0.03391971801397136,v3
2023-10-08,0.03278484887839136,v3
2023-10-09,0.03245353286084261,v3
2023-10-10,0.027310903930184312,v3
2023-10-11,0.03814542705749246,v3
2023-10-12,0.077286481557968,v3
2023-10-13,0.04733764504746064,v3
2023-10-14,0.03179246647350274,v3
2023-10-15,0.037147363830033454,v3
2023-10-16,0.03642870623406906,v3
2023-10-17,0.028266812053460835,v3
2023-10-18,0.046499304341927866,v3
2023-10-19,0.02789595689799578,v3
2023-10-20,0.028001493070249857,v3
2023-10-21,0.04163177819680121,v3
2023-10-22,0.027404517102770067,v3
2023-10-23,0.04063814713655906,v3
2023-10-24,0.06872428011466254,v3
2023-10-25,0.04970652561518897,v3
2023-10-26,0.04686425249650683,v3
2023-10-27,0.02819286973536774,v3
2023-10-28,0.063859273293634,v3
2023-10-29,0.02796009085011663,v3
2023-10-30,0.06582953548533127,v3
2023-10-31,0.02676365617651342,v3
2023-11-01,0.027352663176976183,v3
2023-11-02,0.0376169477228933,v3
2023-11-03,0.04371386688513579,v3
2023-11-04,0.06805121998723802,v3
2023-11-05,0.04809293444384189,v3
2023-11-06,0.07564735129568789,v3
2023-11-07,0.027954890549981258,v3
2023-11-08,0.046591266451017056,v3
2023-11-09,0.054239064285905046,v3
2023-11-10,0.048192298499686474,v3
2023-11-11,0.0276611238048003,v3
2023-11-12,0.07199622020139279,v3
2023-11-13,0.07454533444767905,v3
2023-11-14,0.0899620405822476,v3
2023-11-15,0.054375536148494656,v3
2023-11-16,0.10638811546923496,v3
2023-11-17,0.07723983988822421,v3
2023-11-18,0.07856056797922151,v3
2023-11-19,0.06244318301073363,v3
2023-11-20,0.0565330810652205,v3
2023-11-21,0.03334574359485378,v3
2023-11-22,0.02817375713593561,v3
2023-11-23,0.06087176501063833,v3
2023-11-24,0.04962467111963781,v3
2023-11-25,0.02800954088091556,v3
2023-11-26,0.04843256511411466,v3
2023-11-27,0.059424316752722015,v3
2023-11-28,0.05677444914006563,v3
2023-11-29,0.057871630918043454,v3
2023-11-30,0.03838286179748336,v3
2023-12-01,0.03810814462023774,v3
2023-12-02,0.09570287260945948,v3
2023-12-03,0.044436317549223524,v3
2023-12-04,0.04035794475249882,v3
2023-12-05,0.04006539690216595,v3
2023-12-06,0.0387999365654885,v3
2023-12-07,0.0428492509612696,v3
2023-12-08,0.07303070166672722,v3
2023-12-09,0.0730331357271304,v3
2023-12-10,0.04896267110982882,v3
2023-12-11,0.06323455793256369,v3
2023-12-12,0.09880820526108701,v3
2023-12-13,0.04111150470539829,v3
2023-12-14,0.06144958514244952,v3
2023-12-15,0.09508394557147602,v3
2023-12-16,0.0404172170170236,v3
2023-12-17,0.051837203888685277,v3
2023-12-18,0.04998126985232161,v3
2023-12-19,0.0400482994880837,v3
2023-12-20,0.11758114485610709,v3
2023-12-21,0.057890234321736164,v3
2023-12-22,0.040449889500042455,v3
2023-12-23,0.058051044046997125,v3
2023-12-24,0.04093659594400867,v3
2023-12-25,0.08277640589297555,v3
2023-12-26,0.1112102141802261,v3
2023-12-27,0.10423031612325712,v3
2023-12-28,0.11029019897304367,v3
2023-12-29,0.07493772474268323,v3
2023-12-30,0.039787457706597945,v3
2023-12-31,0.07189029161288624,v3
2024-01-01,0.08087619449009738,v3
2024-01-02,0.0814860396411484,v3
2024-01-03,0.09800459885201387,v3
2024-01-04,0.08057599412403363,v3
2024-01-05,0.05997004072255939,v3
2024-01-06,0.040315706432090634,v3
2024-01-07,0.04042327851040096,v3
2024-01-08,0.0674829727334941,v3
2024-01-09,0.06677994668051349,v3
2024-01-10,0.08130959472690352,v3
2024-01-11,0.06629026694719772,v3
2024-01-12,0.05225706137467019,v3
2024-01-13,0.07493093336369853,v3
2024-01-14,0.040439190597244414,v3
2024-01-15,0.08097066659317542,v3
2024-01-16,0.04723633828517094,v3
2024-01-17,0.04851836855469094,v3
2024-01-18,0.09541841497664498,v3
2024-01-19,0.0735212593703893,v3
2024-01-20,0.0639952330913809,v3
2024-01-21,0.04823075666533222,v3
2024-01-22,0.05874470906828799,v3
2024-01-23,0.04812538306521996,v3
2024-01-24,0.04838637752842052,v3
2024-01-25,0.04808787002606846,v3
2024-01-26,0.04499205312997936,v3
2024-01-27,0.044333164858041646,v3
2024-01-28,0.04458294212561262,v3
2024-01-29,0.044890977558555686,v3
2024-01-30,0.046970825072103,v3
2024-01-31,0.05759028308515858,v3
2024-02-01,0.048455098119463726,v3
2024-02-02,0.0558930993809007,v3
2024-02-03,0.047630423467047656,v3
2024-02-04,0.04695483443387862,v3
2024-02-05,0.04731061812199117,v3
2024-02-06,0.04757878380967273,v3
2024-02-07,0.0609350181241463,v3
2024-02-08,0.07733876696123237,v3
2024-02-09,0.070870343152845,v3
2024-02-10,0.06783522729324713,v3
2024-02-11,0.12003254708143228,v3
2024-02-12,0.094827521496512,v3
2024-02-13,0.08237254172474368,v3
2024-02-14,0.11564318171260142,v3
2024-02-15,0.07383287276085629,v3
2024-02-16,0.07270178267003276,v3
2024-02-17,0.08507115929136769,v3
2024-02-18,0.07788980670979176,v3
2024-02-19,0.05493811552966723,v3
2024-02-20,0.08715116661688284,v3
2024-02-21,0.07601852559007864,v3
2024-02-22,0.06818840089510764,v3
2024-02-23,0.06335691946655332,v3
2024-02-24,0.0985054147145541,v3
2024-02-25,0.06528503250911039,v3
2024-02-26,0.09820731155439673,v3
2024-02-27,0.11695260093234522,v3
2024-02-28,0.07059708909904448,v3
2024-02-29,0.04490463194021931,v3
2024-03-01,0.07573652783298652,v3
2024-03-02,0.07521914972893823,v3
2024-03-03,0.1277658174362848,v3
2024-03-04,0.15434346936618795,v3
2024-03-05,0.11911369123559944,v3
2024-03-06,0.1465837923752369,v3
2024-03-07,0.07396318567348341,v3
2024-03-08,0.11835223762884078,v3
2024-03-09,0.07177988738664477,v3
2024-03-10,0.16527216927953692,v3
2024-03-11,0.1843752865139192,v3
2024-03-12,0.17263946825979923,v3
2024-03-13,0.14798916915078458,v3
2024-03-14,0.13751373977667716,v3
2024-03-15,0.09790260698456849,v3
2024-03-16,0.11772953203479535,v3
2024-03-17,0.18068602323308988,v3
2024-03-18,0.04788964537144119,v3
2024-03-19,0.05313277673020071,v3
2024-03-20,0.16444196305262634,v3
2024-03-21,0.12234847112872765,v3
2024-03-22,0.08699289295059072,v3
2024-03-23,0.08867430167020171,v3
2024-03-24,0.09165481267806688,v3
2024-03-25,0.12448328813244666,v3
2024-03-26,0.10633292867716095,v3
2024-03-27,0.0950149390731258,v3
2024-03-28,0.14257430979578758,v3
2024-03-29,0.10943058986061752,v3
2024-03-30,0.11333374964597283,v3
2024-03-31,0.12879468334407454,v3
2024-04-01,0.10788061437543742,v3
2024-04-02,0.04814986064395573,v3
2024-04-03,0.07023069223349648,v3
2024-04-04,0.09141625823166359,v3
2024-04-05,0.07375796618517542,v3
2024-04-06,0.06999542889041702,v3
2024-04-07,0.07119229236936293,v3
2024-04-08,0.09542250838317279,v3
2024-04-09,0.08100916558199228,v3
2024-04-10,0.1205000067624797,v3
2024-04-11,0.09644188561432923,v3
2024-04-12,0.09536746692373169,v3
2024-04-13,0.08065430187575906,v3
2024-04-14,0.08093259454429959,v3
2024-04-15,0.07668874566093449,v3
2024-04-16,0.07745874930336537,v3
2024-04-17,0.0772808307336829,v3
2024-04-18,0.07488855478574272,v3
2024-04-19,0.07415462345422401,v3
2024-04-20,0.0694374337383838,v3
2024-04-21,0.06915888956992561,v3
2024-04-22,0.0676322354470227,v3
2024-04-23,0.06781701542496203,v3
2024-04-24,0.0677102378087619,v3
2024-04-25,0.06843833109123716,v3
2024-04-26,0.06713150029564659,v3
2024-04-27,0.07366631212757524,v3
2024-04-28,0.0758427854973141,v3
2024-04-29,0.07261874600701511,v3
2024-04-30,0.0711052010929758,v3
2024-05-01,0.06846534075342146,v3
2024-05-02,0.06885974414694508,v3
2024-05-03,0.06444933400386599,v3
2024-05-04,0.06482371332773945,v3
2024-05-05,0.06459522144409274,v3
2024-05-06,0.052358441453050436,v3
2024-05-07,0.05418669851644988,v3
2024-05-08,0.05491605002327643,v3
2024-05-09,0.05625453620014044,v3
2024-05-10,0.05753421939029495,v3
2024-05-11,0.054496503315128786,v3
2024-05-12,0.05493724186306225,v3
2024-05-13,0.05675051111559737,v3
2024-05-14,0.0592012095267764,v3
2024-05-15,0.05664312729803462,v3
2024-05-16,0.057112663185967555,v3
2024-05-17,0.05571163985715731,v3
2024-05-18,0.053582716670131855,v3
2024-05-19,0.05349292633912704,v3
2024-05-20,0.05476289007379341,v3
2024-05-21,0.06159905336733365,v3
2024-05-22,0.06437837873265048,v3
2024-05-23,0.06758288614395046,v3
2024-05-24,0.07361973393388611,v3
2024-05-25,0.07099958168769414,v3
2024-05-26,0.0720633889432125,v3
2024-05-27,0.07015651215289441,v3
2024-05-28,0.07010864188329338,v3
2024-05-29,0.07324778760328764,v3
2024-05-30,0.0697730854762022,v3
2024-05-31,0.07076452237313959,v3
2024-06-01,0.07049546865834827,v3
2024-06-02,0.07057337977226309,v3
2024-06-03,0.068541359478983,v3
2024-06-04,0.07141340045066806,v3
2024-06-05,0.07016893046420022,v3
2024-06-06,0.07387225521559045,v3
2024-06-07,0.10148600163402528,v3
2024-06-08,0.08039020114809406,v3
2024-06-09,0.07346231887257058,v3
2024-06-10,0.07326737400146258,v3
2024-06-11,0.07406846349741812,v3
2024-06-12,0.07306360079022753,v3
2024-06-13,0.07171360968632398,v3
2024-06-14,0.0915785935055048,v3
2024-06-15,0.07309266857400272,v3
2024-06-16,0.07251831695708384,v3
2024-06-17,0.0717379682925355,v3
2024-06-18,0.07154731355359667,v3
2024-06-19,0.06900700236475564,v3
2024-06-20,0.0715594962310723,v3
2024-06-21,0.07296919598264201,v3
2024-06-22,0.07122823021250801,v3
2024-06-23,0.06949400268410844,v3
2024-06-24,0.07403725507735513,v3
2024-06-25,0.07240780866370951,v3
2024-06-26,0.07169263231568856,v3
2024-06-27,0.06408795378350694,v3
2024-06-28,0.06553208297061386,v3
2024-06-29,0.06613423369962727,v3
2024-06-30,0.06585326946269225,v3
2024-07-01,0.06919686287797498,v3
2024-07-02,0.06890086825332063,v3
2024-07-03,0.06753727493378217,v3
2024-07-04,0.0673203492957423,v3
2024-07-05,0.05743276938980158,v3
2024-07-06,0.05473890520954136,v3
2024-07-07,0.06224732311142263,v3
2024-07-08,0.055317748784710775,v3
2024-07-09,0.05058266350880618,v3
2024-07-10,0.05175557373820056,v3
2024-07-11,0.0510164181215593,v3
2024-07-12,0.05191808424737098,v3
2024-07-13,0.05333245714875016,v3
2024-07-14,0.055946826153013975,v3
2024-07-15,0.05695750135958877,v3
2024-07-16,0.05787558285734334,v3
2024-07-17,0.057137873543892416,v3
2024-07-18,0.05674852344119013,v3
2024-07-19,0.05777551077209188,v3
2024-07-20,0.06588836726973181,v3
2024-07-21,0.06588413343268842,v3
2024-07-22,0.06495307509905078,v3
2024-07-23,0.06450048055898887,v3
2024-07-24,0.06609470296646568,v3
2024-07-25,0.04658154425273593,v3
2024-07-26,0.048784051730210526,v3
2024-07-27,0.04939509836654048,v3
2024-07-28,0.050645839026424264,v3
2024-07-29,0.050618918112177086,v3
2024-07-30,0.05146532142603766,v3
2024-07-31,0.053291785721515335,v3
2024-08-01,0.04935671589682637,v3
2024-08-02,0.05129543037827436,v3
2024-08-03,0.04952012804113859,v3
2024-08-04,0.052131226117807364,v3
2024-08-05,0.03735716435213199,v3
2024-08-06,0.03349030727606894,v3
2024-08-07,0.03543003315443651,v3
2024-08-08,0.0392230844917004,v3
2024-08-09,0.037833676244354325,v3
2024-08-10,0.04092752464609527,v3
2024-08-11,0.03866826776511196,v3
2024-08-12,0.036949709729745456,v3
2024-08-13,0.03613627634492059,v3
2024-08-14,0.03732127526073304,v3
2024-08-15,0.03568361843174772,v3
2024-08-16,0.03582423710620687,v3
2024-08-17,0.03808604608129203,v3
2024-08-18,0.039233950169128645,v3
2024-08-19,0.03676662846500109,v3
2024-08-20,0.03814775705495658,v3
2024-08-21,0.03934660773880261,v3
2024-08-22,0.041789567903267974,v3
2024-08-23,0.04224309457251416,v3
2024-08-24,0.04319663384589493,v3
2024-08-25,0.044101251569147036,v3
2024-08-26,0.043003253026158574,v3
2024-08-27,0.04315169553591511,v3
2024-08-28,0.042086256107286966,v3
2024-08-29,0.040911635649078126,v3
2024-08-30,0.0409413671156492,v3
2024-08-31,0.041759395435412294,v3
2024-09-01,0.041178319479401725,v3
2024-09-02,0.03856986467592483,v3
2024-09-03,0.03831263978715062,v3
2024-09-04,0.03814961510814973,v3
2024-09-05,0.0387082417216378,v3
2024-09-06,0.03847733355830289,v3
2024-09-07,0.03601599639276639,v3
2024-09-08,0.036977244838320114,v3
2024-09-09,0.035845076870805834,v3
2024-09-10,0.03811725776450585,v3
2024-09-11,0.03277899052901532,v3
2024-09-12,0.032583655805510564,v3
2024-09-13,0.03380989549089386,v3
2024-09-14,0.03742036833297153,v3
2024-09-15,0.036515631206094426,v3
2024-09-16,0.03421549708068742,v3
2024-09-17,0.036316771223283244,v3
2024-09-18,0.03558295392973718,v3
2024-09-19,0.03550700498445884,v3
2024-09-20,0.03910603667998579,v3
2024-09-21,0.04152512424484869,v3
2024-09-22,0.04225815276496252,v3
2024-09-23,0.04036781828519439,v3
2024-09-24,0.04209409616203678,v3
2024-09-25,0.04090455861227767,v3
2024-09-26,0.04094966771433986,v3
2024-09-27,0.043550661083155945,v3
2024-09-28,0.044227299369970705,v3
2024-09-29,0.04435120884085849,v3
2024-09-30,0.04498440960671186,v3
2024-10-01,0.04368540685987862,v3
2024-10-02,0.04224804533668592,v3
2024-10-03,0.04181555201161932,v3
2024-10-04,0.042693111465522786,v3
2024-10-05,0.04129480458399594,v3
2024-10-06,0.041271330593849145,v3
2024-10-07,0.041540078508511644,v3
2024-10-08,0.04355300052090457,v3
2024-10-09,0.04272437168477257,v3
2024-10-10,0.0424557953726081,v3
2024-10-11,0.042466718989169545,v3
2024-10-12,0.043396875865125306,v3
2024-10-13,0.04287031762492054,v3
2024-10-14,0.04462607156830047,v3
2024-10-15,0.04501258016184612,v3
2024-10-16,0.04825575223384003,v3
2024-10-17,0.04195885895228096,v3
2024-10-18,0.041042576277257284,v3
2024-10-19,0.04458291038702924,v3
2024-10-20,0.04478085751259006,v3
2024-10-21,0.07001301217040085,v3
2024-10-22,0.04547381833957081,v3
2024-10-23,0.04295129464638188,v3
2024-10-24,0.04648530188375558,v3
2024-10-25,0.04538493944476256,v3
2024-10-26,0.05479864856451635,v3
2024-10-27,0.045327029240694636,v3
2024-10-28,0.04504935749468019,v3
2024-10-29,0.07703932861663437,v3
2024-10-30,0.04995694209023905,v3
2024-10-31,0.04330720360345479,v3
2024-11-01,0.044177794171068936,v3
2024-11-02,0.04453017225718202,v3
2024-11-03,0.04460576939214152,v3
2024-11-04,0.04549261389667295,v3
2024-11-05,0.06850164514662557,v3
2024-11-06,0.07654926136372812,v3
2024-11-07,0.06272349371610834,v3
2024-11-08,0.0450469538084147,v3
2024-11-09,0.04383589282661317,v3
2024-11-10,0.04530573161887316,v3
2024-11-11,0.07005607371379549,v3
2024-11-12,0.05884780386562839,v3
2024-11-13,0.07271081559267555,v3
2024-11-14,0.1133903238657229,v3
2024-11-15,0.04417472138641066,v3
2024-11-16,0.04267748339382736,v3
2024-11-17,0.04389454638360537,v3
2024-11-18,0.04514217994719136,v3
2024-11-19,0.12914609998400436,v3
2024-11-20,0.11965577929863463,v3
2024-11-21,0.045530032945137605,v3
2024-11-22,0.1719876502320172,v3
2024-11-23,0.05005875045974485,v3
2024-11-24,0.045489259673038435,v3
2024-11-25,0.09874070071518065,v3
2024-11-26,0.07239047614420123,v3
2024-11-27,0.08643507460575224,v3
2024-11-28,0.07837902003557679,v3
2024-11-29,0.17474716885508512,v3
2024-11-30,0.0834325514396423,v3
2024-12-01,0.10931036106037897,v3
2024-12-02,0.15749200946631675,v3
2024-12-03,0.13812263972651742,v3
2024-12-04,0.15204794790019316,v3
2024-12-05,0.15376434909758965,v3
2024-12-06,0.08475453293293378,v3
2024-12-07,0.07741082392918688,v3
2024-12-08,0.07616056875302943,v3
2024-12-09,0.18975877544529457,v3
2024-12-10,0.14219491786991878,v3
2024-12-11,0.09568687436939999,v3
2024-12-12,0.1712944575312395,v3
2024-12-13,0.08734575564338029,v3
2024-12-14,0.11901607357667375,v3
2024-12-15,0.10523240113977798,v3
2024-12-16,0.13695354488133638,v3
2024-12-17,0.11034388047473884,v3
2024-12-18,0.10073391929151472,v3
2024-12-19,0.11401556847213376,v3
2024-12-20,0.10147576736247593,v3
2024-12-21,0.10501886308903206,v3
2024-12-22,0.0990782160191107,v3
2024-12-23,0.09627693744812588,v3
2024-12-24,0.09738772007137736,v3
2024-12-25,0.09847598643684422,v3
2024-12-26,0.10460772963499562,v3
2024-12-27,0.10255070189454933,v3
2024-12-28,0.10092127019667324,v3
2024-12-29,0.09966347373828403,v3
2024-12-30,0.10726860520147881,v3
2024-12-31,0.09295888604102265,v3
2025-01-01,0.09288167025489928,v3
2025-01-02,0.09967738529493166,v3
2025-01-03,0.09037811435194242,v3
2025-01-04,0.0890587835602492,v3
2025-01-05,0.08768822062696574,v3
2025-01-06,0.08718407928979088,v3
2025-01-07,0.08977716704620539,v3
2025-01-08,0.08821066076867204,v3
2025-01-09,0.08270706781880745,v3
2025-01-10,0.08307361993501453,v3
2025-01-11,0.08346701385493578,v3
2025-01-12,0.08196665465846743,v3
2025-01-13,0.0798474233516322,v3
2025-01-14,0.0778820257213509,v3
2025-01-15,0.08106956931721622,v3
2025-01-16,0.08003558045679735,v3
2025-01-17,0.08021750060279832,v3
2025-01-18,0.08446301927137981,v3
2025-01-19,0.08760150231119583,v3
2025-01-20,0.09289092965097309,v3
2025-01-21,0.08870496860922374,v3
2025-01-22,0.08089454105774782,v3
2025-01-23,0.07659283166665475,v3
2025-01-24,0.0729803441372951,v3
2025-01-25,0.06969871425512393,v3
2025-01-26,0.06831114295651393,v3
2025-01-27,0.06512891029985927,v3
2025-01-28,0.06684834775540092,v3
2025-01-29,0.06403344112530655,v3
2025-01-30,0.06535988632441,v3
2025-01-31,0.06486517966552742,v3
2025-02-01,0.05946415592700769,v3
2025-02-02,0.05991312085026208,v3
2025-02-03,0.05244800569993087,v3
2025-02-04,0.0480305703933201,v3
2025-02-05,0.04824602786897658,v3
2025-02-06,0.04861506258886727,v3
2025-02-07,0.04816418885908865,v3
2025-02-08,0.04712339381200298,v3
2025-02-09,0.047201399061233176,v3
2025-02-10,0.04693036370168341,v3
2025-02-11,0.04245283809141379,v3
2025-02-12,0.039069501855825486,v3
2025-02-13,0.040097620841095104,v3
2025-02-14,0.04054867444420075,v3
2025-02-15,0.04142590116027022,v3
2025-02-16,0.04086412345229621,v3
2025-02-17,0.041641179981300014,v3
2025-02-18,0.044042527158709044,v3
2025-02-19,0.04311242004731198,v3
2025-02-20,0.04109794199387767,v3
2025-02-21,0.041539916589386675,v3
2025-02-22,0.041772568687105174,v3
2025-02-23,0.04248187040204511,v3
2025-02-24,0.04109506456656243,v3
2025-02-25,0.03646469930827276,v3
2025-02-26,0.04544646242885303,v3
2025-02-27,0.048195636681981235,v3
2025-02-28,0.03954722949309807,v3
2025-03-01,0.03391926920151379,v3
2025-03-02,0.03452509804920353,v3
2025-03-03,0.03398941476870854,v3
2025-03-04,0.032644812381440576,v3
2025-03-05,0.033314342635123846,v3
2025-03-06,0.03265628139664793,v3
2025-03-07,0.03486791998813782,v3
2025-03-08,0.03328816274362334,v3
2025-03-09,0.03325649077998199,v3
2025-03-10,0.03139276233911361,v3
2025-03-11,0.027505188961064655,v3
2025-03-12,0.023145418873963063,v3
2025-03-13,0.027420158550944977,v3
2025-03-14,0.028462864867849307,v3
2025-03-15,0.027715492778677478,v3
2025-03-16,0.02634487745102514,v3
2025-03-17,0.026431229050669053,v3
2025-03-18,0.026731996415423794,v3
2025-03-19,0.027112767200019983,v3
2025-03-20,0.02401488531301276,v3
2025-03-21,0.028308276590009476,v3
2025-03-22,0.031291055649299265,v3
2025-03-23,0.03133977827619639,v3
2025-03-24,0.027661711723321724,v3
2025-03-25,0.027886587556932844,v3
2025-03-26,0.02781252082627439,v3
2025-03-27,0.02883191158273282,v3
2025-03-28,0.032857959106060305,v3
2025-03-29,0.03335840182338287,v3
2025-03-30,0.03108756359094406,v3
2025-03-31,0.02835819498667048,v3
2025-04-01,0.028183881155868902,v3
2025-04-02,0.028879820771893893,v3
2025-04-03,0.028106026243859925,v3
2025-04-04,0.027537725465845944,v3
2025-04-05,0.027078034535967348,v3
2025-04-06,0.027088302938511468,v3
2025-04-07,0.025849587016050765,v3
2025-04-08,0.02524049126324748,v3
2025-04-09,0.02572146120625048,v3
2025-04-10,0.027094414447388433,v3
2025-04-11,0.03108147893563346,v3
2025-04-12,0.031921078339633036,v3
2025-04-13,0.031189842484312787,v3
2025-04-14,0.03100872100852182,v3
2025-04-15,0.027772906597472596,v3
2025-04-16,0.02701037903747702,v3
2025-04-17,0.025794939931641846,v3
2025-04-18,0.02618622740699849,v3
2025-04-19,0.025268334788052318,v3
2025-04-20,0.02495197273374207,v3
2025-04-21,0.024838345295664605,v3
2025-04-22,0.025989095833971434,v3
2025-04-23,0.022616044184616046,v3
2025-04-24,0.022206229696028285,v3
2025-04-25,0.021631134117347794,v3
2025-04-26,0.025688082161916155,v3
2025-04-27,0.028266631383036176,v3
2025-04-28,0.028181557145936377,v3
2025-04-29,0.028566390632855165,v3
2025-04-30,0.0283534742076622,v3
2025-05-01,0.027959844769105895,v3
2025-05-02,0.02950859173711154,v3
2025-05-03,0.02927578034019354,v3
2025-05-04,0.029229802403616906,v3
2025-05-05,0.0301185602103122,v3
2025-05-06,0.032456990181206964,v3
2025-05-07,0.03320081240575198,v3
2025-05-08,0.030176518402513952,v3
2025-05-09,0.03340773087891055,v3
2025-05-10,0.03275709863379836,v3
2025-05-11,0.0326991920764305,v3
2025-05-12,0.033848582035310444,v3
2025-05-13,0.03727589784517479,v3
2025-05-14,0.03623535930975583,v3
2025-05-15,0.036554610298443174,v3
2025-05-16,0.03787035530839838,v3
2025-05-17,0.039056017328071915,v3
2025-05-18,0.038552296482272944,v3
2025-05-19,0.03840788933017107,v3
2025-05-20,0.0387478853682315,v3
2025-05-21,0.03804293211994314,v3
2025-05-22,0.03870527297520178,v3
2025-05-23,0.03761506209613761,v3
2025-05-24,0.03921218858356584,v3
2025-05-25,0.03947876757953314,v3
2025-05-26,0.038551554394503335,v3
2025-05-27,0.03795711548198163,v3
2025-05-28,0.03821668551988862,v3
2025-05-29,0.039186726422214095,v3
2025-05-30,0.04048993679987506,v3
2025-05-31,0.03778492051454405,v3
2025-06-01,0.03870549302136969,v3
2025-06-02,0.038882909898134886,v3
2025-06-03,0.039473324196888294,v3
2025-06-04,0.04025643493817896,v3
2025-06-05,0.04266609365004402,v3
2025-06-06,0.04336695305026375,v3
2025-06-07,0.043299661669301666,v3
2025-06-08,0.04231924600382517,v3
2025-06-09,0.04252859586912014,v3
2025-06-10,0.05165274339842356,v3
2025-06-11,0.04023866127047729,v3
2025-06-12,0.044377280656677676,v3
2025-06-13,0.044758341470958835,v3
2025-06-14,0.0449702762275962,v3
2025-06-15,0.04817629776074768,v3
2025-06-16,0.04538092550976052,v3
2025-06-17,0.03255844757433367,v3
2025-06-18,0.033385227601268275,v3
2025-06-19,0.03362104950015798,v3
2025-06-20,0.034097505443216373,v3
2025-06-21,0.03651249523891794,v3
2025-06-22,0.0362315477203343,v3
2025-06-23,0.03699385542216904,v3
2025-06-24,0.03786327040420529,v3
2025-06-25,0.03750008968206491,v3
2025-06-26,0.036775334139018276,v3
2025-06-27,0.037588689511206294,v3
2025-06-28,0.03864222281741168,v3
2025-06-29,0.03788472454185083,v3
2025-06-30,0.03624521215234463,v3
2025-07-01,0.03780365027738958,v3
2025-07-02,0.039740423594659,v3
2025-07-03,0.03961409104011411,v3
2025-07-04,0.03939335578394412,v3
2025-07-05,0.039593078946948475,v3
2025-07-06,0.03979385570941088,v3
2025-07-07,0.039859466491893134,v3
2025-07-08,0.04116858112196248,v3
2025-07-09,0.038075325750760565,v3
2025-07-10,0.034524886749385635,v3
2025-07-11,0.03701602325339798,v3
2025-07-12,0.0359177526898271,v3
2025-07-13,0.03594993273359293,v3
2025-07-14,0.0368850187203075,v3
2025-07-15,0.03502747614702096,v3
2025-07-16,0.036308915120601075,v3
2025-07-17,0.03892113524441359,v3
2025-07-18,0.03634049989829224,v3
2025-07-19,0.039750862053155554,v3
2025-07-20,0.03456906955826281,v3
2025-07-21,0.03806455898328664,v3
2025-07-22,0.03776447232788147,v3
2025-07-23,0.039248890923963865,v3
2025-07-24,0.03593965994019451,v3
2025-07-25,0.03698364193732678,v3
2025-07-26,0.03807924006736879,v3
2025-07-27,0.03946121420579876,v3
2025-07-28,0.03812420135988678,v3
2025-07-29,0.03950918356083654,v3
2025-07-30,0.04114306216298089,v3
2025-07-31,0.04060250262431668,v3
2025-08-01,0.04358862303961032,v3
2025-08-02,0.04036845277382161,v3
2025-08-03,0.04103354759768149,v3
2025-08-04,0.04221148142896069,v3
2025-08-05,0.04170252659446822,v3
2025-08-06,0.04168159759535359,v3
2025-08-07,0.0401625189104581,v3
2025-08-08,0.03821777478656846,v3
2025-08-09,0.03969880040736345,v3
2025-08-10,0.03990379279272942,v3
2025-08-11,0.041253223008432933,v3
2025-08-12,0.04200224624695642,v3
2025-08-13,0.04442390180138896,v3
2025-08-14,0.04755687442545941,v3
2025-08-15,0.04270424430250577,v3
2025-08-16,0.04511467583669629,v3
2025-08-17,0.045694315183385105,v3
2025-08-18,0.046943899409810384,v3
2025-08-19,0.04617588893850909,v3
2025-08-20,0.04541970142358012,v3
2025-08-21,0.044837406369536204,v3
2025-08-22,0.04791542948960787,v3
2025-08-23,0.04820767980807027,v3
2025-08-24,0.047245531735513935,v3
2025-08-25,0.047591354955443,v3
2025-08-26,0.04485283545624118,v3
2025-08-27,0.04303859638718236,v3
2025-08-28,0.04215673628335872,v3
2025-08-29,0.04102376984331425,v3
2025-08-30,0.040607873598330874,v3
2025-08-31,0.04023074518773779,v3
2025-09-01,0.04006090105441614,v3
2025-09-02,0.040151776336346444,v3
2025-09-03,0.04117244950639291,v3
2025-09-04,0.043036491311729874,v3
2025-09-05,0.04406703369353189,v3
2025-09-06,0.04283335795965017,v3
2025-09-07,0.043065972804131554,v3
2025-09-08,0.04322340107213144,v3
2025-09-09,0.04572117314877325,v3
2025-09-10,0.04812721271808722,v3
2025-09-11,0.05008752974270161,v3
2025-09-12,0.04634943138595937,v3
2025-09-13,0.04414554361532797,v3
2025-09-14,0.04396316891134691,v3
2025-09-15,0.04537709059510981,v3
2025-09-16,0.04485953410454066,v3
2025-09-17,0.046237828887584036,v3
2025-09-18,0.05161020243755754,v3
2025-09-19,0.05112966135073844,v3
2025-09-20,0.05154025525931358,v3
2025-09-21,0.05013824970732493,v3
2025-09-22,0.049283773474328385,v3
2025-09-23,0.04839116488447292,v3
2025-09-24,0.04371253497811761,v3
2025-09-25,0.04340014137070613,v3
2025-09-26,0.04083266407655324,v3
2025-09-27,0.03929081794727545,v3
2025-09-28,0.03838654673265575,v3
2025-09-29,0.038037253389091044,v3
2025-09-30,0.03787376896768091,v3
2025-10-01,0.03995228336048549,v3
2025-10-02,0.040135496239431925,v3
2025-10-03,0.03694993463606907,v3
2025-10-04,0.036157547623005985,v3
2025-10-05,0.03707221645129949,v3
2025-10-06,0.03778718363875819,v3
2025-10-07,0.036768287384465206,v3
2025-10-08,0.03800009440443452,v3
2025-10-09,0.03779101000490669,v3
2025-10-10,0.03903341673710089,v3
2025-10-11,0.03616206309893473,v3
2025-10-12,0.035783889571800814,v3
2025-10-13,0.035908079117368354,v3
2025-10-14,0.038029788670667176,v3
2025-10-15,0.03628270390243414,v3
2025-10-16,0.037486448655303255,v3
2025-10-17,0.0371759173393413,v3
2025-10-18,0.03548552823683227,v3
2025-10-19,0.03866107044786588,v3
2025-10-20,0.03869627148869263,v3
2025-10-21,0.04005013711179135,v3
2025-10-22,0.03855829625330963,v3
2025-10-23,0.03809384101588582,v3
2025-10-24,0.03856275317720843,v3
2025-10-25,0.03593584362465885,v3
2025-10-26,0.0358568982484757,v3
2025-10-27,0.035626291364257455,v3
2025-10-28,0.0362118199261559,v3
2025-10-29,0.0363043088479943,v3
2025-10-30,0.036080586742192576,v3
2025-10-31,0.03674054904593986,v3
2025-11-01,0.03949344216187315,v3
2025-11-02,0.03985275238632006,v3
2025-11-03,0.03858066010528701,v3
2025-11-04,0.03795284732284403,v3
2025-11-05,0.04707711299054278,v3
2025-11-06,0.042226620652109685,v3
2025-11-07,0.04912797128787718,v3
2025-11-08,0.06802601091535046,v3
2025-11-09,0.05188312161718264,v3
2025-11-10,0.0493468808272582,v3
2025-11-11,0.0439749498290078,v3
2025-11-12,0.044571763294043575,v3
2025-11-13,0.04251010828556066,v3
2025-11-14,0.04269918122917605,v3
2025-11-15,0.04215911029589636,v3
2025-11-16,0.04198038393483478,v3
2025-11-17,0.04406584893734148,v3
2025-11-18,0.0434769001165854,v3
2025-11-19,0.04158219812786424,v3
2025-11-20,0.04020663125913868,v3
2025-11-21,0.03883203748962419,v3
2025-11-22,0.03802319043798772,v3
2025-11-23,0.04017479412641868,v3
2025-11-24,0.039230832891176404,v3
2025-11-25,0.03894014479153222,v3
2025-11-26,0.03893971832540747,v3
2025-11-27,0.033871926915699714,v3
2025-11-28,0.03364759523791377,v3
2025-11-29,0.031650209348241996,v3
2025-11-30,0.03527919202070198,v3
2025-12-01,0.034027815410636604,v3
2025-12-02,0.03414785012143676,v3
2025-12-03,0.03276310341182714,v3
2025-12-04,0.033806144922218645,v3
2025-12-05,0.03315162217333064,v3
2025-12-06,0.03306888304965805,v3
2025-12-07,0.03307702808982282,v3
2025-12-08,0.033564378862936006,v3
2025-12-09,0.03265636678217843,v3
2025-12-10,0.0334111429058622,v3
2025-12-11,0.03567122666400413,v3
2025-12-12,0.0359243130262591,v3
2025-12-13,0.03481890201039812,v3
2025-12-14,0.034431848785902684,v3
2025-12-15,0.03406836608047919,v3
2025-12-16,0.03502884202331711,v3
2025-12-17,0.03471373984648417,v3
2025-12-18,0.03400022639695829,v3
2025-12-19,0.03280663053491142,v3
2025-12-20,0.03049291870587497,v3
2025-12-21,0.030227725762735844,v3
2025-12-22,0.030591434480178547,v3
2025-12-23,0.031187040185336235,v3
2025-12-24,0.03038412568135234,v3
2025-12-25,0.032050186834318345,v3
2025-12-26,0.031801822457267793,v3
2025-12-27,0.03103823390916851,v3
2025-12-28,0.030975814992827862,v3
2025-12-29,0.03050753448360585,v3
2025-12-30,0.03002945378439338,v3
2025-12-31,0.0318577302388595,v3
2026-01-01,0.035858005941387223,v3
2026-01-02,0.03571739973294034,v3
2026-01-03,0.034967805031957726,v3
2026-01-04,0.035544562678638515,v3
2026-01-05,0.035350934747532176,v3
2026-01-06,0.03268117222635623,v3
2026-01-07,0.03331318439075945,v3
2026-01-08,0.0344384094069383,v3
2026-01-09,0.03451067675060647,v3
2026-01-10,0.034800077710230436,v3
2026-01-11,0.034386296309574266,v3
2026-01-12,0.03555279682002992,v3
2026-01-13,0.03584461435073425,v3
2026-01-14,0.03629966060112964,v3
2026-01-15,0.0345793094502187,v3
2026-01-16,0.03405833191553215,v3
2026-01-17,0.03386165141254281,v3
2026-01-18,0.03407468983643135,v3
2026-01-19,0.033490891250938216,v3
2026-01-20,0.03373781574880103,v3
2026-01-21,0.03716656989544687,v3
2026-01-22,0.03885776030799457,v3
2026-01-23,0.03722464281383294,v3
2026-01-24,0.03786127914554183,v3
2026-01-25,0.03794899164335555,v3
2026-01-26,0.038270105686971624,v3
2026-01-27,0.0402715191516311,v3
2026-01-28,0.039568221313637075,v3
2026-01-29,0.04068760006204422,v3
2026-01-30,0.04563568132498494,v3
2026-01-31,0.03876860674773831,v3
2026-02-01,0.03789266024006362,v3
2026-02-02,0.03658312064363753,v3
2026-02-03,0.03538504523311347,v3
2026-02-04,0.033470617493585555,v3
2026-02-05,0.031192226592131698,v3
2026-02-06,0.02960778520094524,v3
2026-02-07,0.02587634368483895,v3
2026-02-08,0.023277436064002826,v3
2026-02-09,0.02237890342638639,v3
2026-02-10,0.022213574412134614,v3
2026-02-11,0.023722601003266612,v3
2026-02-12,0.023219879676017845,v3
2026-02-13,0.023012050414179426,v3
2026-02-14,0.02351882981829154,v3
2026-02-15,0.023377708212185027,v3
2026-02-16,0.023184910186482215,v3
2026-02-17,0.02303221835065195,v3
2026-02-18,0.02309034827519125,v3
2026-02-19,0.02288367157550709,v3
2026-02-20,0.02239576941612848,v3
2026-02-21,0.022415940865397145,v3
2026-02-22,0.0224845899560099,v3
2026-02-23,0.022357073102318034,v3
2026-02-24,0.021010138639396377,v3
2026-02-25,0.02028049772783574,v3
2026-02-26,0.020284345742531146,v3
2026-02-27,0.01981957953274106,v3
2026-02-28,0.01991663143057972,v3
2026-03-01,0.019778760790490863,v3
2026-03-02,0.01983415239564019,v3
2026-03-03,0.020320644890836466,v3
2026-03-04,0.020215002599980207,v3
2026-03-05,0.019931045855644272,v3
2026-03-06,0.019975186818943693,v3
2026-03-07,0.015620361630817063,v3
2026-03-08,0.015952360208649655,v3
2026-03-09,0.016290693641507453,v3
2026-03-10,0.017097544219058146,v3
2026-03-11,0.017327355341826122,v3
2026-03-12,0.017693116804308556,v3
2026-03-13,0.017524690331864292,v3
2026-03-14,0.018367429022195007,v3
2026-03-15,0.01827850073678281,v3
2026-03-16,0.018756906834739177,v3
2026-03-17,0.01864143469889105,v3
2026-03-18,0.01847051101292447,v3
2026-03-19,0.020307709184622876,v3
2026-03-20,0.020296229997012256,v3
2026-03-21,0.02064270458973738,v3
2026-03-22,0.02104564793424302,v3
2026-03-23,0.021613427103988662,v3
2026-03-24,0.02187774156300972,v3
2026-03-25,0.022308854354398947,v3
2026-03-26,0.021476409130514358,v3
2026-03-27,0.02182467520814129,v3
2026-03-28,0.02124934825196986,v3
2026-03-29,0.0214244481178896,v3
2026-03-30,0.02298067883210669,v3
2026-03-31,0.02512069724406034,v3
2026-04-01,0.026557394950734944,v3
2026-04-02,0.02584368292163371,v3
2026-04-03,0.027084296629221034,v3
2026-04-04,0.02523227103401343,v3
2026-04-05,0.02527495720762209,v3
2026-04-06,0.02482652287039694,v3
2026-04-07,0.024134784583412356,v3
2026-04-08,0.025864956210908792,v3
2026-04-09,0.02429371414379889,v3
2026-04-10,0.02409917077576357,v3
2026-04-11,0.023020560361648148,v3
2026-04-12,0.022832414155736006,v3
2026-04-13,0.022754291686121465,v3
2026-04-14,0.02290909288567865,v3
2026-04-15,0.023433530434133532,v3
2026-04-16,0.02446845667839872,v3
2026-04-17,0.024632705057759403,v3
2026-04-18,0.023135316192283532,v3
2026-04-19,0.12599410967269958,v3
2026-04-20,0.12599998273997687,v3
2026-04-21,0.12599994023107589,v3
2026-04-22,0.12593476375922635,v3
2026-04-23,0.10977310294435862,v3
2026-04-24,0.07884575880575581,v3
2026-04-25,0.057393773285958245,v3
2026-04-26,0.055282242079776736,v3
2026-04-27,0.04041593831694083,v3
2026-04-28,0.04749874892181428,v3
2026-04-29,0.03774291373376535,v3
2026-04-30,0.040172191807754935,v3
2026-05-01,0.03478314954178587,v3
2026-05-02,0.037141547694446934,v3
2026-05-03,0.034295441994512225,v3
2026-05-04,0.033104517050719484,v3
2026-05-05,0.03878148733942129,v3
2026-05-06,0.035568542584924576,v3
2026-05-07,0.03263256305718097,v3
2026-05-08,0.03238638349818415,v3
2026-05-09,0.0372743442315051,v3
2026-05-10,0.032929347423812455,v3
2026-05-11,0.03271013626943262,v3
2026-05-12,0.03462737111758445,v3
2026-05-13,0.03509786868634754,v3
2026-05-14,0.035143006978017054,v3
2026-05-15,0.03289721484751375,v3
2026-05-16,0.033065432336793536,v3
2026-05-17,0.03309017424021708,v3
2026-05-18,0.03303274609420779,v3
2026-05-19,0.0328637803324801,v3
2026-05-20,0.04648229233350565,v3
2026-05-21,0.0422708798337588,v3
2026-05-22,0.040990546020500576,v3
2026-05-23,0.038550705605572694,v3
2026-05-24,0.03414467969347553,v3
2026-05-25,0.03759756535634248,v3
2026-05-26,0.038705173378642814,v3
2026-05-27,0.03665472194886345,v3
2026-05-28,0.034450224821644206,v3
2026-05-29,0.03293950394722649,v3
2026-05-30,0.03261936781562112,v3
2026-05-31,0.03273838367353853,v3
2026-06-01,0.032480786534616245,v3
2026-06-02,0.032034022317206534,v3
2026-06-03,0.0328944357869555,v3
2026-06-04,0.03241721051840787,v3
2026-06-05,0.03186748564972383,v3
2026-06-06,0.030028787636612767,v3
2026-06-07,0.031114361492881108,v3
2026-06-08,0.029386408077092516,v3
2026-06-09,0.02982058735212524,v3
2026-06-10,0.03065213081591953,v3
2026-06-11,0.032025832641379356,v3
2026-06-12,0.032067978536160904,v3
2026-06-13,0.03157953455643598,v3
2026-06-14,0.03148387416455078,v3
2026-06-15,0.031049331408073932,v3
2026-06-16,0.030699149552978856,v3
2026-06-17,0.03094466256269009,v3
2026-06-18,0.031085661088207123,v3
2026-06-19,0.031228184342016546,v3
2026-06-20,0.03118294039503616,v3
2026-06-21,0.031381662755114684,v3
2026-06-22,0.03122936257036457,v3
2026-06-23,0.031394839014835516,v3
2026-06-24,0.03140802273029444,v3
2026-06-25,0.03217279052868318,v3
2026-06-26,0.03197777003347146,v3
2026-06-27,0.031917068568463214,v3
2026-06-28,0.03147582379225656,v3
2026-06-29,0.03162265961617813,v3
2026-06-30,0.031035193173045778,v3
2026-07-01,0.05817609558528745,v3
2026-07-02,0.04159549726791336,v3
2026-07-03,0.030425718449226775,v3
2026-07-04,0.02994583831049386,v3
2026-07-05,0.029727407695988167,v3
2026-07-06,0.02971002443002821,v3
2026-07-07,0.029984881433557396,v3
2026-07-08,0.030276688932382344,v3
2026-07-09,0.03148929549894289,v3
2026-07-10,0.03278355569312924,v3
2026-07-11,0.03224821307025417,v3
2026-07-12,0.03232853344062899,v3
2026-07-13,0.03208691625532153,v3
2026-07-14,0.0324931727217219,v3
2026-07-15,0.032691525579398986,v3
2026-07-16,0.03235964779039085,v3
2026-07-17,0.03227091568788493,v3
2026-07-18,0.03216862180484975,v3
2026-07-19,0.0320833082483675,v3
2026-07-20,0.03173251907975616,v3
2026-07-21,0.03244775996566199,v3
2026-07-22,0.031783399866128166,v3
2026-07-23,0.03152059934313129,v3
2026-07-24,0.03148320778797206,v3
2026-07-25,0.03131450490142653,v3
2026-07-26,0.031223611660601377,v3
2026-07-27,0.03147817467325279,v3
2026-07-28,0.03147725713439234,v3
2026-07-29,0.03192937952707126,v3
2026-07-30,0.031900656362608366,v3
2026-07-31,0.03342162428735933,v3
2026-08-01,0.03260582656208753,v3
2026-08-02,0.03273419645348187,v3
2026-08-03,0.03242482242308657,v3
2026-08-04,0.03301381862917202,v3
2026-08-05,0.03785165949648642,v3
2026-08-06,0.03339212607682567,v3
2026-08-07,0.032833127386315046,v3
2026-08-08,0.033035319899669846,v3
2026-08-09,0.032949035555643026,v3
2026-08-10,0.033055529440450974,v3
2026-08-11,0.032300593307352535,v3
2026-08-12,0.032700615523419956,v3
2026-08-13,0.03286983133371194,v3
2026-08-14,0.03308130018380843,v3
2026-08-15,0.032812294360107463,v3
2026-08-16,0.03289281621960052,v3
2026-08-17,0.03300280619549,v3
2026-08-18,0.03287158161185249,v3
2026-08-19,0.03286698765957379,v3
2026-08-20,0.03700319756373191,v3
2026-08-21,0.03305131866655752,v3
2026-08-22,0.03292834407653696,v3
2026-08-23,0.032508165514871616,v3
2026-08-24,0.03288275521444557,v3
2026-08-25,0.03799458492324477,v3
2026-08-26,0.038701397752165585,v3
2026-08-27,0.031107757503785236,v3
2026-08-28,0.03235399653784754,v3
2026-08-29,0.0329076072945994,v3
2026-08-30,0.0326438440123885,v3
2026-08-31,0.032733367923370636,v3
2026-09-01,0.03295987373808087,v3
2026-09-02,0.03389648784875712,v3
2026-09-03,0.03529432470813867,v3
2026-09-04,0.035324825134800675,v3
2026-09-05,0.03590239767472818,v3
2026-09-06,0.035984002714563326,v3
2026-09-07,0.03580895168684076,v3
2026-09-08,0.03622647099247576,v3
2026-09-09,0.03635183668293413,v3
2026-09-10,0.037114425099234634,v3
2026-09-11,0.03536219061707649,v3
2026-09-12,0.03521662948474884,v3
2026-09-13,0.0351044061260298,v3
2026-09-14,0.03572275138544164,v3
2026-09-15,0.035701688943362606,v3
2026-09-16,0.035754073039639706,v3
2026-09-17,0.0358773594080236,v3
