date,ETHUSDT,BTCUSDT
2019-01-01,139.1,3797.14
2019-01-02,152.01,3858.56
2019-01-03,146.3,3766.78
2019-01-04,151.97,3792.01
2019-01-05,152.83,3770.96
2019-01-06,153.86,3987.6
2019-01-07,149.34,3975.45
2019-01-08,147.6,3955.13
2019-01-09,148.1,3966.65
2019-01-10,124.95,3585.88
2019-01-11,124.65,3601.31
2019-01-12,123.35,3583.13
2019-01-13,114.16,3476.81
2019-01-14,126.95,3626.09
2019-01-15,118.95,3553.06
2019-01-16,121.48,3591.84
2019-01-17,121.54,3616.21
2019-01-18,119.17,3594.87
2019-01-19,122.6,3665.3
2019-01-20,117.47,3539.28
2019-01-21,115.63,3526.9
2019-01-22,117.81,3570.93
2019-01-23,116.44,3552.82
2019-01-24,116.39,3569.62
2019-01-25,115.11,3565.29
2019-01-26,115.34,3565.25
2019-01-27,112.05,3550.84
2019-01-28,105.5,3434.15
2019-01-29,104.45,3411.04
2019-01-30,108.29,3458.18
2019-01-31,106.44,3434.1
2019-02-01,106.73,3462.07
2019-02-02,110.42,3504.77
2019-02-03,107.36,3458.11
2019-02-04,107.68,3463.22
2019-02-05,107.27,3471.59
2019-02-06,104.5,3405.37
2019-02-07,104.48,3398.4
2019-02-08,119.25,3659.04
2019-02-09,119.19,3665.18
2019-02-10,125.12,3680.06
2019-02-11,120.89,3631.05
2019-02-12,122.41,3631.46
2019-02-13,121.86,3609.4
2019-02-14,120.42,3590.56
2019-02-15,121.67,3602.47
2019-02-16,122.67,3618.41
2019-02-17,133.75,3667.58
2019-02-18,145.69,3898.6
2019-02-19,143.44,3907.79
2019-02-20,148.44,3969.74
2019-02-21,145.69,3937.31
2019-02-22,147.36,3962.0
2019-02-23,157.79,4117.76
2019-02-24,132.1,3743.56
2019-02-25,137.87,3827.92
2019-02-26,136.22,3809.23
2019-02-27,135.02,3818.07
2019-02-28,135.34,3813.69
2019-03-01,135.32,3823.0
2019-03-02,132.56,3819.93
2019-03-03,130.6,3807.75
2019-03-04,125.65,3715.3
2019-03-05,136.72,3857.73
2019-03-06,137.4,3861.84
2019-03-07,136.81,3873.64
2019-03-08,133.52,3864.89
2019-03-09,137.27,3943.04
2019-03-10,135.37,3916.82
2019-03-11,132.67,3871.61
2019-03-12,133.57,3882.73
2019-03-13,131.65,3866.0
2019-03-14,132.2,3877.12
2019-03-15,136.56,3923.76
2019-03-16,140.92,4005.98
2019-03-17,138.67,3981.14
2019-03-18,137.59,3987.81
2019-03-19,138.55,4015.53
2019-03-20,139.01,4043.04
2019-03-21,134.85,3980.64
2019-03-22,135.98,3986.93
2019-03-23,137.28,4006.01
2019-03-24,136.09,3992.18
2019-03-25,133.98,3936.12
2019-03-26,134.18,3948.55
2019-03-27,139.45,4038.05
2019-03-28,137.86,4027.81
2019-03-29,143.25,4103.25
2019-03-30,142.46,4106.97
2019-03-31,141.38,4103.95
2019-04-01,141.24,4144.56
2019-04-02,163.31,4857.29
2019-04-03,159.96,4932.6
2019-04-04,157.36,4898.66
2019-04-05,164.77,5004.95
2019-04-06,165.5,5043.89
2019-04-07,174.21,5170.27
2019-04-08,178.72,5236.9
2019-04-09,174.6,5150.0
2019-04-10,177.12,5308.25
2019-04-11,164.07,5017.37
2019-04-12,163.19,5048.01
2019-04-13,162.99,5045.22
2019-04-14,167.23,5131.3
2019-04-15,159.95,5024.95
2019-04-16,165.37,5173.72
2019-04-17,165.75,5202.82
2019-04-18,173.33,5258.44
2019-04-19,172.64,5258.68
2019-04-20,172.88,5291.73
2019-04-21,168.59,5256.14
2019-04-22,170.52,5357.14
2019-04-23,169.16,5493.31
2019-04-24,164.78,5415.0
2019-04-25,154.72,5219.9
2019-04-26,157.95,5314.1
2019-04-27,159.31,5295.69
2019-04-28,157.85,5307.52
2019-04-29,155.11,5238.14
2019-04-30,161.83,5320.81
2019-05-01,160.19,5383.2
2019-05-02,161.81,5492.87
2019-05-03,168.06,5772.69
2019-05-04,163.7,5829.45
2019-05-05,163.05,5775.62
2019-05-06,173.0,5747.79
2019-05-07,169.18,5846.34
2019-05-08,170.85,5987.29
2019-05-09,170.9,6209.18
2019-05-10,172.91,6373.33
2019-05-11,190.2,7076.22
2019-05-12,188.11,6967.31
2019-05-13,195.84,7790.71
2019-05-14,216.4,7947.56
2019-05-15,248.1,8169.87
2019-05-16,264.25,7866.59
2019-05-17,244.3,7355.26
2019-05-18,233.6,7257.45
2019-05-19,259.51,8148.48
2019-05-20,250.37,7938.15
2019-05-21,253.43,7904.87
2019-05-22,243.64,7628.43
2019-05-23,244.56,7851.51
2019-05-24,248.87,7964.87
2019-05-25,250.22,8025.41
2019-05-26,264.45,8614.43
2019-05-27,270.53,8756.32
2019-05-28,271.03,8715.64
2019-05-29,268.83,8645.68
2019-05-30,254.56,8269.54
2019-05-31,267.9,8555.0
2019-06-01,264.33,8544.07
2019-06-02,268.88,8725.98
2019-06-03,249.91,8115.82
2019-06-04,241.39,7687.03
2019-06-05,245.63,7776.5
2019-06-06,248.76,7786.7
2019-06-07,248.77,7980.53
2019-06-08,243.25,7893.62
2019-06-09,230.98,7628.13
2019-06-10,246.51,7982.75
2019-06-11,244.29,7884.9
2019-06-12,261.15,8127.64
2019-06-13,254.67,8218.54
2019-06-14,262.47,8650.0
2019-06-15,267.82,8808.7
2019-06-16,267.73,8953.33
2019-06-17,273.16,9313.96
2019-06-18,264.66,9081.55
2019-06-19,268.14,9255.49
2019-06-20,271.22,9517.12
2019-06-21,294.35,10159.86
2019-06-22,310.79,10729.5
2019-06-23,308.52,10906.07
2019-06-24,311.64,11056.59
2019-06-25,318.26,11820.86
2019-06-26,339.39,13093.8
2019-06-27,298.35,11329.99
2019-06-28,311.05,12400.63
2019-06-29,317.62,11903.13
2019-06-30,292.7,10854.1
2019-07-01,295.07,10624.93
2019-07-02,291.48,10842.85
2019-07-03,301.14,11940.0
2019-07-04,282.73,11145.67
2019-07-05,287.47,10970.73
2019-07-06,288.29,11256.49
2019-07-07,304.72,11406.24
2019-07-08,311.97,12238.6
2019-07-09,307.46,12543.41
2019-07-10,289.23,12108.37
2019-07-11,268.63,11342.89
2019-07-12,274.62,11757.22
2019-07-13,268.79,11355.76
2019-07-14,225.85,10174.18
2019-07-15,228.2,10838.72
2019-07-16,198.88,9439.59
2019-07-17,210.81,9667.92
2019-07-18,225.73,10627.16
2019-07-19,220.73,10504.29
2019-07-20,228.2,10740.23
2019-07-21,225.38,10589.45
2019-07-22,217.51,10340.31
2019-07-23,212.48,9864.91
2019-07-24,216.31,9763.28
2019-07-25,219.14,9879.87
2019-07-26,218.81,9824.0
2019-07-27,207.3,9476.52
2019-07-28,211.62,9541.54
2019-07-29,210.89,9507.64
2019-07-30,209.58,9574.21
2019-07-31,218.42,10080.53
2019-08-01,216.84,10374.99
2019-08-02,217.61,10523.75
2019-08-03,222.14,10816.86
2019-08-04,221.79,10929.23
2019-08-05,233.54,11828.8
2019-08-06,226.28,11481.69
2019-08-07,226.1,11975.03
2019-08-08,221.39,11999.77
2019-08-09,210.53,11879.99
2019-08-10,206.48,11309.31
2019-08-11,216.42,11549.97
2019-08-12,211.41,11396.08
2019-08-13,209.3,10892.71
2019-08-14,187.1,10050.37
2019-08-15,188.03,10293.93
2019-08-16,184.88,10331.54
2019-08-17,185.59,10216.02
2019-08-18,194.33,10306.78
2019-08-19,202.28,10915.54
2019-08-20,196.6,10760.51
2019-08-21,187.45,10142.57
2019-08-22,190.35,10099.88
2019-08-23,194.02,10389.55
2019-08-24,190.6,10134.35
2019-08-25,186.54,10142.69
2019-08-26,188.67,10372.25
2019-08-27,187.24,10185.05
2019-08-28,173.03,9721.0
2019-08-29,169.01,9498.44
2019-08-30,168.5,9584.54
2019-08-31,171.57,9587.47
2019-09-01,170.74,9724.98
2019-09-02,178.05,10340.0
2019-09-03,178.75,10615.28
2019-09-04,174.72,10567.02
2019-09-05,173.75,10564.49
2019-09-06,169.08,10298.73
2019-09-07,177.62,10455.88
2019-09-08,181.19,10381.18
2019-09-09,180.54,10303.12
2019-09-10,179.81,10098.15
2019-09-11,178.28,10158.33
2019-09-12,180.72,10415.01
2019-09-13,180.95,10342.06
2019-09-14,188.13,10335.02
2019-09-15,189.03,10302.01
2019-09-16,197.22,10251.31
2019-09-17,207.84,10187.82
2019-09-18,210.21,10156.99
2019-09-19,220.24,10244.29
2019-09-20,218.03,10168.59
2019-09-21,215.05,9986.39
2019-09-22,211.2,10028.87
2019-09-23,201.29,9702.25
2019-09-24,165.81,8493.14
2019-09-25,169.96,8430.05
2019-09-26,165.92,8063.73
2019-09-27,173.79,8177.91
2019-09-28,173.49,8198.81
2019-09-29,169.24,8043.82
2019-09-30,180.85,8289.34
2019-10-01,175.66,8292.44
2019-10-02,180.24,8359.94
2019-10-03,174.69,8223.96
2019-10-04,175.55,8137.13
2019-10-05,176.25,8126.19
2019-10-06,170.1,7854.25
2019-10-07,179.85,8190.09
2019-10-08,180.6,8168.39
2019-10-09,192.62,8560.74
2019-10-10,191.14,8558.03
2019-10-11,180.72,8258.5
2019-10-12,179.68,8300.09
2019-10-13,180.99,8275.01
2019-10-14,186.72,8348.2
2019-10-15,180.49,8159.29
2019-10-16,174.47,7991.74
2019-10-17,177.16,8070.58
2019-10-18,172.74,7947.01
2019-10-19,171.79,7948.01
2019-10-20,175.22,8223.35
2019-10-21,173.98,8197.27
2019-10-22,171.2,8020.0
2019-10-23,162.35,7466.62
2019-10-24,160.38,7412.41
2019-10-25,181.5,8655.02
2019-10-26,179.49,9230.0
2019-10-27,183.75,9529.93
2019-10-28,181.72,9205.14
2019-10-29,190.46,9407.62
2019-10-30,183.13,9154.72
2019-10-31,182.18,9140.85
2019-11-01,182.85,9231.61
2019-11-02,182.91,9289.52
2019-11-03,181.54,9194.71
2019-11-04,185.71,9393.35
2019-11-05,188.68,9308.66
2019-11-06,191.16,9339.05
2019-11-07,186.68,9216.2
2019-11-08,183.74,8773.73
2019-11-09,184.89,8809.41
2019-11-10,188.96,9039.47
2019-11-11,184.98,8733.27
2019-11-12,187.09,8821.94
2019-11-13,188.11,8777.12
2019-11-14,184.92,8646.68
2019-11-15,180.0,8471.73
2019-11-16,182.37,8491.02
2019-11-17,183.82,8502.4
2019-11-18,178.2,8187.17
2019-11-19,175.94,8133.64
2019-11-20,174.72,8098.01
2019-11-21,161.01,7627.74
2019-11-22,149.56,7268.23
2019-11-23,151.84,7311.57
2019-11-24,139.96,6903.28
2019-11-25,145.69,7109.57
2019-11-26,147.47,7156.14
2019-11-27,152.62,7508.52
2019-11-28,150.72,7419.49
2019-11-29,154.57,7739.68
2019-11-30,151.37,7541.89
2019-12-01,150.73,7390.89
2019-12-02,148.65,7294.28
2019-12-03,147.17,7292.71
2019-12-04,145.38,7194.32
2019-12-05,148.1,7389.0
2019-12-06,148.45,7527.47
2019-12-07,147.14,7488.21
2019-12-08,150.44,7510.11
2019-12-09,147.38,7338.64
2019-12-10,145.56,7224.13
2019-12-11,143.39,7210.0
2019-12-12,144.87,7198.08
2019-12-13,144.8,7258.48
2019-12-14,141.79,7064.05
2019-12-15,142.46,7118.59
2019-12-16,132.73,6891.72
2019-12-17,121.88,6623.82
2019-12-18,132.78,7277.83
2019-12-19,128.1,7150.3
2019-12-20,128.19,7187.83
2019-12-21,126.99,7132.75
2019-12-22,132.09,7501.44
2019-12-23,127.8,7317.09
2019-12-24,127.75,7255.77
2019-12-25,125.09,7204.63
2019-12-26,125.58,7202.0
2019-12-27,126.29,7254.74
2019-12-28,128.11,7316.14
2019-12-29,134.36,7388.24
2019-12-30,131.59,7246.0
2019-12-31,129.16,7195.23
2020-01-01,130.77,7200.85
2020-01-02,127.19,6965.71
2020-01-03,134.35,7344.96
2020-01-04,134.2,7354.11
2020-01-05,135.37,7358.75
2020-01-06,144.15,7758.0
2020-01-07,142.8,8145.28
2020-01-08,140.72,8055.98
2020-01-09,137.74,7817.76
2020-01-10,144.84,8197.02
2020-01-11,142.38,8020.01
2020-01-12,146.54,8184.98
2020-01-13,143.58,8110.34
2020-01-14,165.64,8810.01
2020-01-15,166.4,8821.41
2020-01-16,164.21,8720.01
2020-01-17,169.85,8913.28
2020-01-18,174.14,8915.96
2020-01-19,166.79,8701.7
2020-01-20,166.87,8642.35
2020-01-21,169.49,8736.03
2020-01-22,168.07,8682.36
2020-01-23,162.81,8404.52
2020-01-24,162.54,8439.0
2020-01-25,160.35,8340.58
2020-01-26,167.86,8615.0
2020-01-27,170.08,8907.57
2020-01-28,175.64,9374.21
2020-01-29,173.72,9301.53
2020-01-30,184.69,9513.21
2020-01-31,179.99,9352.89
2020-02-01,183.6,9384.61
2020-02-02,188.44,9331.51
2020-02-03,189.69,9292.24
2020-02-04,188.91,9197.02
2020-02-05,203.78,9612.04
2020-02-06,213.19,9772.0
2020-02-07,223.33,9813.73
2020-02-08,223.05,9895.05
2020-02-09,228.49,10151.75
2020-02-10,222.89,9851.83
2020-02-11,236.69,10223.08
2020-02-12,265.74,10326.46
2020-02-13,268.32,10229.63
2020-02-14,285.15,10344.36
2020-02-15,264.88,9904.72
2020-02-16,258.85,9917.27
2020-02-17,267.85,9706.0
2020-02-18,282.61,10164.71
2020-02-19,258.45,9593.79
2020-02-20,256.96,9596.42
2020-02-21,265.27,9677.05
2020-02-22,261.57,9650.86
2020-02-23,274.48,9936.4
2020-02-24,265.52,9656.13
2020-02-25,246.67,9315.84
2020-02-26,223.93,8785.25
2020-02-27,227.79,8823.21
2020-02-28,226.76,8692.91
2020-02-29,217.21,8523.61
2020-03-01,217.81,8531.88
2020-03-02,231.97,8915.24
2020-03-03,223.91,8760.07
2020-03-04,224.26,8750.87
2020-03-05,228.38,9054.68
2020-03-06,244.88,9131.88
2020-03-07,237.23,8886.66
2020-03-08,199.43,8033.31
2020-03-09,202.81,7929.87
2020-03-10,200.7,7894.56
2020-03-11,194.61,7934.52
2020-03-12,107.82,4800.0
2020-03-13,134.06,5578.6
2020-03-14,122.54,5172.06
2020-03-15,123.78,5361.3
2020-03-16,111.02,5028.97
2020-03-17,115.67,5312.64
2020-03-18,118.11,5393.04
2020-03-19,136.3,6162.37
2020-03-20,133.48,6208.36
2020-03-21,132.66,6186.98
2020-03-22,122.32,5816.19
2020-03-23,135.92,6467.31
2020-03-24,138.42,6744.72
2020-03-25,136.1,6677.43
2020-03-26,138.4,6737.36
2020-03-27,131.33,6359.11
2020-03-28,130.98,6236.65
2020-03-29,124.5,5881.42
2020-03-30,132.06,6394.38
2020-03-31,132.72,6410.44
2020-04-01,135.69,6642.92
2020-04-02,141.28,6794.09
2020-04-03,141.31,6734.1
2020-04-04,144.1,6856.99
2020-04-05,142.68,6772.78
2020-04-06,171.32,7329.9
2020-04-07,164.63,7197.32
2020-04-08,173.11,7361.28
2020-04-09,169.52,7283.54
2020-04-10,157.81,6858.92
2020-04-11,158.33,6876.83
2020-04-12,158.59,6903.79
2020-04-13,156.29,6837.91
2020-04-14,158.45,6868.7
2020-04-15,152.73,6621.24
2020-04-16,172.29,7101.94
2020-04-17,170.69,7027.55
2020-04-18,187.4,7248.6
2020-04-19,180.03,7120.74
2020-04-20,170.2,6826.83
2020-04-21,170.74,6841.37
2020-04-22,182.7,7125.14
2020-04-23,185.51,7482.39
2020-04-24,187.59,7505.0
2020-04-25,194.21,7538.67
2020-04-26,197.38,7693.1
2020-04-27,196.34,7774.62
2020-04-28,196.24,7738.98
2020-04-29,215.36,8778.57
2020-04-30,206.08,8620.0
2020-05-01,212.02,8826.96
2020-05-02,213.9,8972.05
2020-05-03,209.86,8894.16
2020-05-04,206.48,8871.96
2020-05-05,205.29,9021.83
2020-05-06,198.97,9142.92
2020-05-07,212.0,9986.4
2020-05-08,211.31,9800.01
2020-05-09,210.07,9539.4
2020-05-10,187.54,8722.77
2020-05-11,185.73,8561.52
2020-05-12,189.76,8810.79
2020-05-13,199.58,9309.37
2020-05-14,203.29,9791.98
2020-05-15,194.86,9316.42
2020-05-16,200.45,9381.27
2020-05-17,207.0,9680.04
2020-05-18,214.91,9733.93
2020-05-19,214.58,9775.53
2020-05-20,209.98,9511.43
2020-05-21,198.74,9068.65
2020-05-22,207.36,9170.0
2020-05-23,206.6,9179.15
2020-05-24,199.9,8720.34
2020-05-25,204.15,8900.35
2020-05-26,200.89,8841.18
2020-05-27,208.29,9204.07
2020-05-28,220.21,9575.89
2020-05-29,220.67,9427.07
2020-05-30,243.66,9697.72
2020-05-31,231.57,9448.27
2020-06-01,248.23,10200.77
2020-06-02,237.71,9518.04
2020-06-03,244.52,9666.24
2020-06-04,243.21,9789.06
2020-06-05,240.03,9621.16
2020-06-06,241.94,9666.3
2020-06-07,244.56,9746.99
2020-06-08,246.4,9782.01
2020-06-09,243.8,9772.43
2020-06-10,247.78,9885.0
2020-06-11,230.51,9280.4
2020-06-12,237.55,9465.13
2020-06-13,238.11,9473.34
2020-06-14,231.77,9342.1
2020-06-15,230.86,9426.02
2020-06-16,235.3,9525.59
2020-06-17,233.82,9465.14
2020-06-18,231.27,9386.32
2020-06-19,229.0,9310.23
2020-06-20,228.89,9358.95
2020-06-21,228.04,9294.69
2020-06-22,243.13,9685.69
2020-06-23,243.14,9624.89
2020-06-24,234.58,9296.49
2020-06-25,232.5,9249.49
2020-06-26,229.64,9162.21
2020-06-27,220.94,9012.0
2020-06-28,224.93,9116.35
2020-06-29,227.93,9192.56
2020-06-30,225.6,9138.55
2020-07-01,230.99,9232.0
2020-07-02,226.46,9086.54
2020-07-03,224.87,9058.26
2020-07-04,229.17,9135.46
2020-07-05,227.56,9069.41
2020-07-06,241.6,9344.2
2020-07-07,239.39,9257.39
2020-07-08,246.95,9436.06
2020-07-09,241.98,9232.43
2020-07-10,241.26,9288.34
2020-07-11,239.19,9234.03
2020-07-12,242.79,9302.75
2020-07-13,239.5,9242.62
2020-07-14,240.44,9255.85
2020-07-15,238.61,9197.6
2020-07-16,233.57,9133.72
2020-07-17,232.67,9154.32
2020-07-18,235.67,9170.28
2020-07-19,239.11,9208.99
2020-07-20,236.01,9160.78
2020-07-21,245.59,9390.0
2020-07-22,263.74,9518.16
2020-07-23,275.3,9603.27
2020-07-24,279.15,9537.8
2020-07-25,305.26,9700.42
2020-07-26,311.0,9931.54
2020-07-27,321.93,11029.96
2020-07-28,316.77,10906.27
2020-07-29,317.71,11100.53
2020-07-30,334.87,11099.61
2020-07-31,346.33,11335.46
2020-08-01,387.0,11801.17
2020-08-02,372.42,11071.35
2020-08-03,385.94,11219.81
2020-08-04,389.61,11191.97
2020-08-05,400.72,11744.91
2020-08-06,394.77,11762.46
2020-08-07,379.34,11594.23
2020-08-08,397.03,11761.41
2020-08-09,390.14,11681.68
2020-08-10,395.44,11892.92
2020-08-11,379.0,11392.08
2020-08-12,387.18,11564.33
2020-08-13,424.54,11780.0
2020-08-14,438.11,11760.54
2020-08-15,432.32,11852.4
2020-08-16,433.62,11911.0
2020-08-17,430.89,12281.13
2020-08-18,421.95,11945.01
2020-08-19,407.46,11754.59
2020-08-20,415.94,11853.55
2020-08-21,387.97,11531.34
2020-08-22,395.24,11662.96
2020-08-23,390.71,11648.13
2020-08-24,407.68,11748.2
2020-08-25,382.93,11318.42
2020-08-26,385.81,11461.43
2020-08-27,383.27,11330.38
2020-08-28,395.11,11526.91
2020-08-29,398.65,11465.84
2020-08-30,428.94,11711.16
2020-08-31,433.79,11649.51
2020-09-01,475.4,11921.97
2020-09-02,439.5,11388.54
2020-09-03,381.4,10140.85
2020-09-04,385.26,10446.25
2020-09-05,335.01,10166.69
2020-09-06,352.8,10256.2
2020-09-07,353.59,10373.44
2020-09-08,337.39,10126.65
2020-09-09,350.85,10219.2
2020-09-10,367.93,10336.87
2020-09-11,373.63,10387.89
2020-09-12,387.78,10440.92
2020-09-13,366.42,10332.83
2020-09-14,377.12,10671.77
2020-09-15,364.06,10785.31
2020-09-16,365.11,10954.01
2020-09-17,389.36,10939.99
2020-09-18,384.39,10933.39
2020-09-19,385.25,11080.65
2020-09-20,371.04,10920.28
2020-09-21,340.36,10417.22
2020-09-22,344.21,10529.61
2020-09-23,320.72,10241.46
2020-09-24,348.97,10736.32
2020-09-25,351.92,10686.67
2020-09-26,353.92,10728.6
2020-09-27,357.49,10774.25
2020-09-28,353.96,10696.12
2020-09-29,359.79,10840.48
2020-09-30,359.83,10776.59
2020-10-01,352.85,10619.13
2020-10-02,345.6,10570.4
2020-10-03,345.95,10542.06
2020-10-04,352.37,10666.63
2020-10-05,353.62,10792.21
2020-10-06,340.75,10599.66
2020-10-07,341.58,10666.39
2020-10-08,350.95,10925.57
2020-10-09,365.02,11050.64
2020-10-10,370.52,11293.22
2020-10-11,374.16,11369.02
2020-10-12,386.51,11528.25
2020-10-13,381.04,11420.56
2020-10-14,378.69,11417.89
2020-10-15,377.64,11505.12
2020-10-16,365.5,11319.32
2020-10-17,368.32,11360.2
2020-10-18,378.11,11503.14
2020-10-19,379.3,11751.47
2020-10-20,368.52,11909.99
2020-10-21,390.38,12780.96
2020-10-22,413.98,12968.52
2020-10-23,409.11,12923.07
2020-10-24,412.14,13111.73
2020-10-25,405.86,13028.83
2020-10-26,392.52,13052.19
2020-10-27,403.45,13636.17
2020-10-28,388.23,13266.4
2020-10-29,387.13,13455.7
2020-10-30,382.49,13560.1
2020-10-31,386.46,13791.0
2020-11-01,396.67,13761.5
2020-11-02,383.02,13549.37
2020-11-03,387.88,14023.53
2020-11-04,402.49,14144.01
2020-11-05,416.69,15590.02
2020-11-06,455.91,15579.92
2020-11-07,435.21,14818.3
2020-11-08,454.3,15475.1
2020-11-09,444.32,15328.41
2020-11-10,450.34,15297.21
2020-11-11,463.09,15684.24
2020-11-12,462.39,16291.86
2020-11-13,476.43,16320.7
2020-11-14,460.89,16070.45
2020-11-15,448.08,15957.0
2020-11-16,460.55,16713.57
2020-11-17,482.15,17659.38
2020-11-18,478.41,17776.12
2020-11-19,471.25,17802.82
2020-11-20,510.12,18655.67
2020-11-21,552.35,18703.8
2020-11-22,560.03,18414.43
2020-11-23,608.58,18368.0
2020-11-24,604.97,19160.01
2020-11-25,569.5,18719.11
2020-11-26,519.83,17149.47
2020-11-27,518.68,17139.52
2020-11-28,537.52,17719.85
2020-11-29,576.3,18184.99
2020-11-30,616.66,19695.87
2020-12-01,585.26,18764.96
2020-12-02,596.89,19204.09
2020-12-03,615.85,19421.9
2020-12-04,567.24,18650.52
2020-12-05,596.8,19147.66
2020-12-06,601.54,19359.4
2020-12-07,591.28,19166.9
2020-12-08,554.94,18324.11
2020-12-09,573.09,18541.28
2020-12-10,558.99,18254.63
2020-12-11,544.43,18036.53
2020-12-12,568.04,18808.69
2020-12-13,590.7,19174.99
2020-12-14,586.29,19273.14
2020-12-15,588.64,19426.43
2020-12-16,637.18,21335.52
2020-12-17,642.7,22797.16
2020-12-18,653.85,23107.39
2020-12-19,658.03,23821.61
2020-12-20,638.18,23455.52
2020-12-21,607.58,22719.71
2020-12-22,636.45,23810.79
2020-12-23,585.56,23232.76
2020-12-24,612.31,23729.2
2020-12-25,626.82,24712.47
2020-12-26,637.44,26493.39
2020-12-27,685.11,26281.66
2020-12-28,730.41,27079.41
2020-12-29,732.0,27385.0
2020-12-30,752.17,28875.54
2020-12-31,736.42,28923.63
2021-01-01,728.91,29331.69
2021-01-02,774.56,32178.33
2021-01-03,978.28,33000.05
2021-01-04,1041.43,31988.71
2021-01-05,1099.56,33949.53
2021-01-06,1208.42,36769.36
2021-01-07,1224.87,39432.28
2021-01-08,1216.93,40582.81
2021-01-09,1276.0,40088.22
2021-01-10,1254.25,38150.02
2021-01-11,1087.01,35404.47
2021-01-12,1050.16,34051.24
2021-01-13,1129.89,37371.38
2021-01-14,1231.62,39144.5
2021-01-15,1168.53,36742.22
2021-01-16,1227.83,35994.98
2021-01-17,1232.45,35828.61
2021-01-18,1258.45,36631.27
2021-01-19,1365.36,35891.49
2021-01-20,1376.99,35468.23
2021-01-21,1110.96,30850.13
2021-01-22,1232.62,32945.17
2021-01-23,1233.6,32078.0
2021-01-24,1392.51,32259.9
2021-01-25,1317.88,32254.2
2021-01-26,1365.97,32467.77
2021-01-27,1239.03,30366.15
2021-01-28,1329.69,33364.86
2021-01-29,1379.5,34252.2
2021-01-30,1378.05,34262.88
2021-01-31,1312.55,33092.98
2021-02-01,1374.17,33526.37
2021-02-02,1511.87,35466.24
2021-02-03,1664.49,37618.87
2021-02-04,1595.67,36936.66
2021-02-05,1719.19,38290.24
2021-02-06,1676.35,39186.94
2021-02-07,1611.62,38795.69
2021-02-08,1750.15,46374.87
2021-02-09,1769.13,46420.42
2021-02-10,1740.78,44807.58
2021-02-11,1785.62,47969.51
2021-02-12,1840.26,47287.6
2021-02-13,1814.96,47153.69
2021-02-14,1800.42,48577.79
2021-02-15,1779.25,47911.1
2021-02-16,1781.99,49133.45
2021-02-17,1849.88,52119.71
2021-02-18,1939.61,51552.6
2021-02-19,1955.0,55906.0
2021-02-20,1913.0,55841.19
2021-02-21,1933.53,57408.57
2021-02-22,1777.58,54087.67
2021-02-23,1577.89,48891.0
2021-02-24,1623.39,49676.2
2021-02-25,1481.75,47073.73
2021-02-26,1444.59,46276.87
2021-02-27,1458.13,46106.43
2021-02-28,1419.18,45135.66
2021-03-01,1569.86,49587.03
2021-03-02,1486.78,48440.65
2021-03-03,1567.69,50349.37
2021-03-04,1539.23,48374.09
2021-03-05,1528.31,48751.71
2021-03-06,1650.35,48882.2
2021-03-07,1726.16,50971.75
2021-03-08,1833.18,52375.17
2021-03-09,1870.51,54884.5
2021-03-10,1795.12,55851.59
2021-03-11,1825.78,57773.16
2021-03-12,1766.1,57221.72
2021-03-13,1922.35,61188.39
2021-03-14,1848.1,58968.31
2021-03-15,1793.48,55605.2
2021-03-16,1805.12,56900.75
2021-03-17,1823.58,58912.97
2021-03-18,1776.08,57648.16
2021-03-19,1809.1,58030.01
2021-03-20,1806.1,58102.28
2021-03-21,1782.98,57351.56
2021-03-22,1680.97,54083.25
2021-03-23,1668.08,54340.89
2021-03-24,1581.84,52303.65
2021-03-25,1585.74,51293.78
2021-03-26,1698.84,55025.59
2021-03-27,1712.63,55817.14
2021-03-28,1687.01,55777.63
2021-03-29,1816.74,57635.47
2021-03-30,1840.46,58746.57
2021-03-31,1919.37,58740.55
2021-04-01,1968.05,58720.44
2021-04-02,2133.69,58950.01
2021-04-03,2008.52,57051.94
2021-04-04,2075.69,58202.01
2021-04-05,2107.38,59129.99
2021-04-06,2112.21,57991.15
2021-04-07,1963.47,55953.45
2021-04-08,2080.46,58077.52
2021-04-09,2066.87,58142.54
2021-04-10,2133.49,59769.13
2021-04-11,2151.36,60002.43
2021-04-12,2137.69,59860.0
2021-04-13,2299.19,63575.0
2021-04-14,2432.6,62959.53
2021-04-15,2514.04,63159.98
2021-04-16,2422.67,61334.8
2021-04-17,2317.6,60006.66
2021-04-18,2235.64,56150.01
2021-04-19,2161.12,55633.14
2021-04-20,2330.03,56425.0
2021-04-21,2357.06,53787.63
2021-04-22,2397.94,51690.96
2021-04-23,2367.39,51125.14
2021-04-24,2213.35,50047.84
2021-04-25,2320.49,49066.77
2021-04-26,2532.6,54001.39
2021-04-27,2666.13,55011.97
2021-04-28,2748.24,54846.22
2021-04-29,2757.04,53555.0
2021-04-30,2772.42,57694.27
2021-05-01,2944.77,57800.37
2021-05-02,2949.56,56578.21
2021-05-03,3431.04,57169.39
2021-05-04,3239.01,53200.01
2021-05-05,3524.26,57436.11
2021-05-06,3489.73,56393.68
2021-05-07,3479.53,57314.75
2021-05-08,3910.26,58862.05
2021-05-09,3923.95,58240.84
2021-05-10,3945.88,55816.14
2021-05-11,4173.45,56670.02
2021-05-12,3823.21,49631.32
2021-05-13,3717.91,49670.97
2021-05-14,4075.01,49841.45
2021-05-15,3646.68,46762.99
2021-05-16,3582.1,46431.5
2021-05-17,3282.51,43538.04
2021-05-18,3375.07,42849.78
2021-05-19,2438.92,36690.09
2021-05-20,2768.62,40526.64
2021-05-21,2430.98,37252.01
2021-05-22,2294.87,37449.73
2021-05-23,2096.39,34655.25
2021-05-24,2648.43,38796.29
2021-05-25,2705.11,38324.72
2021-05-26,2884.94,39241.91
2021-05-27,2742.23,38529.98
2021-05-28,2412.1,35663.49
2021-05-29,2278.74,34605.15
2021-05-30,2385.98,35641.27
2021-05-31,2706.15,37253.81
2021-06-01,2634.57,36693.09
2021-06-02,2706.22,37568.68
2021-06-03,2857.25,39246.79
2021-06-04,2689.51,36829.0
2021-06-05,2627.73,35513.2
2021-06-06,2711.92,35796.31
2021-06-07,2592.05,33552.79
2021-06-08,2507.23,33380.81
2021-06-09,2610.18,37388.05
2021-06-10,2471.09,36675.72
2021-06-11,2354.01,37331.98
2021-06-12,2370.74,35546.11
2021-06-13,2509.33,39020.57
2021-06-14,2580.77,40516.29
2021-06-15,2543.54,40144.04
2021-06-16,2367.89,38349.01
2021-06-17,2373.28,38092.97
2021-06-18,2234.09,35819.84
2021-06-19,2164.67,35483.72
2021-06-20,2243.47,35600.16
2021-06-21,1885.49,31608.93
2021-06-22,1879.28,32509.56
2021-06-23,1968.14,33678.07
2021-06-24,1989.52,34663.09
2021-06-25,1808.82,31584.45
2021-06-26,1829.64,32283.65
2021-06-27,1982.28,34700.34
2021-06-28,2084.41,34494.89
2021-06-29,2165.33,35911.73
2021-06-30,2275.68,35045.0
2021-07-01,2106.41,33504.69
2021-07-02,2154.13,33786.55
2021-07-03,2226.99,34669.13
2021-07-04,2322.69,35286.51
2021-07-05,2196.53,33690.14
2021-07-06,2322.5,34220.01
2021-07-07,2316.57,33862.12
2021-07-08,2116.33,32875.71
2021-07-09,2146.99,33815.81
2021-07-10,2110.69,33502.87
2021-07-11,2140.45,34258.99
2021-07-12,2031.58,33086.63
2021-07-13,1940.15,32729.77
2021-07-14,1994.58,32820.02
2021-07-15,1919.51,31880.0
2021-07-16,1876.26,31383.87
2021-07-17,1899.59,31520.07
2021-07-18,1891.64,31778.56
2021-07-19,1818.73,30839.65
2021-07-20,1786.03,29790.35
2021-07-21,1995.5,32144.51
2021-07-22,2024.56,32287.83
2021-07-23,2124.25,33634.09
2021-07-24,2184.75,34258.14
2021-07-25,2189.79,35381.02
2021-07-26,2228.08,37237.6
2021-07-27,2299.49,39457.87
2021-07-28,2300.9,40019.56
2021-07-29,2382.92,40016.48
2021-07-30,2461.81,42206.37
2021-07-31,2531.05,41461.83
2021-08-01,2555.69,39845.44
2021-08-02,2606.93,39147.82
2021-08-03,2509.04,38207.05
2021-08-04,2724.78,39723.18
2021-08-05,2826.99,40862.46
2021-08-06,2891.58,42836.87
2021-08-07,3160.31,44572.54
2021-08-08,3011.85,43794.37
2021-08-09,3160.52,46253.4
2021-08-10,3141.66,45584.99
2021-08-11,3160.5,45511.0
2021-08-12,3045.96,44399.0
2021-08-13,3322.32,47800.0
2021-08-14,3263.16,47068.51
2021-08-15,3307.09,46973.82
2021-08-16,3146.53,45901.29
2021-08-17,3011.72,44695.95
2021-08-18,3014.55,44705.29
2021-08-19,3184.12,46760.62
2021-08-20,3284.82,49322.47
2021-08-21,3223.43,48821.87
2021-08-22,3238.0,49239.22
2021-08-23,3321.28,49488.85
2021-08-24,3170.62,47674.01
2021-08-25,3226.87,48973.32
2021-08-26,3093.2,46843.87
2021-08-27,3273.45,49069.9
2021-08-28,3244.48,48895.35
2021-08-29,3223.47,48767.83
2021-08-30,3229.64,46982.91
2021-08-31,3429.2,47100.89
2021-09-01,3826.82,48810.52
2021-09-02,3785.82,49246.64
2021-09-03,3938.11,49999.14
2021-09-04,3885.52,49915.64
2021-09-05,3950.29,51756.88
2021-09-06,3926.77,52663.9
2021-09-07,3434.57,46863.73
2021-09-08,3499.0,46048.31
2021-09-09,3424.93,46395.14
2021-09-10,3208.86,44850.91
2021-09-11,3267.21,45173.69
2021-09-12,3404.21,46025.24
2021-09-13,3285.35,44940.73
2021-09-14,3434.37,47111.52
2021-09-15,3613.55,48121.41
2021-09-16,3567.98,47737.82
2021-09-17,3399.81,47299.98
2021-09-18,3435.64,48292.74
2021-09-19,3328.62,47241.75
2021-09-20,2977.28,43015.62
2021-09-21,2765.9,40734.38
2021-09-22,3076.92,43543.61
2021-09-23,3152.5,44865.26
2021-09-24,2928.53,42810.57
2021-09-25,2921.73,42670.64
2021-09-26,3059.37,43160.9
2021-09-27,2925.59,42147.35
2021-09-28,2804.91,41026.54
2021-09-29,2850.45,41524.28
2021-09-30,3000.61,43824.1
2021-10-01,3309.91,48141.61
2021-10-02,3387.76,47634.9
2021-10-03,3417.73,48200.01
2021-10-04,3386.31,49224.94
2021-10-05,3515.27,51471.99
2021-10-06,3574.89,55315.0
2021-10-07,3587.47,53785.22
2021-10-08,3563.13,53951.43
2021-10-09,3574.82,54949.72
2021-10-10,3414.22,54659.0
2021-10-11,3542.12,57471.35
2021-10-12,3491.46,55996.93
2021-10-13,3607.42,57367.0
2021-10-14,3790.82,57347.94
2021-10-15,3868.99,61672.42
2021-10-16,3829.96,60875.57
2021-10-17,3846.85,61528.33
2021-10-18,3744.96,62009.84
2021-10-19,3877.03,64280.59
2021-10-20,4161.15,66001.41
2021-10-21,4052.99,62193.15
2021-10-22,3972.2,60688.22
2021-10-23,4167.12,61286.75
2021-10-24,4082.33,60852.22
2021-10-25,4220.37,63078.78
2021-10-26,4131.52,60328.81
2021-10-27,3922.0,58413.44
2021-10-28,4286.02,60575.89
2021-10-29,4418.89,62253.71
2021-10-30,4322.68,61859.19
2021-10-31,4287.21,61299.8
2021-11-01,4319.43,60911.11
2021-11-02,4589.89,63219.99
2021-11-03,4603.35,62896.48
2021-11-04,4532.32,61395.01
2021-11-05,4474.24,60937.12
2021-11-06,4518.0,61470.61
2021-11-07,4612.59,63273.59
2021-11-08,4807.98,67525.83
2021-11-09,4732.33,66947.66
2021-11-10,4628.78,64882.43
2021-11-11,4719.0,64774.26
2021-11-12,4665.46,64122.23
2021-11-13,4644.28,64380.0
2021-11-14,4626.5,65519.1
2021-11-15,4563.78,63606.74
2021-11-16,4209.76,60058.87
2021-11-17,4287.8,60344.87
2021-11-18,3996.9,56891.62
2021-11-19,4294.76,58052.24
2021-11-20,4412.17,59707.51
2021-11-21,4258.31,58622.02
2021-11-22,4085.97,56247.18
2021-11-23,4339.44,57541.27
2021-11-24,4269.36,57138.29
2021-11-25,4524.85,58960.36
2021-11-26,4041.2,53726.53
2021-11-27,4095.29,54721.03
2021-11-28,4294.78,57274.88
2021-11-29,4444.53,57776.25
2021-11-30,4630.26,56950.56
2021-12-01,4582.95,57184.07
2021-12-02,4511.21,56480.34
2021-12-03,4215.73,53601.05
2021-12-04,4117.25,49152.47
2021-12-05,4196.44,49396.33
2021-12-06,4347.59,50441.92
2021-12-07,4306.4,50588.95
2021-12-08,4436.91,50471.19
2021-12-09,4105.64,47545.59
2021-12-10,3897.94,47140.54
2021-12-11,4089.37,49389.99
2021-12-12,4130.0,50053.9
2021-12-13,3781.93,46702.75
2021-12-14,3858.99,48343.28
2021-12-15,4019.08,48864.98
2021-12-16,3958.11,47632.38
2021-12-17,3875.42,46131.2
2021-12-18,3959.93,46834.48
2021-12-19,3924.14,46681.23
2021-12-20,3944.73,46914.16
2021-12-21,4014.15,48889.88
2021-12-22,3979.51,48588.16
2021-12-23,4111.41,50838.81
2021-12-24,4046.36,50820.0
2021-12-25,4094.83,50399.66
2021-12-26,4063.56,50775.49
2021-12-27,4037.23,50701.44
2021-12-28,3792.75,47543.74
2021-12-29,3630.19,46464.66
2021-12-30,3709.27,47120.87
2021-12-31,3676.23,46216.93
2022-01-01,3765.54,47722.65
2022-01-02,3828.27,47286.18
2022-01-03,3765.89,46446.1
2022-01-04,3785.11,45832.01
2022-01-05,3540.63,43451.13
2022-01-06,3406.81,43082.31
2022-01-07,3199.24,41566.48
2022-01-08,3080.95,41679.74
2022-01-09,3151.97,41864.62
2022-01-10,3082.68,41822.49
2022-01-11,3239.72,42729.29
2022-01-12,3371.26,43902.66
2022-01-13,3240.61,42560.11
2022-01-14,3307.42,43059.96
2022-01-15,3326.04,43084.29
2022-01-16,3346.88,43071.66
2022-01-17,3209.67,42201.62
2022-01-18,3159.85,42352.12
2022-01-19,3084.02,41660.01
2022-01-20,3001.48,40680.91
2022-01-21,2568.15,36445.31
2022-01-22,2412.18,35071.42
2022-01-23,2539.01,36244.55
2022-01-24,2439.29,36660.35
2022-01-25,2458.83,36958.32
2022-01-26,2462.99,36809.34
2022-01-27,2424.25,37160.1
2022-01-28,2544.99,37716.56
2022-01-29,2601.43,38166.84
2022-01-30,2601.68,37881.76
2022-01-31,2686.94,38466.9
2022-02-01,2787.23,38694.59
2022-02-02,2680.67,36896.36
2022-02-03,2695.46,37311.61
2022-02-04,2994.99,41574.25
2022-02-05,3012.65,41382.59
2022-02-06,3054.99,42380.87
2022-02-07,3139.77,43839.99
2022-02-08,3116.69,44042.99
2022-02-09,3243.94,44372.72
2022-02-10,3072.49,43495.44
2022-02-11,2927.54,42373.73
2022-02-12,2918.88,42217.87
2022-02-13,2871.13,42053.66
2022-02-14,2929.75,42535.94
2022-02-15,3183.52,44544.86
2022-02-16,3122.3,43873.56
2022-02-17,2891.87,40515.7
2022-02-18,2779.48,39974.44
2022-02-19,2763.63,40079.17
2022-02-20,2621.99,38386.89
2022-02-21,2568.02,37008.16
2022-02-22,2636.29,38230.33
2022-02-23,2579.71,37250.01
2022-02-24,2596.2,38327.21
2022-02-25,2768.49,39219.17
2022-02-26,2779.47,39116.72
2022-02-27,2616.79,37699.07
2022-02-28,2920.95,43160.0
2022-03-01,2976.33,44421.2
2022-03-02,2947.3,43892.98
2022-03-03,2833.99,42454.0
2022-03-04,2622.1,39148.66
2022-03-05,2665.15,39397.96
2022-03-06,2551.29,38420.81
2022-03-07,2491.12,37988.0
2022-03-08,2575.97,38730.63
2022-03-09,2726.98,41941.71
2022-03-10,2606.7,39422.0
2022-03-11,2556.86,38729.57
2022-03-12,2568.8,38807.36
2022-03-13,2515.65,37777.34
2022-03-14,2589.41,39671.37
2022-03-15,2617.73,39280.33
2022-03-16,2773.81,41114.0
2022-03-17,2811.92,40917.9
2022-03-18,2938.92,41757.51
2022-03-19,2950.84,42201.13
2022-03-20,2861.38,41262.11
2022-03-21,2890.03,41002.25
2022-03-22,2969.64,42364.13
2022-03-23,3036.0,42882.76
2022-03-24,3110.76,43991.46
2022-03-25,3102.14,44313.16
2022-03-26,3145.0,44511.27
2022-03-27,3295.65,46827.76
2022-03-28,3332.92,47122.21
2022-03-29,3400.51,47434.8
2022-03-30,3385.79,47067.99
2022-03-31,3281.51,45510.34
2022-04-01,3455.21,46283.49
2022-04-02,3443.77,45811.0
2022-04-03,3521.91,46407.35
2022-04-04,3519.5,46580.51
2022-04-05,3406.99,45497.55
2022-04-06,3168.51,43170.47
2022-04-07,3227.19,43444.19
2022-04-08,3192.39,42252.01
2022-04-09,3258.57,42753.97
2022-04-10,3203.04,42158.85
2022-04-11,2979.74,39530.45
2022-04-12,3027.66,40074.94
2022-04-13,3118.28,41147.79
2022-04-14,3021.98,39942.38
2022-04-15,3040.56,40551.9
2022-04-16,3059.3,40378.71
2022-04-17,2988.06,39678.12
2022-04-18,3055.56,40801.13
2022-04-19,3101.77,41493.18
2022-04-20,3076.04,41358.19
2022-04-21,2983.58,40480.01
2022-04-22,2962.39,39709.18
2022-04-23,2933.03,39441.6
2022-04-24,2921.0,39450.13
2022-04-25,3006.62,40426.08
2022-04-26,2809.67,38112.65
2022-04-27,2888.96,39235.72
2022-04-28,2936.93,39742.07
2022-04-29,2817.13,38596.11
2022-04-30,2726.66,37630.8
2022-05-01,2824.81,38468.35
2022-05-02,2856.54,38525.16
2022-05-03,2781.7,37728.95
2022-05-04,2940.64,39690.0
2022-05-05,2747.97,36552.97
2022-05-06,2692.85,36013.77
2022-05-07,2635.34,35472.39
2022-05-08,2519.71,34038.4
2022-05-09,2228.55,30076.31
2022-05-10,2342.05,31017.1
2022-05-11,2084.99,29103.94
2022-05-12,1960.22,29029.75
2022-05-13,2009.69,29287.05
2022-05-14,2056.48,30086.74
2022-05-15,2145.29,31328.89
2022-05-16,2023.66,29874.01
2022-05-17,2090.72,30444.93
2022-05-18,1915.11,28715.32
2022-05-19,2019.55,30319.23
2022-05-20,1959.08,29201.01
2022-05-21,1975.07,29445.06
2022-05-22,2043.19,30293.94
2022-05-23,1973.32,29109.15
2022-05-24,1979.41,29654.58
2022-05-25,1942.63,29542.15
2022-05-26,1792.23,29201.35
2022-05-27,1727.27,28629.8
2022-05-28,1792.22,29031.33
2022-05-29,1813.64,29468.1
2022-05-30,1998.78,31734.22
2022-05-31,1941.9,31801.04
2022-06-01,1817.95,29805.83
2022-06-02,1834.08,30452.62
2022-06-03,1775.12,29700.21
2022-06-04,1804.58,29864.04
2022-06-05,1806.23,29919.21
2022-06-06,1859.84,31373.1
2022-06-07,1813.33,31125.33
2022-06-08,1791.88,30204.77
2022-06-09,1788.81,30109.93
2022-06-10,1662.91,29091.88
2022-06-11,1532.89,28424.7
2022-06-12,1434.84,26574.53
2022-06-13,1209.82,22487.41
2022-06-14,1208.9,22136.41
2022-06-15,1237.52,22583.72
2022-06-16,1068.5,20401.31
2022-06-17,1086.94,20468.81
2022-06-18,995.13,18970.79
2022-06-19,1128.53,20574.0
2022-06-20,1128.24,20573.89
2022-06-21,1125.85,20723.52
2022-06-22,1050.19,19987.99
2022-06-23,1144.72,21110.13
2022-06-24,1225.02,21237.69
2022-06-25,1242.36,21491.19
2022-06-26,1197.79,21038.07
2022-06-27,1192.51,20742.56
2022-06-28,1144.05,20281.29
2022-06-29,1100.21,20123.01
2022-06-30,1071.01,19942.21
2022-07-01,1059.73,19279.8
2022-07-02,1067.01,19252.81
2022-07-03,1074.26,19315.83
2022-07-04,1151.0,20236.71
2022-07-05,1132.5,20175.83
2022-07-06,1186.57,20564.51
2022-07-07,1237.49,21624.98
2022-07-08,1214.04,21594.75
2022-07-09,1217.02,21591.83
2022-07-10,1168.36,20862.47
2022-07-11,1096.4,19963.61
2022-07-12,1038.58,19328.75
2022-07-13,1115.0,20234.87
2022-07-14,1193.42,20588.84
2022-07-15,1231.25,20830.04
2022-07-16,1355.85,21195.6
2022-07-17,1338.65,20798.16
2022-07-18,1581.04,22432.58
2022-07-19,1542.32,23396.62
2022-07-20,1521.58,23223.3
2022-07-21,1575.45,23152.19
2022-07-22,1535.27,22684.83
2022-07-23,1548.67,22451.07
2022-07-24,1597.7,22579.68
2022-07-25,1440.79,21310.9
2022-07-26,1449.12,21254.67
2022-07-27,1635.74,22952.45
2022-07-28,1724.52,23842.93
2022-07-29,1721.68,23773.75
2022-07-30,1697.0,23643.51
2022-07-31,1678.12,23293.32
2022-08-01,1630.28,23268.01
2022-08-02,1630.91,22987.79
2022-08-03,1618.16,22818.37
2022-08-04,1607.96,22622.98
2022-08-05,1736.81,23312.42
2022-08-06,1690.6,22954.21
2022-08-07,1700.19,23174.39
2022-08-08,1777.05,23810.0
2022-08-09,1702.76,23149.95
2022-08-10,1853.57,23954.05
2022-08-11,1880.19,23934.39
2022-08-12,1958.28,24403.68
2022-08-13,1983.55,24441.38
2022-08-14,1935.31,24305.24
2022-08-15,1899.06,24094.82
2022-08-16,1876.67,23854.74
2022-08-17,1834.25,23342.66
2022-08-18,1846.39,23191.2
2022-08-19,1609.01,20834.39
2022-08-20,1576.04,21140.07
2022-08-21,1618.13,21515.61
2022-08-22,1624.66,21399.83
2022-08-23,1665.41,21529.12
2022-08-24,1656.56,21368.08
2022-08-25,1695.11,21559.04
2022-08-26,1508.18,20241.05
2022-08-27,1491.06,20037.6
2022-08-28,1426.76,19555.61
2022-08-29,1551.8,20285.73
2022-08-30,1524.59,19811.66
2022-08-31,1554.1,20050.02
2022-09-01,1586.16,20131.46
2022-09-02,1575.35,19951.86
2022-09-03,1557.46,19831.9
2022-09-04,1579.28,20000.3
2022-09-05,1617.8,19796.84
2022-09-06,1559.01,18790.61
2022-09-07,1630.0,19292.84
2022-09-08,1635.37,19319.77
2022-09-09,1718.23,21360.11
2022-09-10,1774.12,21648.34
2022-09-11,1766.11,21826.87
2022-09-12,1716.37,22395.74
2022-09-13,1574.4,20173.57
2022-09-14,1638.39,20226.71
2022-09-15,1472.75,19701.88
2022-09-16,1433.9,19803.3
2022-09-17,1468.83,20113.62
2022-09-18,1334.51,19416.18
2022-09-19,1375.98,19537.02
2022-09-20,1322.93,18875.0
2022-09-21,1245.78,18461.36
2022-09-22,1326.46,19401.63
2022-09-23,1327.25,19289.91
2022-09-24,1317.13,18920.5
2022-09-25,1294.63,18807.38
2022-09-26,1336.17,19227.82
2022-09-27,1328.02,19079.13
2022-09-28,1337.2,19412.82
2022-09-29,1335.7,19591.51
2022-09-30,1328.72,19422.61
2022-10-01,1311.79,19310.95
2022-10-02,1276.72,19056.8
2022-10-03,1323.09,19629.08
2022-10-04,1361.49,20337.82
2022-10-05,1352.2,20158.26
2022-10-06,1352.06,19960.67
2022-10-07,1331.1,19530.09
2022-10-08,1315.48,19417.96
2022-10-09,1323.13,19439.02
2022-10-10,1290.03,19131.87
2022-10-11,1280.11,19060.0
2022-10-12,1294.44,19155.53
2022-10-13,1287.08,19375.13
2022-10-14,1296.27,19176.93
2022-10-15,1274.92,19069.39
2022-10-16,1305.95,19262.98
2022-10-17,1331.4,19549.86
2022-10-18,1310.71,19327.44
2022-10-19,1285.09,19123.97
2022-10-20,1282.57,19041.92
2022-10-21,1299.75,19164.37
2022-10-22,1313.61,19204.35
2022-10-23,1364.2,19570.4
2022-10-24,1343.61,19329.72
2022-10-25,1459.74,20080.07
2022-10-26,1566.1,20771.59
2022-10-27,1514.05,20295.11
2022-10-28,1554.41,20591.84
2022-10-29,1619.55,20809.67
2022-10-30,1590.44,20627.48
2022-10-31,1572.69,20490.74
2022-11-01,1578.48,20483.62
2022-11-02,1518.34,20151.84
2022-11-03,1531.01,20207.82
2022-11-04,1644.78,21148.52
2022-11-05,1626.98,21299.37
2022-11-06,1568.29,20905.58
2022-11-07,1568.1,20591.13
2022-11-08,1334.77,18547.23
2022-11-09,1102.73,15922.81
2022-11-10,1299.28,17601.15
2022-11-11,1289.28,17070.31
2022-11-12,1257.25,16812.08
2022-11-13,1221.49,16329.85
2022-11-14,1243.28,16619.46
2022-11-15,1253.23,16900.57
2022-11-16,1216.17,16662.76
2022-11-17,1200.43,16692.56
2022-11-18,1212.58,16700.45
2022-11-19,1217.67,16700.68
2022-11-20,1142.21,16280.23
2022-11-21,1107.34,15781.29
2022-11-22,1139.6,16226.94
2022-11-23,1184.52,16603.11
2022-11-24,1203.73,16598.95
2022-11-25,1199.3,16522.14
2022-11-26,1205.6,16458.57
2022-11-27,1193.88,16428.78
2022-11-28,1167.77,16212.91
2022-11-29,1216.49,16442.53
2022-11-30,1294.46,17163.64
2022-12-01,1276.41,16977.37
2022-12-02,1295.59,17092.74
2022-12-03,1240.51,16885.2
2022-12-04,1279.41,17105.7
2022-12-05,1259.41,16966.35
2022-12-06,1271.32,17088.96
2022-12-07,1231.18,16836.64
2022-12-08,1280.18,17224.1
2022-12-09,1263.1,17128.56
2022-12-10,1266.35,17127.49
2022-12-11,1263.01,17085.05
2022-12-12,1275.4,17209.83
2022-12-13,1320.69,17774.7
2022-12-14,1307.44,17803.15
2022-12-15,1266.54,17356.34
2022-12-16,1166.83,16632.12
2022-12-17,1187.16,16776.52
2022-12-18,1183.06,16738.21
2022-12-19,1167.82,16438.88
2022-12-20,1216.94,16895.56
2022-12-21,1213.78,16824.67
2022-12-22,1217.71,16821.43
2022-12-23,1219.99,16778.5
2022-12-24,1220.41,16836.12
2022-12-25,1218.51,16832.11
2022-12-26,1228.11,16919.39
2022-12-27,1211.55,16706.36
2022-12-28,1190.15,16547.31
2022-12-29,1200.49,16633.47
2022-12-30,1199.99,16607.48
2022-12-31,1196.13,16542.4
2023-01-01,1200.34,16616.75
2023-01-02,1214.0,16672.87
2023-01-03,1214.55,16675.18
2023-01-04,1256.9,16850.36
2023-01-05,1251.24,16831.85
2023-01-06,1269.14,16950.65
2023-01-07,1264.07,16943.57
2023-01-08,1290.16,17127.83
2023-01-09,1320.39,17178.26
2023-01-10,1335.62,17440.66
2023-01-11,1389.39,17943.26
2023-01-12,1415.92,18846.62
2023-01-13,1451.2,19930.01
2023-01-14,1549.9,20954.92
2023-01-15,1552.52,20871.5
2023-01-16,1576.94,21185.65
2023-01-17,1565.57,21134.81
2023-01-18,1511.43,20677.47
2023-01-19,1551.09,21071.59
2023-01-20,1658.52,22667.21
2023-01-21,1626.66,22783.55
2023-01-22,1627.44,22707.88
2023-01-23,1626.29,22916.45
2023-01-24,1555.97,22632.89
2023-01-25,1611.94,23060.94
2023-01-26,1601.09,23009.65
2023-01-27,1597.62,23074.16
2023-01-28,1572.1,23022.6
2023-01-29,1644.72,23742.3
2023-01-30,1566.2,22826.15
2023-01-31,1585.33,23125.13
2023-02-01,1641.68,23732.66
2023-02-02,1643.12,23488.94
2023-02-03,1663.52,23431.9
2023-02-04,1666.38,23326.84
2023-02-05,1629.02,22932.91
2023-02-06,1614.29,22762.52
2023-02-07,1671.03,23240.46
2023-02-08,1650.43,22963.0
2023-02-09,1545.35,21796.35
2023-02-10,1513.06,21625.19
2023-02-11,1538.51,21862.55
2023-02-12,1514.83,21783.54
2023-02-13,1505.24,21773.97
2023-02-14,1555.71,22199.84
2023-02-15,1674.92,24324.05
2023-02-16,1637.84,23517.72
2023-02-17,1693.87,24569.97
2023-02-18,1691.62,24631.95
2023-02-19,1679.75,24271.76
2023-02-20,1703.27,24842.2
2023-02-21,1659.76,24452.16
2023-02-22,1643.14,24182.21
2023-02-23,1650.53,23940.2
2023-02-24,1607.8,23185.29
2023-02-25,1594.58,23157.07
2023-02-26,1641.36,23554.85
2023-02-27,1633.45,23492.09
2023-02-28,1605.23,23141.57
2023-03-01,1665.22,23628.97
2023-03-02,1647.86,23465.32
2023-03-03,1569.45,22354.34
2023-03-04,1566.73,22346.57
2023-03-05,1564.58,22430.24
2023-03-06,1565.84,22410.0
2023-03-07,1561.96,22197.96
2023-03-08,1532.38,21705.44
2023-03-09,1437.32,20362.22
2023-03-10,1426.44,20150.69
2023-03-11,1471.97,20455.73
2023-03-12,1580.33,21997.11
2023-03-13,1673.45,24113.48
2023-03-14,1699.4,24670.41
2023-03-15,1649.96,24285.66
2023-03-16,1673.73,24998.78
2023-03-17,1789.27,27395.13
2023-03-18,1758.84,26907.49
2023-03-19,1780.68,27972.87
2023-03-20,1732.78,27717.01
2023-03-21,1801.23,28105.47
2023-03-22,1734.33,27250.97
2023-03-23,1813.79,28295.41
2023-03-24,1749.57,27454.47
2023-03-25,1741.88,27462.95
2023-03-26,1773.88,27968.05
2023-03-27,1715.22,27124.91
2023-03-28,1772.99,27261.07
2023-03-29,1793.07,28348.6
2023-03-30,1793.61,28028.53
2023-03-31,1821.52,28465.36
2023-04-01,1820.79,28452.73
2023-04-02,1794.51,28171.87
2023-04-03,1810.51,27800.0
2023-04-04,1870.37,28165.47
2023-04-05,1908.69,28170.01
2023-04-06,1872.41,28033.82
2023-04-07,1863.72,27906.33
2023-04-08,1848.82,27938.38
2023-04-09,1858.92,28323.76
2023-04-10,1910.2,29637.34
2023-04-11,1889.86,30200.42
2023-04-12,1917.39,29888.07
2023-04-13,2012.01,30373.84
2023-04-14,2099.99,30466.93
2023-04-15,2090.6,30295.09
2023-04-16,2118.67,30304.65
2023-04-17,2074.0,29430.27
2023-04-18,2103.5,30380.01
2023-04-19,1933.73,28797.1
2023-04-20,1942.98,28243.65
2023-04-21,1848.78,27262.84
2023-04-22,1874.16,27816.85
2023-04-23,1862.0,27590.6
2023-04-24,1841.84,27510.93
2023-04-25,1866.1,28300.79
2023-04-26,1866.01,28415.29
2023-04-27,1908.68,29472.77
2023-04-28,1890.94,29311.7
2023-04-29,1907.8,29230.45
2023-04-30,1870.09,29233.21
2023-05-01,1830.73,28068.26
2023-05-02,1870.08,28669.86
2023-05-03,1905.12,29026.16
2023-05-04,1877.07,28838.16
2023-05-05,1993.3,29505.61
2023-05-06,1896.33,28848.2
2023-05-07,1870.4,28430.1
2023-05-08,1847.56,27668.79
2023-05-09,1846.52,27628.27
2023-05-10,1840.84,27598.75
2023-05-11,1794.3,26968.62
2023-05-12,1807.45,26795.01
2023-05-13,1795.11,26775.28
2023-05-14,1799.21,26917.62
2023-05-15,1816.2,27162.14
2023-05-16,1824.21,27033.84
2023-05-17,1822.12,27405.61
2023-05-18,1800.56,26821.28
2023-05-19,1812.32,26880.26
2023-05-20,1819.42,27102.43
2023-05-21,1804.91,26747.78
2023-05-22,1817.35,26849.27
2023-05-23,1854.05,27219.61
2023-05-24,1799.89,26329.01
2023-05-25,1805.6,26473.79
2023-05-26,1827.79,26705.92
2023-05-27,1829.89,26854.27
2023-05-28,1908.64,28065.0
2023-05-29,1892.6,27736.4
2023-05-30,1900.59,27694.4
2023-05-31,1873.63,27210.35
2023-06-01,1861.78,26817.93
2023-06-02,1906.68,27242.59
2023-06-03,1892.06,27069.22
2023-06-04,1890.01,27115.21
2023-06-05,1810.5,25728.2
2023-06-06,1884.64,27230.08
2023-06-07,1832.13,26339.34
2023-06-08,1845.64,26498.61
2023-06-09,1840.37,26477.81
2023-06-10,1751.53,25841.21
2023-06-11,1752.76,25925.55
2023-06-12,1742.57,25905.19
2023-06-13,1740.12,25934.25
2023-06-14,1650.95,25128.6
2023-06-15,1666.96,25598.49
2023-06-16,1717.92,26345.0
2023-06-17,1727.76,26516.99
2023-06-18,1720.95,26339.97
2023-06-19,1737.11,26844.35
2023-06-20,1791.99,28307.99
2023-06-21,1889.11,29993.89
2023-06-22,1872.01,29884.92
2023-06-23,1892.63,30688.5
2023-06-24,1874.96,30527.43
2023-06-25,1898.8,30462.66
2023-06-26,1858.97,30267.99
2023-06-27,1889.58,30692.44
2023-06-28,1828.02,30077.41
2023-06-29,1851.99,30447.31
2023-06-30,1933.79,30472.0
2023-07-01,1924.5,30585.9
2023-07-02,1937.48,30617.03
2023-07-03,1955.54,31156.2
2023-07-04,1936.2,30766.51
2023-07-05,1910.36,30504.81
2023-07-06,1846.17,29895.43
2023-07-07,1870.91,30344.7
2023-07-08,1865.24,30284.63
2023-07-09,1862.8,30160.71
2023-07-10,1880.4,30411.57
2023-07-11,1878.3,30622.1
2023-07-12,1871.82,30380.0
2023-07-13,2004.49,31454.23
2023-07-14,1937.83,30312.01
2023-07-15,1931.41,30289.52
2023-07-16,1922.11,30231.99
2023-07-17,1911.2,30138.0
2023-07-18,1897.21,29859.13
2023-07-19,1888.63,29909.21
2023-07-20,1891.59,29800.0
2023-07-21,1891.73,29901.72
2023-07-22,1866.52,29794.0
2023-07-23,1888.73,30083.75
2023-07-24,1850.0,29176.5
2023-07-25,1857.66,29228.91
2023-07-26,1872.0,29351.96
2023-07-27,1861.28,29222.78
2023-07-28,1874.19,29314.14
2023-07-29,1880.46,29352.9
2023-07-30,1861.79,29281.09
2023-07-31,1856.14,29232.25
2023-08-01,1873.47,29705.99
2023-08-02,1839.9,29186.01
2023-08-03,1835.81,29193.64
2023-08-04,1830.23,29113.99
2023-08-05,1836.48,29072.13
2023-08-06,1830.28,29088.42
2023-08-07,1829.1,29211.06
2023-08-08,1856.3,29770.42
2023-08-09,1855.35,29581.99
2023-08-10,1852.47,29455.75
2023-08-11,1848.84,29426.03
2023-08-12,1849.93,29430.17
2023-08-13,1840.73,29303.84
2023-08-14,1845.5,29430.93
2023-08-15,1828.98,29200.0
2023-08-16,1807.81,28730.51
2023-08-17,1681.49,26623.41
2023-08-18,1661.59,26054.0
2023-08-19,1669.67,26100.01
2023-08-20,1685.24,26189.99
2023-08-21,1667.55,26126.92
2023-08-22,1634.99,26056.0
2023-08-23,1679.61,26432.72
2023-08-24,1661.16,26180.05
2023-08-25,1653.8,26060.01
2023-08-26,1647.04,26017.37
2023-08-27,1658.33,26101.77
2023-08-28,1653.08,26120.0
2023-08-29,1729.42,27716.34
2023-08-30,1705.23,27299.99
2023-08-31,1645.76,25940.78
2023-09-01,1629.12,25805.05
2023-09-02,1637.03,25869.51
2023-09-03,1635.84,25971.21
2023-09-04,1630.51,25826.02
2023-09-05,1634.45,25792.1
2023-09-06,1633.15,25759.95
2023-09-07,1648.11,26255.0
2023-09-08,1636.44,25910.5
2023-09-09,1635.54,25901.61
2023-09-10,1617.42,25841.61
2023-09-11,1551.85,25162.52
2023-09-12,1592.97,25840.1
2023-09-13,1607.62,26222.0
2023-09-14,1626.47,26522.73
2023-09-15,1641.29,26600.0
2023-09-16,1634.4,26559.67
2023-09-17,1622.48,26527.51
2023-09-18,1636.66,26762.51
2023-09-19,1643.12,27210.26
2023-09-20,1622.26,27125.0
2023-09-21,1583.94,26568.08
2023-09-22,1593.08,26580.14
2023-09-23,1593.86,26575.96
2023-09-24,1580.71,26248.38
2023-09-25,1588.33,26304.81
2023-09-26,1594.01,26221.67
2023-09-27,1598.64,26372.99
2023-09-28,1652.99,27021.39
2023-09-29,1667.45,26906.96
2023-09-30,1670.89,26962.56
2023-10-01,1733.79,27992.57
2023-10-02,1662.4,27494.51
2023-10-03,1656.88,27426.46
2023-10-04,1646.58,27778.57
2023-10-05,1611.79,27410.39
2023-10-06,1645.03,27931.09
2023-10-07,1633.57,27956.67
2023-10-08,1632.84,27917.05
2023-10-09,1580.13,27590.12
2023-10-10,1567.63,27390.12
2023-10-11,1566.87,26875.52
2023-10-12,1539.61,26759.63
2023-10-13,1552.16,26862.0
2023-10-14,1554.94,26852.48
2023-10-15,1557.77,27154.15
2023-10-16,1599.42,28500.78
2023-10-17,1565.01,28395.91
2023-10-18,1563.44,28320.0
2023-10-19,1566.57,28713.71
2023-10-20,1603.89,29669.04
2023-10-21,1628.94,29909.8
2023-10-22,1663.7,29992.46
2023-10-23,1765.46,33069.99
2023-10-24,1784.98,33922.73
2023-10-25,1787.15,34496.05
2023-10-26,1803.38,34151.66
2023-10-27,1779.4,33892.02
2023-10-28,1776.2,34081.0
2023-10-29,1795.14,34525.89
2023-10-30,1809.04,34474.73
2023-10-31,1814.67,34639.77
2023-11-01,1846.99,35421.43
2023-11-02,1800.8,34941.59
2023-11-03,1832.71,34716.78
2023-11-04,1855.54,35062.07
2023-11-05,1891.71,35011.88
2023-11-06,1900.95,35046.09
2023-11-07,1885.27,35399.12
2023-11-08,1888.12,35624.72
2023-11-09,2121.32,36701.09
2023-11-10,2077.72,37301.63
2023-11-11,2053.17,37130.0
2023-11-12,2044.68,37064.13
2023-11-13,2053.65,36462.93
2023-11-14,1979.39,35551.19
2023-11-15,2058.48,37858.2
2023-11-16,1961.77,36163.51
2023-11-17,1960.82,36613.92
2023-11-18,1962.6,36568.1
2023-11-19,2011.47,37359.86
2023-11-20,2021.4,37448.78
2023-11-21,1933.01,35741.65
2023-11-22,2063.21,37408.34
2023-11-23,2062.2,37294.28
2023-11-24,2080.84,37713.57
2023-11-25,2083.09,37780.67
2023-11-26,2062.33,37447.43
2023-11-27,2027.5,37242.7
2023-11-28,2048.14,37818.87
2023-11-29,2028.81,37854.64
2023-11-30,2051.96,37723.96
2023-12-01,2087.24,38682.52
2023-12-02,2164.74,39450.35
2023-12-03,2192.95,39972.26
2023-12-04,2243.37,41991.1
2023-12-05,2293.33,44073.32
2023-12-06,2232.7,43762.69
2023-12-07,2355.73,43273.14
2023-12-08,2358.72,44170.99
2023-12-09,2340.49,43713.6
2023-12-10,2352.39,43789.51
2023-12-11,2225.12,41253.4
2023-12-12,2203.46,41492.39
2023-12-13,2260.16,42869.03
2023-12-14,2315.32,43022.26
2023-12-15,2220.5,41940.3
2023-12-16,2228.96,42278.03
2023-12-17,2196.52,41374.65
2023-12-18,2219.43,42657.8
2023-12-19,2177.91,42275.99
2023-12-20,2202.17,43668.93
2023-12-21,2239.61,43861.8
2023-12-22,2324.54,43969.04
2023-12-23,2308.2,43702.16
2023-12-24,2264.05,42991.5
2023-12-25,2271.35,43576.13
2023-12-26,2230.88,42508.93
2023-12-27,2378.35,43428.85
2023-12-28,2344.15,42563.76
2023-12-29,2299.2,42066.95
2023-12-30,2291.68,42140.28
2023-12-31,2281.87,42283.58
2024-01-01,2352.04,44179.55
2024-01-02,2355.34,44946.91
2024-01-03,2209.72,42845.23
2024-01-04,2267.11,44151.1
2024-01-05,2268.78,44145.11
2024-01-06,2240.78,43968.32
2024-01-07,2221.42,43929.02
2024-01-08,2330.44,46951.04
2024-01-09,2344.29,46110.0
2024-01-10,2584.38,46653.99
2024-01-11,2618.01,46339.16
2024-01-12,2522.54,42782.73
2024-01-13,2578.19,42847.99
2024-01-14,2472.87,41732.35
2024-01-15,2511.78,42511.1
2024-01-16,2587.4,43137.95
2024-01-17,2530.19,42776.1
2024-01-18,2470.81,41327.5
2024-01-19,2492.0,41659.03
2024-01-20,2472.01,41696.04
2024-01-21,2457.05,41580.33
2024-01-22,2314.2,39568.02
2024-01-23,2242.6,39897.6
2024-01-24,2235.02,40084.88
2024-01-25,2218.64,39961.09
2024-01-26,2267.68,41823.51
2024-01-27,2267.94,42120.63
2024-01-28,2256.9,42031.06
2024-01-29,2317.6,43302.7
2024-01-30,2343.01,42941.1
2024-01-31,2283.14,42580.0
2024-02-01,2304.28,43082.94
2024-02-02,2309.06,43200.0
2024-02-03,2296.49,43011.09
2024-02-04,2289.79,42582.88
2024-02-05,2301.83,42708.7
2024-02-06,2372.64,43098.95
2024-02-07,2425.1,44349.6
2024-02-08,2419.55,45288.65
2024-02-09,2486.56,47132.77
2024-02-10,2500.24,47751.09
2024-02-11,2507.21,48299.99
2024-02-12,2659.99,49917.27
2024-02-13,2639.99,49699.59
2024-02-14,2774.81,51795.17
2024-02-15,2822.59,51880.0
2024-02-16,2801.8,52124.11
2024-02-17,2785.93,51642.64
2024-02-18,2881.2,52137.67
2024-02-19,2944.8,51774.73
2024-02-20,3014.81,52258.82
2024-02-21,2967.9,51849.39
2024-02-22,2971.4,51288.42
2024-02-23,2922.24,50744.15
2024-02-24,2992.62,51568.22
2024-02-25,3112.59,51728.85
2024-02-26,3175.94,54476.47
2024-02-27,3242.36,57037.34
2024-02-28,3383.1,62432.1
2024-02-29,3340.09,61130.98
2024-03-01,3433.43,62387.9
2024-03-02,3421.4,61987.28
2024-03-03,3487.81,63113.97
2024-03-04,3627.76,68245.71
2024-03-05,3553.65,63724.01
2024-03-06,3818.59,66074.04
2024-03-07,3868.76,66823.17
2024-03-08,3883.36,68124.19
2024-03-09,3905.21,68313.27
2024-03-10,3878.47,68955.88
2024-03-11,4064.8,72078.1
2024-03-12,3979.96,71452.01
2024-03-13,4004.79,73072.41
2024-03-14,3881.7,71388.94
2024-03-15,3742.19,69499.85
2024-03-16,3523.09,65300.63
2024-03-17,3644.71,68393.48
2024-03-18,3520.46,67609.99
2024-03-19,3158.64,61937.4
2024-03-20,3516.53,67840.51
2024-03-21,3492.85,65501.27
2024-03-22,3336.35,63796.64
2024-03-23,3329.53,63990.01
2024-03-24,3454.98,67209.99
2024-03-25,3590.42,69880.01
2024-03-26,3587.33,69988.0
2024-03-27,3501.19,69469.99
2024-03-28,3560.49,70780.6
2024-03-29,3509.74,69850.54
2024-03-30,3505.64,69582.18
2024-03-31,3645.29,71280.01
2024-04-01,3503.8,69649.8
2024-04-02,3278.96,65463.99
2024-04-03,3310.83,65963.28
2024-04-04,3327.4,68487.79
2024-04-05,3317.85,67820.62
2024-04-06,3351.59,68896.0
2024-04-07,3454.2,69360.39
2024-04-08,3694.61,71620.0
2024-04-09,3506.39,69146.0
2024-04-10,3545.64,70631.08
2024-04-11,3502.52,70006.23
2024-04-12,3237.43,67116.52
2024-04-13,3007.01,63924.51
2024-04-14,3155.11,65661.84
2024-04-15,3101.99,63419.99
2024-04-16,3084.22,63793.39
2024-04-17,2985.41,61277.37
2024-04-18,3064.4,63470.08
2024-04-19,3056.46,63818.01
2024-04-20,3155.79,64940.59
2024-04-21,3147.67,64941.15
2024-04-22,3200.2,66819.32
2024-04-23,3219.46,66414.0
2024-04-24,3140.8,64289.59
2024-04-25,3155.8,64498.34
2024-04-26,3131.3,63770.01
2024-04-27,3255.56,63461.98
2024-04-28,3263.45,63118.62
2024-04-29,3216.73,63866.0
2024-04-30,3014.05,60672.0
2024-05-01,2972.46,58364.97
2024-05-02,2986.19,59060.61
2024-05-03,3102.61,62882.01
2024-05-04,3117.23,63892.04
2024-05-05,3136.41,64012.0
2024-05-06,3062.6,63165.19
2024-05-07,3005.69,62312.08
2024-05-08,2974.21,61193.03
2024-05-09,3036.23,63074.01
2024-05-10,2909.99,60799.99
2024-05-11,2912.45,60825.99
2024-05-12,2929.29,61483.99
2024-05-13,2950.99,62940.08
2024-05-14,2881.93,61577.49
2024-05-15,3032.55,66206.5
2024-05-16,2944.7,65235.21
2024-05-17,3092.01,67024.0
2024-05-18,3122.94,66915.2
2024-05-19,3071.19,66274.01
2024-05-20,3661.78,71446.62
2024-05-21,3789.6,70148.34
2024-05-22,3737.73,69166.62
2024-05-23,3783.61,67969.65
2024-05-24,3728.28,68549.99
2024-05-25,3749.26,69290.57
2024-05-26,3826.47,68507.67
2024-05-27,3894.22,69436.43
2024-05-28,3844.69,68398.39
2024-05-29,3767.43,67652.42
2024-05-30,3747.91,68352.17
2024-05-31,3762.29,67540.01
2024-06-01,3815.82,67766.85
2024-06-02,3780.91,67765.63
2024-06-03,3767.06,68809.9
2024-06-04,3810.23,70537.84
2024-06-05,3865.99,71108.0
2024-06-06,3813.46,70799.06
2024-06-07,3678.32,69355.6
2024-06-08,3681.57,69310.46
2024-06-09,3706.4,69648.14
2024-06-10,3667.85,69540.0
2024-06-11,3497.33,67314.24
2024-06-12,3560.12,68263.99
2024-06-13,3469.4,66773.01
2024-06-14,3481.8,66043.99
2024-06-15,3568.74,66228.25
2024-06-16,3624.41,66676.87
2024-06-17,3511.46,66504.33
2024-06-18,3483.42,65175.32
2024-06-19,3560.51,64974.37
2024-06-20,3513.08,64869.99
2024-06-21,3518.5,64143.56
2024-06-22,3495.75,64262.01
2024-06-23,3420.91,63210.01
2024-06-24,3352.73,60293.3
2024-06-25,3394.91,61806.01
2024-06-26,3371.44,60864.99
2024-06-27,3450.44,61706.47
2024-06-28,3380.15,60427.84
2024-06-29,3378.8,60986.68
2024-06-30,3438.16,62772.01
2024-07-01,3442.2,62899.99
2024-07-02,3421.35,62135.47
2024-07-03,3295.48,60208.58
2024-07-04,3059.7,57050.01
2024-07-05,2981.78,56628.79
2024-07-06,3066.83,58230.13
2024-07-07,2931.0,55857.81
2024-07-08,3019.01,56714.62
2024-07-09,3066.65,58050.0
2024-07-10,3101.05,57725.85
2024-07-11,3099.57,57339.89
2024-07-12,3133.88,57889.1
2024-07-13,3175.93,59204.02
2024-07-14,3245.08,60797.91
2024-07-15,3483.39,64724.14
2024-07-16,3444.13,65043.99
2024-07-17,3387.05,64087.99
2024-07-18,3426.5,63987.92
2024-07-19,3503.53,66660.0
2024-07-20,3517.5,67139.96
2024-07-21,3535.92,68165.34
2024-07-22,3439.6,67532.01
2024-07-23,3482.51,65936.01
2024-07-24,3335.81,65376.0
2024-07-25,3175.48,65799.95
2024-07-26,3274.61,67907.99
2024-07-27,3249.01,67896.5
2024-07-28,3270.16,68249.88
2024-07-29,3317.66,66784.69
2024-07-30,3279.21,66188.0
2024-07-31,3232.74,64628.0
2024-08-01,3203.4,65354.02
2024-08-02,2989.61,61498.33
2024-08-03,2903.64,60697.99
2024-08-04,2688.92,58161.0
2024-08-05,2419.59,54018.81
2024-08-06,2461.33,56022.01
2024-08-07,2342.8,55134.16
2024-08-08,2682.5,61685.99
2024-08-09,2598.78,60837.99
2024-08-10,2609.92,60923.51
2024-08-11,2555.38,58712.59
2024-08-12,2722.3,59346.64
2024-08-13,2702.44,60587.15
2024-08-14,2661.45,58683.39
2024-08-15,2569.89,57541.06
2024-08-16,2592.73,58874.6
2024-08-17,2614.51,59491.99
2024-08-18,2612.15,58427.35
2024-08-19,2636.36,59438.5
2024-08-20,2572.82,59013.8
2024-08-21,2630.71,61156.03
2024-08-22,2622.88,60375.84
2024-08-23,2762.48,64037.24
2024-08-24,2768.0,64157.01
2024-08-25,2746.13,64220.0
2024-08-26,2680.49,62834.0
2024-08-27,2457.33,59415.0
2024-08-28,2528.33,59034.9
2024-08-29,2527.61,59359.01
2024-08-30,2526.0,59123.99
2024-08-31,2513.01,58973.99
2024-09-01,2425.72,57301.86
2024-09-02,2538.01,59132.13
2024-09-03,2425.29,57487.73
2024-09-04,2450.71,57970.9
2024-09-05,2368.81,56180.0
2024-09-06,2225.23,53962.97
2024-09-07,2273.58,54160.86
2024-09-08,2297.3,54869.95
2024-09-09,2359.5,57042.0
2024-09-10,2388.52,57635.99
2024-09-11,2340.55,57338.0
2024-09-12,2361.76,58132.32
2024-09-13,2439.19,60498.0
2024-09-14,2417.79,59993.03
2024-09-15,2316.1,59132.0
2024-09-16,2295.68,58213.99
2024-09-17,2341.8,60313.99
2024-09-18,2374.75,61759.99
2024-09-19,2465.21,62947.99
2024-09-20,2561.4,63201.05
2024-09-21,2612.4,63348.96
2024-09-22,2581.0,63578.76
2024-09-23,2646.97,63339.99
2024-09-24,2653.2,64262.7
2024-09-25,2579.95,63152.01
2024-09-26,2632.26,65173.99
2024-09-27,2694.43,65769.95
2024-09-28,2675.21,65858.0
2024-09-29,2657.62,65602.01
2024-09-30,2602.23,63327.59
2024-10-01,2447.79,60805.78
2024-10-02,2364.1,60649.28
2024-10-03,2349.8,60752.71
2024-10-04,2414.41,62086.0
2024-10-05,2414.66,62058.0
2024-10-06,2440.03,62819.91
2024-10-07,2422.71,62224.0
2024-10-08,2440.89,62160.49
2024-10-09,2370.47,60636.02
2024-10-10,2386.49,60326.39
2024-10-11,2439.5,62540.0
2024-10-12,2476.4,63206.22
2024-10-13,2468.91,62870.02
2024-10-14,2629.79,66083.99
2024-10-15,2607.41,67074.14
2024-10-16,2611.1,67620.01
2024-10-17,2605.8,67421.78
2024-10-18,2642.17,68428.0
2024-10-19,2648.2,68378.0
2024-10-20,2746.91,69031.99
2024-10-21,2666.7,67377.5
2024-10-22,2622.81,67426.0
2024-10-23,2524.61,66668.65
2024-10-24,2535.82,68198.28
2024-10-25,2440.62,66698.33
2024-10-26,2482.51,67092.76
2024-10-27,2507.8,68021.7
2024-10-28,2567.48,69962.21
2024-10-29,2638.8,72736.42
2024-10-30,2659.19,72344.74
2024-10-31,2518.61,70292.01
2024-11-01,2511.49,69496.01
2024-11-02,2494.23,69374.74
2024-11-03,2457.73,68775.99
2024-11-04,2398.21,67850.01
2024-11-05,2422.55,69372.01
2024-11-06,2721.87,75571.99
2024-11-07,2895.47,75857.89
2024-11-08,2961.75,76509.78
2024-11-09,3126.21,76677.46
2024-11-10,3183.21,80370.01
2024-11-11,3371.59,88647.99
2024-11-12,3243.8,87952.01
2024-11-13,3187.16,90375.2
2024-11-14,3058.82,87325.59
2024-11-15,3090.01,91032.07
2024-11-16,3132.87,90586.92
2024-11-17,3076.0,89855.99
2024-11-18,3207.8,90464.08
2024-11-19,3107.44,92310.79
2024-11-20,3069.97,94286.56
2024-11-21,3355.81,98317.12
2024-11-22,3327.78,98892.0
2024-11-23,3393.91,97672.4
2024-11-24,3361.2,97900.04
2024-11-25,3414.49,93010.01
2024-11-26,3324.73,91965.16
2024-11-27,3653.28,95863.11
2024-11-28,3578.79,95643.98
2024-11-29,3592.21,97460.0
2024-11-30,3703.6,96407.99
2024-12-01,3707.61,97185.18
2024-12-02,3643.42,95840.62
2024-12-03,3614.51,95849.69
2024-12-04,3837.8,98587.32
2024-12-05,3785.2,96945.63
2024-12-06,3998.87,99740.84
2024-12-07,3996.22,99831.99
2024-12-08,4004.15,101109.59
2024-12-09,3712.0,97276.47
2024-12-10,3628.25,96593.0
2024-12-11,3831.81,101125.0
2024-12-12,3881.61,100004.29
2024-12-13,3906.8,101424.25
2024-12-14,3870.29,101420.0
2024-12-15,3959.09,104463.99
2024-12-16,3986.24,106058.66
2024-12-17,3893.01,106133.74
2024-12-18,3626.8,100204.01
2024-12-19,3417.01,97461.86
2024-12-20,3472.21,97805.44
2024-12-21,3338.92,97291.99
2024-12-22,3281.83,95186.27
2024-12-23,3422.53,94881.47
2024-12-24,3493.18,98663.58
2024-12-25,3497.0,99429.6
2024-12-26,3335.05,95791.6
2024-12-27,3333.51,94299.03
2024-12-28,3404.0,95300.0
2024-12-29,3356.48,93738.2
2024-12-30,3361.84,92792.05
2024-12-31,3337.78,93576.0
2025-01-01,3360.38,94591.79
2025-01-02,3455.67,96984.79
2025-01-03,3609.01,98174.18
2025-01-04,3656.88,98220.5
2025-01-05,3635.99,98363.61
2025-01-06,3687.45,102235.6
2025-01-07,3381.31,96954.61
2025-01-08,3327.29,95060.61
2025-01-09,3219.2,92552.49
2025-01-10,3267.04,94726.11
2025-01-11,3282.83,94599.99
2025-01-12,3267.3,94545.06
2025-01-13,3137.51,94536.1
2025-01-14,3225.63,96560.86
2025-01-15,3451.52,100497.35
2025-01-16,3308.05,99987.3
2025-01-17,3473.63,104077.48
2025-01-18,3307.71,104556.23
2025-01-19,3215.12,101331.57
2025-01-20,3284.0,102260.01
2025-01-21,3327.54,106143.82
2025-01-22,3242.6,103706.66
2025-01-23,3338.21,103910.34
2025-01-24,3310.09,104870.5
2025-01-25,3318.77,104746.85
2025-01-26,3232.61,102620.0
2025-01-27,3182.44,102082.83
2025-01-28,3077.72,101335.52
2025-01-29,3113.9,103733.24
2025-01-30,3247.39,104722.94
2025-01-31,3300.99,102429.56
2025-02-01,3117.54,100635.65
2025-02-02,2869.68,97700.59
2025-02-03,2879.9,101328.52
2025-02-04,2731.19,97763.13
2025-02-05,2788.25,96612.43
2025-02-06,2686.64,96554.35
2025-02-07,2622.1,96506.8
2025-02-08,2632.46,96444.74
2025-02-09,2627.18,96462.75
2025-02-10,2661.19,97430.82
2025-02-11,2602.59,95778.2
2025-02-12,2738.27,97869.99
2025-02-13,2675.87,96608.14
2025-02-14,2725.95,97500.48
2025-02-15,2693.04,97569.66
2025-02-16,2661.41,96118.12
2025-02-17,2744.05,95780.0
2025-02-18,2671.99,95671.74
2025-02-19,2715.5,96644.37
2025-02-20,2738.04,98305.0
2025-02-21,2663.0,96181.98
2025-02-22,2763.22,96551.01
2025-02-23,2819.69,96258.0
2025-02-24,2513.52,91552.88
2025-02-25,2495.7,88680.4
2025-02-26,2336.37,84250.09
2025-02-27,2307.72,84708.58
2025-02-28,2237.59,84349.94
2025-03-01,2217.39,86064.53
2025-03-02,2518.11,94270.0
2025-03-03,2149.01,86220.61
2025-03-04,2171.51,87281.98
2025-03-05,2241.59,90606.01
2025-03-06,2202.2,89931.89
2025-03-07,2141.6,86801.75
2025-03-08,2203.58,86222.45
2025-03-09,2020.41,80734.37
2025-03-10,1865.1,78595.86
2025-03-11,1923.43,82932.99
2025-03-12,1908.2,83680.12
2025-03-13,1864.59,81115.78
2025-03-14,1911.65,83983.2
2025-03-15,1937.17,84338.44
2025-03-16,1887.0,82574.53
2025-03-17,1926.31,84010.03
2025-03-18,1931.54,82715.03
2025-03-19,2056.06,86845.94
2025-03-20,1983.79,84223.39
2025-03-21,1965.75,84088.79
2025-03-22,1980.69,83840.59
2025-03-23,2005.99,86082.5
2025-03-24,2081.2,87498.16
2025-03-25,2066.15,87392.87
2025-03-26,2009.52,86909.17
2025-03-27,2003.66,87232.01
2025-03-28,1896.9,84424.38
2025-03-29,1828.08,82648.54
2025-03-30,1807.74,82389.99
2025-03-31,1822.43,82550.01
2025-04-01,1904.98,85158.34
2025-04-02,1795.22,82516.29
2025-04-03,1817.23,83213.09
2025-04-04,1816.87,83889.87
2025-04-05,1806.01,83537.99
2025-04-06,1580.76,78430.0
2025-04-07,1553.04,79163.24
2025-04-08,1473.41,76322.42
2025-04-09,1669.51,82615.22
2025-04-10,1522.25,79607.3
2025-04-11,1566.85,83423.84
2025-04-12,1644.18,85276.9
2025-04-13,1597.76,83760.0
2025-04-14,1623.77,84591.58
2025-04-15,1588.78,83643.99
2025-04-16,1577.14,84030.38
2025-04-17,1583.62,84947.91
2025-04-18,1588.6,84474.69
2025-04-19,1613.27,85077.01
2025-04-20,1587.36,85179.24
2025-04-21,1579.57,87516.23
2025-04-22,1756.26,93442.99
2025-04-23,1795.07,93691.08
2025-04-24,1769.65,93980.47
2025-04-25,1784.6,94638.68
2025-04-26,1820.88,94628.0
2025-04-27,1791.29,93749.3
2025-04-28,1799.88,95011.18
2025-04-29,1797.81,94256.82
2025-04-30,1793.61,94172.0
2025-05-01,1838.11,96489.91
2025-05-02,1842.2,96887.14
2025-05-03,1833.52,95856.42
2025-05-04,1808.86,94277.62
2025-05-05,1820.19,94733.68
2025-05-06,1817.0,96834.02
2025-05-07,1811.11,97030.5
2025-05-08,2207.39,103261.6
2025-05-09,2345.04,102971.99
2025-05-10,2583.23,104809.53
2025-05-11,2514.57,104118.0
2025-05-12,2495.47,102791.32
2025-05-13,2679.71,104103.72
2025-05-14,2609.74,103507.82
2025-05-15,2548.69,103763.71
2025-05-16,2537.12,103463.9
2025-05-17,2475.08,103126.65
2025-05-18,2497.78,106454.26
2025-05-19,2528.14,105573.74
2025-05-20,2524.19,106849.99
2025-05-21,2550.99,109643.99
2025-05-22,2664.82,111696.21
2025-05-23,2526.5,107318.3
2025-05-24,2530.4,107761.91
2025-05-25,2551.22,109004.19
2025-05-26,2563.7,109434.79
2025-05-27,2660.81,108938.17
2025-05-28,2681.6,107781.78
2025-05-29,2631.39,105589.75
2025-05-30,2531.34,103985.48
2025-05-31,2528.06,104591.88
2025-06-01,2539.21,105642.93
2025-06-02,2607.41,105857.99
2025-06-03,2593.36,105376.89
2025-06-04,2607.68,104696.86
2025-06-05,2414.01,101508.68
2025-06-06,2476.1,104288.44
2025-06-07,2524.63,105552.15
2025-06-08,2509.83,105734.0
2025-06-09,2680.13,110263.02
2025-06-10,2816.4,110274.39
2025-06-11,2771.61,108645.12
2025-06-12,2642.65,105671.73
2025-06-13,2579.19,106066.59
2025-06-14,2530.76,105414.64
2025-06-15,2547.61,105594.01
2025-06-16,2544.17,106794.53
2025-06-17,2509.95,104551.17
2025-06-18,2525.0,104886.78
2025-06-19,2521.12,104658.59
2025-06-20,2406.49,103297.99
2025-06-21,2295.73,102120.01
2025-06-22,2227.7,100963.87
2025-06-23,2411.66,105333.93
2025-06-24,2448.45,106083.0
2025-06-25,2418.49,107340.58
2025-06-26,2415.96,106947.06
2025-06-27,2423.17,107047.59
2025-06-28,2435.62,107296.79
2025-06-29,2500.09,108356.93
2025-06-30,2485.47,107146.5
2025-07-01,2405.01,105681.14
2025-07-02,2570.41,108849.6
2025-07-03,2591.25,109584.78
2025-07-04,2508.04,107984.24
2025-07-05,2516.41,108198.12
2025-07-06,2570.35,109203.84
2025-07-07,2542.29,108262.94
2025-07-08,2615.25,108922.98
2025-07-09,2768.74,111233.99
2025-07-10,2951.29,116010.0
2025-07-11,2958.22,117527.66
2025-07-12,2943.28,117420.0
2025-07-13,2972.03,119086.64
2025-07-14,3013.62,119841.18
2025-07-15,3137.89,117758.09
2025-07-16,3371.35,118630.43
2025-07-17,3476.87,119177.56
2025-07-18,3546.92,117924.84
2025-07-19,3592.01,117840.0
2025-07-20,3756.69,117265.12
2025-07-21,3762.33,117380.36
2025-07-22,3746.21,119954.42
2025-07-23,3628.29,118755.99
2025-07-24,3706.94,118340.99
2025-07-25,3724.96,117614.31
2025-07-26,3741.1,117919.99
2025-07-27,3872.1,119415.55
2025-07-28,3799.0,118062.32
2025-07-29,3793.79,117950.76
2025-07-30,3810.0,117840.3
2025-07-31,3698.39,115764.08
2025-08-01,3488.2,113297.93
2025-08-02,3393.94,112546.35
2025-08-03,3496.74,114208.8
2025-08-04,3720.99,115055.03
2025-08-05,3612.0,114129.75
2025-08-06,3683.31,114992.27
2025-08-07,3910.31,117472.01
2025-08-08,4009.5,116674.74
2025-08-09,4260.62,116462.25
2025-08-10,4250.57,119294.01
2025-08-11,4223.22,118686.0
2025-08-12,4590.52,120134.08
2025-08-13,4749.3,123306.43
2025-08-14,4546.84,118295.09
2025-08-15,4439.47,117342.05
2025-08-16,4421.99,117380.66
2025-08-17,4472.33,117405.01
2025-08-18,4312.99,116227.05
2025-08-19,4075.59,112872.94
2025-08-20,4336.16,114271.24
2025-08-21,4225.3,112500.0
2025-08-22,4832.07,116935.99
2025-08-23,4778.4,115438.05
2025-08-24,4780.15,113493.59
2025-08-25,4376.18,110111.98
2025-08-26,4600.63,111763.22
2025-08-27,4506.71,111262.01
2025-08-28,4511.21,112566.9
2025-08-29,4360.18,108377.4
2025-08-30,4373.7,108816.33
2025-08-31,4391.83,108246.35
2025-09-01,4314.5,109237.42
2025-09-02,4326.5,111240.01
2025-09-03,4450.46,111705.71
2025-09-04,4297.55,110730.87
2025-09-05,4307.45,110659.99
2025-09-06,4273.14,110187.97
2025-09-07,4306.19,111137.34
2025-09-08,4306.37,112065.23
2025-09-09,4310.09,111546.39
2025-09-10,4349.32,113960.0
2025-09-11,4458.82,115482.69
2025-09-12,4712.16,116029.42
2025-09-13,4666.53,115918.29
2025-09-14,4604.49,115268.01
2025-09-15,4523.74,115349.71
2025-09-16,4501.29,116788.96
2025-09-17,4590.53,116447.59
2025-09-18,4587.66,117073.53
2025-09-19,4468.59,115632.38
2025-09-20,4480.42,115685.63
2025-09-21,4444.97,115232.29
2025-09-22,4199.08,112650.99
2025-09-23,4164.26,111998.8
2025-09-24,4152.81,113307.0
2025-09-25,3874.36,108994.49
2025-09-26,4032.24,109643.46
2025-09-27,4018.38,109635.85
2025-09-28,4142.16,112163.95
2025-09-29,4215.07,114311.96
2025-09-30,4145.15,114048.93
2025-10-01,4348.03,118594.99
2025-10-02,4484.35,120529.35
2025-10-03,4512.87,122232.0
2025-10-04,4487.15,122391.0
2025-10-05,4514.32,123482.31
2025-10-06,4684.01,124658.54
2025-10-07,4447.7,121332.95
2025-10-08,4525.72,123306.0
2025-10-09,4368.09,121662.4
2025-10-10,3829.72,112774.5
2025-10-11,3746.79,110644.4
2025-10-12,4152.29,114958.8
2025-10-13,4240.85,115166.0
2025-10-14,4125.02,113028.14
2025-10-15,3985.61,110763.28
2025-10-16,3894.51,108194.28
2025-10-17,3831.57,106431.68
2025-10-18,3889.21,107185.01
2025-10-19,3982.58,108642.78
2025-10-20,3979.22,110532.09
2025-10-21,3873.05,108297.67
2025-10-22,3805.53,107567.44
2025-10-23,3856.8,110078.18
2025-10-24,3934.88,111004.89
2025-10-25,3953.82,111646.27
2025-10-26,4158.46,114559.4
2025-10-27,4120.15,114107.65
2025-10-28,3979.2,112898.45
2025-10-29,3902.99,110021.29
2025-10-30,3805.09,108322.88
2025-10-31,3847.99,109608.01
2025-11-01,3873.77,110098.1
2025-11-02,3906.58,110540.68
2025-11-03,3603.83,106583.04
2025-11-04,3287.05,101497.22
2025-11-05,3424.29,103885.16
2025-11-06,3315.14,101346.04
2025-11-07,3436.05,103339.08
2025-11-08,3401.51,102312.94
2025-11-09,3583.46,104722.96
2025-11-10,3567.85,106011.13
2025-11-11,3417.76,103058.99
2025-11-12,3414.92,101654.37
2025-11-13,3231.54,99692.02
2025-11-14,3112.4,94594.0
2025-11-15,3167.88,95596.24
2025-11-16,3095.29,94261.44
2025-11-17,3031.44,92215.14
2025-11-18,3123.66,92960.83
2025-11-19,3025.48,91554.96
2025-11-20,2834.22,86637.23
2025-11-21,2765.85,85129.43
2025-11-22,2770.12,84739.74
2025-11-23,2802.16,86830.0
2025-11-24,2953.38,88300.01
2025-11-25,2959.36,87369.96
2025-11-26,3026.56,90484.02
2025-11-27,3015.23,91333.95
2025-11-28,3031.15,90890.7
2025-11-29,2989.16,90802.44
2025-11-30,2991.26,90360.0
2025-12-01,2799.07,86286.01
2025-12-02,2996.07,91277.88
2025-12-03,3188.36,93429.95
2025-12-04,3133.26,92078.06
2025-12-05,3021.78,89330.04
2025-12-06,3038.06,89236.79
2025-12-07,3059.85,90395.31
2025-12-08,3124.16,90634.34
2025-12-09,3318.04,92678.8
2025-12-10,3324.14,92015.37
2025-12-11,3237.39,92513.38
2025-12-12,3084.86,90268.42
2025-12-13,3114.64,90240.01
2025-12-14,3063.5,88172.17
2025-12-15,2964.85,86432.08
2025-12-16,2962.3,87863.42
2025-12-17,2833.49,86243.22
2025-12-18,2828.57,85516.41
2025-12-19,2979.5,88136.94
2025-12-20,2977.93,88360.9
2025-12-21,3002.02,88658.86
2025-12-22,3009.49,88620.79
2025-12-23,2965.02,87486.0
2025-12-24,2947.47,87669.45
2025-12-25,2903.95,87225.27
2025-12-26,2927.99,87369.56
2025-12-27,2949.05,87877.01
2025-12-28,2950.91,87952.71
2025-12-29,2937.9,87237.13
2025-12-30,2973.69,88485.49
2025-12-31,2971.64,87648.22
2026-01-01,3004.19,88839.04
2026-01-02,3125.45,89995.13
2026-01-03,3127.11,90628.01
2026-01-04,3144.7,91529.73
2026-01-05,3224.99,93859.71
2026-01-06,3296.84,93747.97
2026-01-07,3168.72,91364.16
2026-01-08,3106.65,91099.99
2026-01-09,3088.4,90641.28
2026-01-10,3086.72,90504.7
2026-01-11,3123.45,91013.65
2026-01-12,3095.75,91296.2
2026-01-13,3325.82,95414.0
2026-01-14,3354.92,96951.78
2026-01-15,3318.69,95604.8
2026-01-16,3296.28,95550.94
2026-01-17,3310.56,95147.77
2026-01-18,3284.03,93673.14
2026-01-19,3189.55,92631.0
2026-01-20,2939.88,88427.66
2026-01-21,2982.27,89454.73
2026-01-22,2952.69,89559.67
2026-01-23,2956.41,89600.26
2026-01-24,2953.22,89225.34
2026-01-25,2816.89,86670.36
2026-01-26,2930.35,88347.08
2026-01-27,3026.77,89250.0
2026-01-28,3010.78,89299.99
2026-01-29,2822.59,84650.16
2026-01-30,2707.38,84260.49
2026-01-31,2451.95,78741.09
2026-02-01,2270.15,76968.21
2026-02-02,2347.02,78738.61
2026-02-03,2233.72,75770.21
2026-02-04,2148.26,73165.83
2026-02-05,1826.83,62909.86
2026-02-06,2063.38,70580.26
2026-02-07,2087.08,69289.38
2026-02-08,2089.74,70330.38
2026-02-09,2105.02,70138.0
2026-02-10,2022.67,68841.29
2026-02-11,1941.18,67082.52
2026-02-12,1947.85,66272.17
2026-02-13,2048.72,68853.96
2026-02-14,2086.59,69822.95
2026-02-15,1966.58,68832.58
2026-02-16,1998.33,68892.43
2026-02-17,1991.66,67503.52
2026-02-18,1955.91,66461.0
2026-02-19,1949.08,67003.73
2026-02-20,1968.88,68020.01
2026-02-21,1973.35,67975.93
2026-02-22,1957.82,67643.4
2026-02-23,1856.3,64656.02
2026-02-24,1851.94,64058.15
2026-02-25,2057.48,67988.04
2026-02-26,2027.68,67485.18
2026-02-27,1929.84,65872.1
2026-02-28,1964.51,66973.26
2026-03-01,1939.71,65776.47
2026-03-02,2027.35,68830.06
2026-03-03,1982.8,68338.0
2026-03-04,2127.28,72666.77
2026-03-05,2072.86,70890.72
2026-03-06,1978.68,68114.02
2026-03-07,1969.59,67262.91
2026-03-08,1937.1,65971.2
2026-03-09,1992.98,68432.16
2026-03-10,2036.51,69948.63
2026-03-11,2051.97,70191.86
2026-03-12,2073.52,70541.34
2026-03-13,2092.22,70930.0
2026-03-14,2096.16,71211.95
2026-03-15,2178.3,72815.24
2026-03-16,2352.97,74884.67
2026-03-17,2317.39,73909.36
2026-03-18,2203.39,71246.54
2026-03-19,2137.81,69930.0
2026-03-20,2146.22,70510.73
2026-03-21,2084.87,68918.12
2026-03-22,2053.89,67859.0
2026-03-23,2152.03,70906.45
2026-03-24,2156.23,70556.74
2026-03-25,2169.02,71336.53
2026-03-26,2060.43,68820.31
2026-03-27,1992.75,66407.28
2026-03-28,1994.74,66377.03
2026-03-29,1984.64,66010.93
2026-03-30,2026.48,66797.37
2026-03-31,2105.43,68284.48
2026-04-01,2140.35,68113.92
2026-04-02,2057.17,66901.99
2026-04-03,2053.83,66964.3
2026-04-04,2065.52,67300.42
2026-04-05,2110.17,69034.18
2026-04-06,2107.16,68853.66
2026-04-07,2240.01,71924.22
2026-04-08,2190.0,71069.93
2026-04-09,2190.2,71787.97
2026-04-10,2245.05,72962.7
2026-04-11,2284.99,73043.16
2026-04-12,2191.65,70740.98
2026-04-13,2369.46,74417.99
2026-04-14,2322.44,74131.55
2026-04-15,2359.95,74809.99
2026-04-16,2348.17,75154.29
2026-04-17,2419.0,77072.0
2026-04-18,2350.32,75691.76
2026-04-19,2263.27,73801.79
2026-04-20,2313.85,75840.97
2026-04-21,2327.14,76336.15
2026-04-22,2374.07,78178.23
2026-04-23,2330.26,78257.48
2026-04-24,2314.99,77437.13
2026-04-25,2319.5,77625.0
2026-04-26,2369.44,78657.55
2026-04-27,2303.67,77371.32
2026-04-28,2289.42,76342.77
2026-04-29,2252.9,75780.0
2026-04-30,2257.51,76346.57
2026-05-01,2295.63,78231.13
2026-05-02,2316.97,78686.85
2026-05-03,2322.65,78568.57
2026-05-04,2347.16,79861.01
2026-05-05,2360.77,80905.52
2026-05-06,2350.84,81447.01
2026-05-07,2291.06,80006.0
2026-05-08,2307.06,80193.17
2026-05-09,2326.44,80678.4
2026-05-10,2371.27,82210.07
2026-05-11,2339.87,81745.65
2026-05-12,2274.96,80504.47
2026-05-13,2258.65,79313.61
2026-05-14,2283.25,81089.99
2026-05-15,2224.66,79113.21
2026-05-16,2180.77,78148.05
2026-05-17,2131.0,77457.67
2026-05-18,2130.08,77001.87
2026-05-19,2111.93,76834.36
2026-05-20,2129.44,77552.23
2026-05-21,2133.76,77615.52
2026-05-22,2065.85,75539.5
2026-05-23,2117.68,76752.01
2026-05-24,2099.85,77064.96
2026-05-25,2113.01,77322.01
2026-05-26,2073.77,75930.01
2026-05-27,2024.84,74449.3
2026-05-28,2009.9,73617.51
2026-05-29,2014.54,73460.78
2026-05-30,2022.44,73884.38
2026-05-31,2007.01,73674.39
2026-06-01,2006.73,71408.9
2026-06-02,1859.84,66760.83
2026-06-03,1813.05,64142.75
2026-06-04,1770.77,63885.99
2026-06-05,1583.4,61056.47
2026-06-06,1569.69,60884.62
2026-06-07,1690.51,63332.01
2026-06-08,1690.49,63085.99
2026-06-09,1639.52,61730.0
2026-06-10,1621.59,61510.99
2026-06-11,1673.46,63625.99
2026-06-12,1666.41,63580.01
2026-06-13,1681.18,64458.01
2026-06-14,1725.62,65746.45
2026-06-15,1796.13,66328.74
2026-06-16,1792.99,65675.01
2026-06-17,1750.6,64509.4
2026-06-18,1711.11,62958.01
2026-06-19,1711.19,63543.91
2026-06-20,1741.08,64298.01
2026-06-21,1706.94,63311.99
2026-06-22,1728.19,64020.01
2026-06-23,1667.13,62734.57
2026-06-24,1622.17,61077.99
2026-06-25,1567.84,59794.0
2026-06-26,1578.68,60097.27
2026-06-27,1573.99,60029.0
2026-06-28,1571.96,59577.01
2026-06-29,1613.07,60260.21
2026-06-30,1572.01,58624.71
2026-07-01,1609.58,60024.0
2026-07-02,1700.57,61560.0
2026-07-03,1758.21,62583.26
2026-07-04,1780.64,63144.01
2026-07-05,1785.65,63650.0
2026-07-06,1799.56,64042.02
2026-07-07,1771.45,63363.99
2026-07-08,1743.54,62290.0
2026-07-09,1745.16,63230.0
2026-07-10,1796.85,64161.72
2026-07-11,1787.76,63819.0
2026-07-12,1806.8,63780.0
2026-07-13,1776.72,62334.52
2026-07-14,1891.87,65043.98
2026-07-15,1917.86,64756.28
2026-07-16,1864.71,63830.2
2026-07-17,1841.93,63931.67
2026-07-18,1862.61,64834.22
2026-07-19,1872.23,64722.54
2026-07-20,1904.77,65255.51
2026-07-21,1930.09,66556.16
2026-07-22,1934.25,66114.49
2026-07-23,1878.38,65098.97
2026-07-24,1861.44,64139.99
2026-07-25,1874.89,64375.0
2026-07-26,1954.72,65399.99
2026-07-27,1892.53,63755.86
2026-07-28,1922.23,63915.0
2026-07-29,1910.72,63984.28
2026-07-30,1918.31,64780.02
2026-07-31,1862.6,62887.88
2026-08-01,1844.94,62823.64
2026-08-02,1885.36,63570.0
2026-08-03,1860.5,63520.0
2026-08-04,1869.75,64106.56
2026-08-05,1908.9,64665.23
2026-08-06,1904.1,64323.61
2026-08-07,1914.18,64923.19
2026-08-08,1916.74,64962.6
2026-08-09,1910.65,64901.59
2026-08-10,1873.16,63970.01
2026-08-11,1882.59,63600.0
2026-08-12,1879.81,63479.99
2026-08-13,1886.15,63490.86
2026-08-14,1882.2,63043.56
2026-08-15,1882.64,63086.01
2026-08-16,1876.0,62900.0
2026-08-17,1913.6,64532.1
2026-08-18,1917.85,64725.42
2026-08-19,2252.8,69334.79
2026-08-20,2326.82,73025.15
2026-08-21,2516.3,78338.03
2026-08-22,2422.6,77074.93
2026-08-23,2463.41,77734.0
2026-08-24,2482.31,78992.75
2026-08-25,2442.64,78539.14
2026-08-26,2506.78,79023.75
2026-08-27,2510.94,80249.58
2026-08-28,2442.8,77845.87
2026-08-29,2457.67,78230.0
2026-08-30,2416.88,77682.0
2026-08-31,2467.65,78581.29
2026-09-01,2418.57,77439.0
2026-09-02,2391.92,77340.01
2026-09-03,2507.51,81270.37
2026-09-04,2455.85,79660.77
2026-09-05,2480.34,79831.75
2026-09-06,2514.48,80341.83
2026-09-07,2490.16,79112.01
2026-09-08,2485.06,78455.8
2026-09-09,2468.13,78306.43
2026-09-10,2438.27,76568.72
2026-09-11,2516.43,77225.7
2026-09-12,2525.93,77278.73
2026-09-13,2477.1,76842.01
2026-09-14,2515.75,78189.21
2026-09-15,2398.26,75644.48
2026-09-16,2418.26,76206.01
2026-09-17,2447.28,76417.01
2026-09-18,2612.14,80883.87
2026-09-19,2632.69,81249.99
2026-09-20,2645.21,81178.0
2026-09-21,2776.19,86620.0
2026-09-22,2753.63,86208.56
2026-09-23,2684.71,84397.6
2026-09-24,2688.05,84410.24
2026-09-25,2691.61,84099.99
2026-09-26,2696.33,84433.1
2026-09-27,2688.65,84472.0
2026-09-28,2688.71,83500.01
2026-09-29,2677.98,83663.66
2026-09-30,2686.16,84220.17
