date,ETH,BTC
2021-03-24,106.73,95.04
2021-03-25,105.39,89.74
2021-03-26,90.27,84.52
2021-03-27,87.46,79.69
2021-03-28,84.22,79.07
2021-03-29,88.24,83.71
2021-03-30,89.19,85.08
2021-03-31,93.88,86.45
2021-04-01,89.09,82.38
2021-04-02,94.81,81.28
2021-04-03,95.17,81.29
2021-04-04,93.72,82.42
2021-04-05,91.94,80.22
2021-04-06,92.31,81.01
2021-04-07,88.32,78.78
2021-04-08,86.21,74.31
2021-04-09,84.58,77.07
2021-04-10,90.53,81.54
2021-04-11,93.35,82.61
2021-04-12,96.81,84.5
2021-04-13,102.2,88.64
2021-04-14,94.57,83.85
2021-04-15,89.72,77.08
2021-04-16,85.47,77.67
2021-04-17,83.47,74.43
2021-04-18,97.12,88.4
2021-04-19,93.87,83.2
2021-04-20,94.36,82.96
2021-04-21,92.71,83.0
2021-04-22,91.92,87.39
2021-04-23,94.38,89.31
2021-04-24,100.44,94.08
2021-04-25,101.64,93.46
2021-04-26,91.39,82.66
2021-04-27,92.29,77.53
2021-04-28,88.95,76.96
2021-04-29,94.2,80.2
2021-04-30,95.97,75.09
2021-05-01,98.0,76.15
2021-05-02,95.95,79.09
2021-05-03,111.48,81.79
2021-05-04,116.77,87.96
2021-05-05,117.82,84.39
2021-05-06,115.85,82.14
2021-05-07,109.35,80.56
2021-05-08,113.49,83.57
2021-05-09,115.12,86.05
2021-05-10,124.28,90.26
2021-05-11,127.51,86.27
2021-05-12,132.93,93.86
2021-05-13,124.53,92.9
2021-05-14,125.3,98.46
2021-05-15,128.69,102.85
2021-05-16,129.27,105.28
2021-05-17,131.11,123.02
2021-05-18,129.27,117.01
2021-05-19,158.27,124.83
2021-05-20,181.68,119.77
2021-05-21,185.12,139.98
2021-05-22,186.76,140.05
2021-05-23,193.34,156.2
2021-05-24,165.51,125.12
2021-05-25,167.01,129.11
2021-05-26,162.34,117.02
2021-05-27,161.07,107.26
2021-05-28,170.2,122.55
2021-05-29,173.12,129.3
2021-05-30,156.16,123.61
2021-05-31,148.59,106.47
2021-06-01,149.88,108.23
2021-06-02,145.1,103.17
2021-06-03,140.76,99.19
2021-06-04,138.64,102.91
2021-06-05,140.87,108.52
2021-06-06,138.32,105.93
2021-06-07,138.24,108.32
2021-06-08,141.21,111.04
2021-06-09,133.27,105.82
2021-06-10,125.64,99.46
2021-06-11,122.64,97.22
2021-06-12,122.26,99.39
2021-06-13,123.11,102.86
2021-06-14,119.31,98.88
2021-06-15,110.35,96.77
2021-06-16,109.16,95.25
2021-06-17,106.66,95.28
2021-06-18,108.92,94.73
2021-06-19,103.76,91.89
2021-06-20,106.78,95.63
2021-06-21,124.43,106.23
2021-06-22,123.72,107.01
2021-06-23,118.16,102.21
2021-06-24,116.28,100.99
2021-06-25,118.58,105.3
2021-06-26,119.49,106.7
2021-06-27,117.59,106.41
2021-06-28,114.07,104.3
2021-06-29,109.67,98.86
2021-06-30,114.41,104.51
2021-07-01,113.77,102.38
2021-07-02,108.95,99.23
2021-07-03,107.32,98.02
2021-07-04,104.96,95.89
2021-07-05,102.79,96.39
2021-07-06,106.33,95.74
2021-07-07,105.5,94.93
2021-07-08,107.88,94.43
2021-07-09,103.92,90.89
2021-07-10,104.72,90.57
2021-07-11,103.6,88.71
2021-07-12,103.41,90.51
2021-07-13,105.3,90.81
2021-07-14,101.34,86.97
2021-07-15,101.7,85.55
2021-07-16,100.98,82.59
2021-07-17,100.89,82.78
2021-07-18,101.43,83.52
2021-07-19,106.48,88.46
2021-07-20,108.45,91.49
2021-07-21,108.34,87.86
2021-07-22,105.24,84.64
2021-07-23,101.97,81.75
2021-07-24,102.41,81.31
2021-07-25,103.05,83.9
2021-07-26,105.35,87.68
2021-07-27,108.34,91.84
2021-07-28,107.3,95.68
2021-07-29,106.81,93.24
2021-07-30,103.84,93.49
2021-07-31,102.22,89.55
2021-08-01,103.95,89.3
2021-08-02,102.98,88.52
2021-08-03,105.79,89.04
2021-08-04,109.75,91.94
2021-08-05,114.91,96.09
2021-08-06,111.07,93.62
2021-08-07,118.74,97.27
2021-08-08,115.71,95.99
2021-08-09,127.77,106.97
2021-08-10,121.58,103.35
2021-08-11,120.03,100.53
2021-08-12,115.36,98.06
2021-08-13,117.07,100.3
2021-08-14,112.41,97.48
2021-08-15,111.83,98.69
2021-08-16,111.98,98.3
2021-08-17,113.03,96.68
2021-08-18,112.93,95.81
2021-08-19,112.14,94.5
2021-08-20,110.2,93.06
2021-08-21,108.21,92.71
2021-08-22,107.13,94.83
2021-08-23,107.08,93.64
2021-08-24,106.13,92.85
2021-08-25,103.62,93.62
2021-08-26,102.92,93.87
2021-08-27,102.06,90.92
2021-08-28,98.27,90.11
2021-08-29,99.54,90.6
2021-08-30,103.79,92.08
2021-08-31,104.64,91.08
2021-09-01,113.63,93.65
2021-09-02,110.75,92.82
2021-09-03,106.48,90.15
2021-09-04,107.6,91.3
2021-09-05,109.21,93.37
2021-09-06,107.56,92.86
2021-09-07,110.41,95.16
2021-09-08,107.7,92.31
2021-09-09,106.28,91.95
2021-09-10,104.56,90.57
2021-09-11,105.08,89.46
2021-09-12,106.1,92.13
2021-09-13,106.25,92.14
2021-09-14,106.64,90.9
2021-09-15,103.59,90.32
2021-09-16,98.61,84.17
2021-09-17,98.52,82.35
2021-09-18,97.54,84.7
2021-09-19,96.98,85.72
2021-09-20,104.64,91.76
2021-09-21,111.21,96.26
2021-09-22,100.77,88.73
2021-09-23,97.82,83.84
2021-09-24,101.81,86.92
2021-09-25,100.44,85.88
2021-09-26,100.62,89.12
2021-09-27,104.71,89.25
2021-09-28,109.77,92.27
2021-09-29,104.62,91.77
2021-09-30,103.19,90.97
2021-10-01,96.12,85.84
2021-10-02,94.17,83.97
2021-10-03,96.24,85.56
2021-10-04,99.76,89.62
2021-10-05,100.91,92.68
2021-10-06,101.65,89.38
2021-10-07,101.57,88.13
2021-10-08,99.01,88.19
2021-10-09,97.63,87.42
2021-10-10,98.5,89.23
2021-10-11,98.99,90.49
2021-10-12,101.29,93.37
2021-10-13,101.07,95.0
2021-10-14,102.76,97.87
2021-10-15,100.71,90.71
2021-10-16,92.25,86.8
2021-10-17,97.8,89.66
2021-10-18,103.18,92.4
2021-10-19,103.74,94.15
2021-10-20,113.61,93.04
2021-10-21,110.13,92.52
2021-10-22,103.5,86.73
2021-10-23,103.74,86.31
2021-10-24,105.65,89.88
2021-10-25,103.1,84.45
2021-10-26,103.18,89.01
2021-10-27,109.02,88.45
2021-10-28,110.39,89.87
2021-10-29,107.13,87.58
2021-10-30,107.37,87.17
2021-10-31,108.41,87.64
2021-11-01,107.67,85.45
2021-11-02,111.84,87.23
2021-11-03,109.19,85.84
2021-11-04,107.17,84.73
2021-11-05,103.82,85.71
2021-11-06,106.48,87.07
2021-11-07,104.02,86.59
2021-11-08,105.13,86.69
2021-11-09,104.51,84.68
2021-11-10,105.05,86.36
2021-11-11,103.92,85.23
2021-11-12,107.06,88.44
2021-11-13,105.93,87.74
2021-11-14,103.24,87.22
2021-11-15,102.78,85.04
2021-11-16,110.64,87.28
2021-11-17,109.74,89.88
2021-11-18,112.49,90.12
2021-11-19,106.59,85.78
2021-11-20,106.77,85.44
2021-11-21,106.26,85.94
2021-11-22,112.04,88.98
2021-11-23,110.9,89.91
2021-11-24,109.53,90.42
2021-11-25,106.62,86.52
2021-11-26,107.26,86.06
2021-11-27,103.51,83.72
2021-11-28,105.58,86.32
2021-11-29,104.75,82.85
2021-11-30,105.95,84.08
2021-12-01,106.36,83.64
2021-12-02,106.91,85.26
2021-12-03,106.88,84.55
2021-12-04,106.71,87.29
2021-12-05,109.05,89.39
2021-12-06,107.38,86.84
2021-12-07,106.56,86.0
2021-12-08,107.08,87.16
2021-12-09,109.56,90.3
2021-12-10,112.23,89.98
2021-12-11,108.69,88.72
2021-12-12,112.55,92.25
2021-12-13,112.45,90.29
2021-12-14,110.34,92.34
2021-12-15,109.05,89.34
2021-12-16,103.39,86.78
2021-12-17,100.11,85.34
2021-12-18,100.48,87.43
2021-12-19,102.47,87.83
2021-12-20,102.37,87.31
2021-12-21,102.21,86.04
2021-12-22,99.7,82.99
2021-12-23,93.93,82.99
2021-12-24,94.03,82.57
2021-12-25,91.73,81.08
2021-12-26,88.58,80.26
2021-12-27,92.17,83.29
2021-12-28,88.8,76.7
2021-12-29,93.37,80.73
2021-12-30,92.62,80.68
2021-12-31,83.1,75.51
2022-01-01,79.38,70.91
2022-01-02,80.9,72.06
2022-01-03,80.04,71.94
2022-01-04,79.12,72.52
2022-01-05,85.44,75.64
2022-01-06,80.89,73.19
2022-01-07,84.85,73.86
2022-01-08,83.21,71.56
2022-01-09,84.36,73.5
2022-01-10,85.77,74.1
2022-01-11,82.17,75.37
2022-01-12,79.85,71.81
2022-01-13,75.5,67.51
2022-01-14,72.08,65.13
2022-01-15,70.72,62.95
2022-01-16,71.8,62.22
2022-01-17,72.74,65.23
2022-01-18,73.93,67.27
2022-01-19,73.75,65.96
2022-01-20,74.66,65.24
2022-01-21,92.74,77.8
2022-01-22,95.29,81.0
2022-01-23,91.8,77.29
2022-01-24,94.78,78.59
2022-01-25,91.84,81.26
2022-01-26,95.83,80.39
2022-01-27,97.76,80.14
2022-01-28,84.96,74.77
2022-01-29,83.81,75.18
2022-01-30,83.79,74.32
2022-01-31,82.83,70.99
2022-02-01,84.44,71.81
2022-02-02,87.39,75.0
2022-02-03,88.01,74.14
2022-02-04,82.3,70.14
2022-02-05,80.06,67.37
2022-02-06,81.46,70.69
2022-02-07,80.86,69.18
2022-02-08,81.16,70.27
2022-02-09,81.95,69.81
2022-02-10,82.44,70.81
2022-02-11,85.14,72.34
2022-02-12,82.55,71.32
2022-02-13,85.9,73.05
2022-02-14,82.13,72.16
2022-02-15,78.42,70.59
2022-02-16,75.26,68.07
2022-02-17,82.73,71.54
2022-02-18,78.27,68.83
2022-02-19,76.89,67.72
2022-02-20,92.7,73.92
2022-02-21,95.26,77.69
2022-02-22,89.93,75.22
2022-02-23,90.24,73.78
2022-02-24,93.77,79.88
2022-02-25,83.64,71.44
2022-02-26,82.21,72.49
2022-02-27,92.48,80.65
2022-02-28,85.85,77.47
2022-03-01,86.01,76.99
2022-03-02,81.6,73.8
2022-03-03,84.11,73.7
2022-03-04,88.4,79.28
2022-03-05,85.13,77.39
2022-03-06,87.73,79.72
2022-03-07,92.58,80.7
2022-03-08,90.62,80.93
2022-03-09,89.59,81.01
2022-03-10,88.79,80.13
2022-03-11,91.27,79.73
2022-03-12,90.33,81.13
2022-03-13,92.24,82.47
2022-03-14,91.01,82.43
2022-03-15,91.59,81.98
2022-03-16,87.32,81.79
2022-03-17,83.11,75.18
2022-03-18,78.88,70.75
2022-03-19,80.18,71.66
2022-03-20,81.87,72.67
2022-03-21,82.66,71.8
2022-03-22,80.85,71.19
2022-03-23,77.7,69.58
2022-03-24,76.06,65.47
2022-03-25,70.71,62.41
2022-03-26,71.33,66.62
2022-03-27,71.65,68.62
2022-03-28,72.6,63.04
2022-03-29,71.14,62.04
2022-03-30,70.8,62.44
2022-03-31,75.03,64.11
2022-04-01,70.62,59.54
2022-04-02,68.77,59.26
2022-04-03,69.33,59.47
2022-04-04,68.69,60.54
2022-04-05,70.89,62.88
2022-04-06,77.04,66.05
2022-04-07,72.68,61.74
2022-04-08,70.66,62.19
2022-04-09,66.75,59.72
2022-04-10,70.45,61.08
2022-04-11,73.72,68.28
2022-04-12,69.88,65.22
2022-04-13,69.25,63.61
2022-04-14,66.83,62.1
2022-04-15,65.38,60.4
2022-04-16,65.07,61.05
2022-04-17,66.91,63.59
2022-04-18,68.49,63.47
2022-04-19,66.78,62.46
2022-04-20,67.34,62.19
2022-04-21,68.08,63.51
2022-04-22,65.25,61.12
2022-04-23,65.59,61.34
2022-04-24,66.51,62.62
2022-04-25,72.83,65.57
2022-04-26,72.36,66.78
2022-04-27,71.66,65.09
2022-04-28,71.27,63.0
2022-04-29,66.73,60.54
2022-04-30,69.72,62.23
2022-05-01,68.08,62.44
2022-05-02,69.68,62.42
2022-05-03,72.62,64.92
2022-05-04,68.55,60.58
2022-05-05,70.94,63.13
2022-05-06,68.53,62.19
2022-05-07,70.54,64.87
2022-05-08,72.52,68.59
2022-05-09,89.08,84.91
2022-05-10,87.71,81.61
2022-05-11,110.36,101.25
2022-05-12,132.18,114.58
2022-05-13,108.8,99.66
2022-05-14,103.6,93.57
2022-05-15,104.32,92.34
2022-05-16,105.33,96.37
2022-05-17,97.29,91.46
2022-05-18,107.9,100.59
2022-05-19,99.01,91.11
2022-05-20,98.59,88.56
2022-05-21,91.4,84.12
2022-05-22,92.22,82.49
2022-05-23,92.17,82.54
2022-05-24,91.61,82.27
2022-05-25,93.34,82.57
2022-05-26,95.91,81.63
2022-05-27,98.7,84.72
2022-05-28,94.45,80.91
2022-05-29,95.32,81.2
2022-05-30,90.14,75.39
2022-05-31,88.86,73.06
2022-06-01,90.86,74.75
2022-06-02,87.9,73.43
2022-06-03,86.7,71.33
2022-06-04,85.97,70.96
2022-06-05,86.21,72.04
2022-06-06,81.82,68.51
2022-06-07,87.34,71.51
2022-06-08,88.27,71.7
2022-06-09,87.33,72.57
2022-06-10,92.46,72.55
2022-06-11,97.85,75.05
2022-06-12,105.81,93.99
2022-06-13,134.62,106.0
2022-06-14,130.25,103.09
2022-06-15,118.75,89.15
2022-06-16,135.82,119.65
2022-06-17,123.1,108.67
2022-06-18,137.59,115.03
2022-06-19,130.05,109.97
2022-06-20,119.12,99.27
2022-06-21,118.37,97.96
2022-06-22,118.59,99.76
2022-06-23,111.57,91.46
2022-06-24,114.98,90.66
2022-06-25,111.21,86.66
2022-06-26,111.25,90.26
2022-06-27,111.69,89.09
2022-06-28,111.42,87.5
2022-06-29,116.29,91.37
2022-06-30,120.04,94.14
2022-07-01,119.0,92.97
2022-07-02,114.59,92.23
2022-07-03,114.47,92.07
2022-07-04,107.35,86.99
2022-07-05,108.79,86.08
2022-07-06,105.27,82.25
2022-07-07,104.64,81.35
2022-07-08,100.02,78.39
2022-07-09,96.75,73.55
2022-07-10,100.04,75.86
2022-07-11,106.86,80.52
2022-07-12,110.72,85.86
2022-07-13,103.41,80.89
2022-07-14,100.56,81.35
2022-07-15,101.13,78.7
2022-07-16,108.0,81.99
2022-07-17,105.94,81.29
2022-07-18,116.1,83.39
2022-07-19,112.62,82.9
2022-07-20,112.91,83.99
2022-07-21,109.23,82.38
2022-07-22,113.38,84.28
2022-07-23,113.35,80.45
2022-07-24,115.24,83.17
2022-07-25,114.06,81.35
2022-07-26,112.5,81.39
2022-07-27,105.71,76.49
2022-07-28,110.59,76.89
2022-07-29,109.44,75.03
2022-07-30,109.12,78.55
2022-07-31,113.75,78.66
2022-08-01,112.97,77.69
2022-08-02,108.9,77.79
2022-08-03,109.22,75.87
2022-08-04,108.52,73.67
2022-08-05,107.58,71.85
2022-08-06,108.46,71.7
2022-08-07,108.62,73.6
2022-08-08,109.54,75.17
2022-08-09,110.3,74.67
2022-08-10,105.68,70.87
2022-08-11,102.66,71.48
2022-08-12,100.96,70.27
2022-08-13,104.33,70.6
2022-08-14,105.65,70.89
2022-08-15,104.62,70.2
2022-08-16,103.83,71.55
2022-08-17,108.97,75.32
2022-08-18,106.75,74.82
2022-08-19,117.32,81.24
2022-08-20,111.74,77.7
2022-08-21,114.19,79.02
2022-08-22,114.19,80.35
2022-08-23,111.38,77.78
2022-08-24,110.74,75.59
2022-08-25,111.8,73.83
2022-08-26,112.06,72.6
2022-08-27,111.92,73.03
2022-08-28,117.48,76.17
2022-08-29,112.91,73.2
2022-08-30,114.33,75.78
2022-08-31,115.45,75.04
2022-09-01,114.94,77.83
2022-09-02,111.4,74.66
2022-09-03,113.28,77.86
2022-09-04,111.56,76.01
2022-09-05,109.75,76.88
2022-09-06,112.06,81.46
2022-09-07,112.16,76.12
2022-09-08,114.9,75.72
2022-09-09,113.11,75.12
2022-09-10,113.35,78.15
2022-09-11,115.45,78.91
2022-09-12,115.1,79.15
2022-09-13,115.61,81.07
2022-09-14,116.01,78.19
2022-09-15,103.25,76.05
2022-09-16,100.95,70.57
2022-09-17,95.52,69.14
2022-09-18,103.33,74.86
2022-09-19,94.69,70.23
2022-09-20,99.96,75.86
2022-09-21,103.3,76.7
2022-09-22,100.03,74.81
2022-09-23,100.74,74.23
2022-09-24,96.26,73.21
2022-09-25,98.6,75.88
2022-09-26,98.97,76.71
2022-09-27,98.65,76.88
2022-09-28,100.48,79.4
2022-09-29,99.87,77.52
2022-09-30,93.41,74.06
2022-10-01,95.09,72.26
2022-10-02,96.97,76.42
2022-10-03,88.82,70.07
2022-10-04,89.29,69.87
2022-10-05,89.08,71.16
2022-10-06,84.73,68.73
2022-10-07,82.02,65.99
2022-10-08,80.4,64.84
2022-10-09,82.41,67.51
2022-10-10,82.87,68.98
2022-10-11,85.07,70.6
2022-10-12,85.06,70.2
2022-10-13,83.6,66.11
2022-10-14,79.74,62.08
2022-10-15,79.64,62.66
2022-10-16,79.8,63.27
2022-10-17,74.0,60.01
2022-10-18,76.82,62.26
2022-10-19,75.98,60.9
2022-10-20,76.62,61.44
2022-10-21,75.03,62.19
2022-10-22,73.1,62.14
2022-10-23,72.94,64.07
2022-10-24,76.2,64.31
2022-10-25,79.52,65.61
2022-10-26,88.34,66.28
2022-10-27,82.09,61.41
2022-10-28,78.57,55.08
2022-10-29,83.62,57.8
2022-10-30,86.07,60.36
2022-10-31,87.38,59.63
2022-11-01,86.24,59.92
2022-11-02,79.84,56.41
2022-11-03,74.01,53.98
2022-11-04,78.21,54.19
2022-11-05,77.92,55.9
2022-11-06,80.67,56.76
2022-11-07,89.29,59.48
2022-11-08,104.85,76.66
2022-11-09,153.93,114.72
2022-11-10,124.99,93.12
2022-11-11,124.63,102.11
2022-11-12,125.5,102.92
2022-11-13,136.34,107.88
2022-11-14,125.94,98.18
2022-11-15,110.49,89.99
2022-11-16,122.98,98.64
2022-11-17,102.94,76.97
2022-11-18,99.21,74.71
2022-11-19,93.18,72.41
2022-11-20,108.84,80.26
2022-11-21,105.62,80.81
2022-11-22,102.72,79.71
2022-11-23,93.64,75.27
2022-11-24,91.16,72.21
2022-11-25,85.58,64.89
2022-11-26,84.81,65.49
2022-11-27,86.26,67.12
2022-11-28,89.97,67.44
2022-11-29,85.38,64.8
2022-11-30,82.59,64.05
2022-12-01,82.83,60.05
2022-12-02,76.34,58.75
2022-12-03,81.37,61.15
2022-12-04,80.38,61.84
2022-12-05,80.84,56.01
2022-12-06,78.69,56.74
2022-12-07,81.97,61.83
2022-12-08,72.86,55.71
2022-12-09,78.64,58.71
2022-12-10,79.71,59.55
2022-12-11,82.37,61.79
2022-12-12,79.7,61.15
2022-12-13,79.2,60.66
2022-12-14,73.19,55.19
2022-12-15,71.98,57.74
2022-12-16,78.05,63.31
2022-12-17,76.63,62.29
2022-12-18,76.37,66.48
2022-12-19,77.39,63.62
2022-12-20,72.45,60.1
2022-12-21,72.11,59.12
2022-12-22,69.92,56.14
2022-12-23,67.0,53.67
2022-12-24,68.3,52.35
2022-12-25,71.38,53.68
2022-12-26,68.81,53.22
2022-12-27,69.16,54.05
2022-12-28,70.07,57.19
2022-12-29,68.58,54.59
2022-12-30,63.92,49.82
2022-12-31,63.9,48.31
2023-01-01,61.64,46.96
2023-01-02,62.4,50.02
2023-01-03,62.24,48.95
2023-01-04,60.53,46.87
2023-01-05,58.85,45.45
2023-01-06,59.76,43.61
2023-01-07,58.76,42.02
2023-01-08,58.15,42.79
2023-01-09,61.97,44.06
2023-01-10,62.11,45.47
2023-01-11,63.37,47.55
2023-01-12,66.43,51.42
2023-01-13,70.29,61.12
2023-01-14,81.69,73.62
2023-01-15,78.81,70.2
2023-01-16,76.93,64.92
2023-01-17,75.66,63.35
2023-01-18,75.35,63.34
2023-01-19,68.99,56.9
2023-01-20,67.58,59.48
2023-01-21,71.16,65.79
2023-01-22,70.66,61.99
2023-01-23,71.13,64.38
2023-01-24,69.54,61.33
2023-01-25,66.84,61.49
2023-01-26,65.15,57.0
2023-01-27,62.91,55.0
2023-01-28,62.31,54.49
2023-01-29,67.7,58.92
2023-01-30,67.17,56.4
2023-01-31,65.95,58.82
2023-02-01,68.38,58.04
2023-02-02,69.88,57.71
2023-02-03,68.01,54.25
2023-02-04,68.55,54.16
2023-02-05,70.16,55.23
2023-02-06,68.85,54.56
2023-02-07,67.34,53.31
2023-02-08,66.06,52.99
2023-02-09,65.26,51.95
2023-02-10,65.04,48.69
2023-02-11,63.57,47.13
2023-02-12,63.66,47.5
2023-02-13,66.56,50.65
2023-02-14,62.52,49.17
2023-02-15,64.07,52.67
2023-02-16,68.54,58.8
2023-02-17,69.26,60.77
2023-02-18,66.51,58.37
2023-02-19,68.43,59.94
2023-02-20,67.39,60.75
2023-02-21,67.87,60.82
2023-02-22,62.97,56.83
2023-02-23,61.35,54.93
2023-02-24,55.4,50.49
2023-02-25,57.26,50.29
2023-02-26,57.68,51.34
2023-02-27,57.4,50.44
2023-02-28,56.25,50.37
2023-03-01,60.16,54.71
2023-03-02,60.01,53.72
2023-03-03,57.76,52.2
2023-03-04,56.88,51.57
2023-03-05,57.04,50.84
2023-03-06,57.61,51.78
2023-03-07,57.07,51.46
2023-03-08,57.31,50.12
2023-03-09,60.78,54.39
2023-03-10,63.61,54.2
2023-03-11,68.47,59.82
2023-03-12,65.83,58.87
2023-03-13,68.8,62.24
2023-03-14,66.9,63.46
2023-03-15,65.06,64.15
2023-03-16,62.78,62.45
2023-03-17,66.56,66.59
2023-03-18,69.53,67.25
2023-03-19,75.18,73.34
2023-03-20,67.72,68.23
2023-03-21,70.31,70.06
2023-03-22,65.54,63.89
2023-03-23,69.75,66.43
2023-03-24,66.91,65.06
2023-03-25,64.24,61.59
2023-03-26,64.97,63.23
2023-03-27,65.05,62.12
2023-03-28,65.26,60.13
2023-03-29,66.75,64.49
2023-03-30,65.54,62.74
2023-03-31,62.74,58.52
2023-04-01,62.33,58.17
2023-04-02,63.1,60.28
2023-04-03,63.73,61.83
2023-04-04,65.42,59.65
2023-04-05,64.24,58.02
2023-04-06,62.66,57.06
2023-04-07,59.6,54.5
2023-04-08,57.46,55.26
2023-04-09,60.36,58.56
2023-04-10,64.04,62.16
2023-04-11,62.61,60.18
2023-04-12,61.48,55.87
2023-04-13,62.18,55.47
2023-04-14,59.52,53.46
2023-04-15,61.56,53.81
2023-04-16,64.34,56.4
2023-04-17,61.52,55.6
2023-04-18,61.22,55.63
2023-04-19,60.02,55.71
2023-04-20,58.99,56.11
2023-04-21,60.49,54.82
2023-04-22,59.33,54.53
2023-04-23,57.22,54.22
2023-04-24,59.81,52.72
2023-04-25,56.54,52.38
2023-04-26,57.56,55.47
2023-04-27,55.74,55.07
2023-04-28,53.08,50.73
2023-04-29,53.4,50.68
2023-04-30,53.56,53.3
2023-05-01,53.8,53.19
2023-05-02,54.25,53.21
2023-05-03,54.36,52.92
2023-05-04,52.57,51.9
2023-05-05,53.54,51.67
2023-05-06,51.74,50.53
2023-05-07,54.4,51.68
2023-05-08,53.22,51.34
2023-05-09,54.53,51.98
2023-05-10,51.55,50.86
2023-05-11,52.98,51.21
2023-05-12,51.97,50.09
2023-05-13,51.32,48.35
2023-05-14,51.01,48.02
2023-05-15,52.64,52.28
2023-05-16,51.18,50.57
2023-05-17,49.47,49.72
2023-05-18,47.15,46.28
2023-05-19,46.49,46.52
2023-05-20,47.17,46.34
2023-05-21,46.13,47.02
2023-05-22,48.08,47.58
2023-05-23,50.59,50.08
2023-05-24,50.45,51.3
2023-05-25,46.77,47.77
2023-05-26,46.24,45.24
2023-05-27,44.37,43.09
2023-05-28,48.02,49.94
2023-05-29,45.71,47.12
2023-05-30,43.57,44.68
2023-05-31,42.28,43.93
2023-06-01,42.3,42.13
2023-06-02,42.77,41.4
2023-06-03,42.02,39.75
2023-06-04,41.59,41.69
2023-06-05,40.35,40.11
2023-06-06,42.53,43.65
2023-06-07,41.64,45.63
2023-06-08,40.94,41.35
2023-06-09,40.86,40.8
2023-06-10,45.56,43.37
2023-06-11,44.96,42.81
2023-06-12,48.38,46.45
2023-06-13,47.27,45.38
2023-06-14,47.95,44.66
2023-06-15,47.74,46.63
2023-06-16,46.88,45.06
2023-06-17,44.89,42.95
2023-06-18,45.94,45.41
2023-06-19,45.4,45.22
2023-06-20,47.99,52.71
2023-06-21,51.21,55.83
2023-06-22,48.06,51.05
2023-06-23,50.28,52.71
2023-06-24,49.14,49.15
2023-06-25,48.5,49.51
2023-06-26,46.87,49.51
2023-06-27,47.92,48.92
2023-06-28,46.75,48.44
2023-06-29,43.27,43.52
2023-06-30,45.49,46.06
2023-07-01,44.28,46.56
2023-07-02,46.67,47.88
2023-07-03,48.07,49.05
2023-07-04,46.92,46.61
2023-07-05,44.12,46.45
2023-07-06,46.1,47.96
2023-07-07,44.13,45.04
2023-07-08,41.54,44.01
2023-07-09,42.84,43.89
2023-07-10,42.36,44.26
2023-07-11,41.59,43.96
2023-07-12,40.45,41.26
2023-07-13,46.89,45.15
2023-07-14,45.4,42.21
2023-07-15,44.9,42.98
2023-07-16,43.2,42.1
2023-07-17,43.02,42.9
2023-07-18,42.38,42.67
2023-07-19,41.55,40.53
2023-07-20,40.38,41.62
2023-07-21,38.37,38.76
2023-07-22,38.44,39.07
2023-07-23,37.15,39.27
2023-07-24,37.01,38.25
2023-07-25,37.6,37.77
2023-07-26,36.16,38.15
2023-07-27,35.59,36.36
2023-07-28,34.27,35.47
2023-07-29,33.98,34.96
2023-07-30,35.21,36.33
2023-07-31,35.57,36.77
2023-08-01,37.06,36.56
2023-08-02,37.62,36.82
2023-08-03,36.5,36.21
2023-08-04,35.2,34.37
2023-08-05,35.44,33.79
2023-08-06,34.87,34.03
2023-08-07,34.53,36.29
2023-08-08,34.65,39.85
2023-08-09,34.51,38.73
2023-08-10,33.47,36.2
2023-08-11,30.69,32.74
2023-08-12,30.71,32.38
2023-08-13,33.43,33.76
2023-08-14,32.21,35.01
2023-08-15,31.45,34.58
2023-08-16,33.71,36.56
2023-08-17,45.77,52.3
2023-08-18,42.63,43.58
2023-08-19,41.71,43.01
2023-08-20,39.09,43.18
2023-08-21,40.31,42.63
2023-08-22,43.36,42.13
2023-08-23,40.12,43.38
2023-08-24,41.42,41.72
2023-08-25,38.17,36.31
2023-08-26,39.26,35.52
2023-08-27,39.19,36.05
2023-08-28,38.08,36.42
2023-08-29,38.11,40.6
2023-08-30,36.55,38.18
2023-08-31,36.93,35.98
2023-09-01,37.65,36.09
2023-09-02,36.07,35.57
2023-09-03,39.23,37.84
2023-09-04,38.77,38.3
2023-09-05,37.23,39.79
2023-09-06,39.5,39.41
2023-09-07,37.44,39.74
2023-09-08,36.94,40.0
2023-09-09,36.17,39.75
2023-09-10,38.76,40.52
2023-09-11,41.61,44.33
2023-09-12,39.57,43.57
2023-09-13,39.13,44.05
2023-09-14,37.97,41.71
2023-09-15,37.04,39.14
2023-09-16,36.54,39.52
2023-09-17,35.69,39.83
2023-09-18,37.4,41.48
2023-09-19,37.78,42.53
2023-09-20,35.84,43.01
2023-09-21,35.6,41.37
2023-09-22,33.32,37.29
2023-09-23,34.43,37.64
2023-09-24,35.34,38.6
2023-09-25,35.93,39.25
2023-09-26,34.81,38.67
2023-09-27,32.49,36.06
2023-09-28,38.57,38.63
2023-09-29,34.74,33.04
2023-09-30,35.16,35.89
2023-10-01,36.32,37.5
2023-10-02,36.43,38.17
2023-10-03,36.91,37.96
2023-10-04,34.81,37.28
2023-10-05,34.93,36.75
2023-10-06,34.34,35.06
2023-10-07,33.74,37.61
2023-10-08,35.75,37.85
2023-10-09,37.28,36.81
2023-10-10,36.55,38.53
2023-10-11,36.78,36.88
2023-10-12,36.51,35.19
2023-10-13,36.92,35.37
2023-10-14,36.76,36.53
2023-10-15,37.46,38.16
2023-10-16,36.91,42.63
2023-10-17,35.39,41.08
2023-10-18,34.75,39.24
2023-10-19,34.63,39.18
2023-10-20,38.43,44.26
2023-10-21,41.61,45.9
2023-10-22,45.52,48.81
2023-10-23,48.48,55.37
2023-10-24,50.66,54.19
2023-10-25,49.59,58.36
2023-10-26,50.89,55.02
2023-10-27,43.84,47.19
2023-10-28,46.05,50.23
2023-10-29,49.93,54.21
2023-10-30,50.31,53.89
2023-10-31,51.68,54.76
2023-11-01,55.87,59.78
2023-11-02,56.46,60.0
2023-11-03,55.39,57.89
2023-11-04,58.79,62.46
2023-11-05,61.06,60.1
2023-11-06,58.1,57.36
2023-11-07,55.69,55.48
2023-11-08,56.14,57.58
2023-11-09,64.58,58.87
2023-11-10,58.02,56.84
2023-11-11,58.99,58.09
2023-11-12,59.6,58.33
2023-11-13,62.47,56.26
2023-11-14,61.27,56.24
2023-11-15,63.54,60.51
2023-11-16,58.39,55.35
2023-11-17,57.22,55.4
2023-11-18,54.43,54.38
2023-11-19,57.2,56.54
2023-11-20,57.46,57.94
2023-11-21,55.37,55.72
2023-11-22,54.87,55.5
2023-11-23,54.03,53.87
2023-11-24,54.25,53.65
2023-11-25,54.35,52.13
2023-11-26,53.58,53.19
2023-11-27,50.25,50.62
2023-11-28,48.99,50.58
2023-11-29,50.17,51.9
2023-11-30,50.5,49.8
2023-12-01,51.46,51.46
2023-12-02,55.17,52.35
2023-12-03,55.64,54.72
2023-12-04,56.48,55.09
2023-12-05,57.47,55.71
2023-12-06,55.0,53.71
2023-12-07,56.75,52.4
2023-12-08,57.54,53.72
2023-12-09,56.51,53.98
2023-12-10,57.1,55.03
2023-12-11,60.64,55.59
2023-12-12,57.13,53.87
2023-12-13,57.48,53.46
2023-12-14,56.63,53.13
2023-12-15,55.29,54.15
2023-12-16,56.09,53.81
2023-12-17,57.2,54.6
2023-12-18,58.12,56.02
2023-12-19,59.13,57.62
2023-12-20,56.54,58.1
2023-12-21,58.46,58.63
2023-12-22,60.46,57.24
2023-12-23,62.06,56.97
2023-12-24,62.22,58.73
2023-12-25,59.62,58.26
2023-12-26,61.89,59.98
2023-12-27,66.96,64.35
2023-12-28,66.49,63.75
2023-12-29,66.24,62.5
2023-12-30,69.58,63.11
2023-12-31,70.15,64.71
2024-01-01,70.21,66.81
2024-01-02,68.55,63.75
2024-01-03,68.87,65.17
2024-01-04,69.48,65.34
2024-01-05,70.64,67.64
2024-01-06,73.05,71.39
2024-01-07,74.59,71.81
2024-01-08,69.84,67.16
2024-01-09,69.32,64.17
2024-01-10,69.57,62.7
2024-01-11,64.51,57.3
2024-01-12,63.99,57.42
2024-01-13,63.65,55.07
2024-01-14,65.08,56.87
2024-01-15,62.04,55.96
2024-01-16,61.58,55.16
2024-01-17,54.53,50.79
2024-01-18,47.31,48.31
2024-01-19,47.29,48.04
2024-01-20,45.33,47.96
2024-01-21,46.04,47.82
2024-01-22,47.66,48.98
2024-01-23,51.41,49.59
2024-01-24,46.37,47.54
2024-01-25,46.8,45.01
2024-01-26,43.92,43.73
2024-01-27,43.75,42.43
2024-01-28,45.52,45.25
2024-01-29,45.9,45.36
2024-01-30,48.42,46.91
2024-01-31,46.54,45.79
2024-02-01,45.77,44.76
2024-02-02,43.38,42.41
2024-02-03,42.37,41.52
2024-02-04,43.75,42.69
2024-02-05,42.29,42.37
2024-02-06,45.02,42.87
2024-02-07,45.84,43.82
2024-02-08,45.9,44.91
2024-02-09,49.39,47.79
2024-02-10,49.61,49.91
2024-02-11,51.0,51.29
2024-02-12,56.78,54.28
2024-02-13,54.03,52.19
2024-02-14,58.19,55.13
2024-02-15,59.11,55.08
2024-02-16,58.06,55.24
2024-02-17,59.05,56.24
2024-02-18,63.49,57.24
2024-02-19,61.49,56.83
2024-02-20,61.31,55.63
2024-02-21,60.26,54.01
2024-02-22,60.6,55.38
2024-02-23,58.22,52.23
2024-02-24,60.27,54.18
2024-02-25,63.16,55.17
2024-02-26,61.4,56.05
2024-02-27,62.53,58.36
2024-02-28,68.25,67.76
2024-02-29,67.36,65.54
2024-03-01,68.17,65.37
2024-03-02,68.27,65.82
2024-03-03,75.07,71.72
2024-03-04,75.57,74.81
2024-03-05,76.92,73.19
2024-03-06,78.95,74.85
2024-03-07,74.68,69.68
2024-03-08,76.24,71.87
2024-03-09,77.06,75.04
2024-03-10,80.39,80.12
2024-03-11,85.18,83.02
2024-03-12,74.43,78.08
2024-03-13,73.39,77.5
2024-03-14,72.33,74.58
2024-03-15,75.54,76.7
2024-03-16,78.79,75.73
2024-03-17,75.04,75.93
2024-03-18,75.13,74.08
2024-03-19,82.45,76.61
2024-03-20,78.17,77.73
2024-03-21,78.0,75.26
2024-03-22,76.56,72.46
2024-03-23,77.85,73.68
2024-03-24,75.67,72.62
2024-03-25,77.54,76.25
2024-03-26,78.8,75.39
2024-03-27,79.35,75.78
2024-03-28,80.41,76.53
2024-03-29,79.11,73.11
2024-03-30,79.64,74.93
2024-03-31,81.02,76.64
2024-04-01,78.68,73.81
2024-04-02,77.7,74.37
2024-04-03,75.93,72.45
2024-04-04,74.3,72.31
2024-04-05,72.91,71.96
2024-04-06,72.29,72.3
2024-04-07,79.16,77.43
2024-04-08,79.57,76.25
2024-04-09,76.76,73.69
2024-04-10,74.05,72.32
2024-04-11,71.64,68.42
2024-04-12,69.61,66.94
2024-04-13,80.22,72.95
2024-04-14,75.99,71.99
2024-04-15,74.04,70.48
2024-04-16,78.08,70.88
2024-04-17,77.39,70.72
2024-04-18,74.44,69.98
2024-04-19,76.06,70.4
2024-04-20,75.39,71.98
2024-04-21,74.47,72.05
2024-04-22,74.1,69.37
2024-04-23,70.14,64.16
2024-04-24,69.89,62.44
2024-04-25,67.12,59.29
2024-04-26,65.9,55.12
2024-04-27,67.65,54.69
2024-04-28,65.45,56.79
2024-04-29,62.56,55.33
2024-04-30,71.72,59.81
2024-05-01,73.05,61.22
2024-05-02,64.01,56.77
2024-05-03,66.18,55.88
2024-05-04,68.45,56.89
2024-05-05,69.38,58.65
2024-05-06,66.64,55.57
2024-05-07,64.45,53.76
2024-05-08,63.06,55.43
2024-05-09,61.45,52.17
2024-05-10,63.61,54.27
2024-05-11,61.61,54.17
2024-05-12,62.18,54.52
2024-05-13,63.82,56.13
2024-05-14,63.21,56.23
2024-05-15,62.31,58.61
2024-05-16,60.73,57.49
2024-05-17,60.84,55.26
2024-05-18,61.31,56.67
2024-05-19,63.69,57.32
2024-05-20,79.17,61.94
2024-05-21,79.34,58.59
2024-05-22,77.77,56.8
2024-05-23,67.48,53.18
2024-05-24,65.31,52.29
2024-05-25,65.2,52.21
2024-05-26,69.18,53.73
2024-05-27,66.91,53.91
2024-05-28,66.61,54.76
2024-05-29,67.8,53.24
2024-05-30,65.12,53.27
2024-05-31,66.78,51.99
2024-06-01,68.1,50.68
2024-06-02,67.43,51.11
2024-06-03,65.02,52.77
2024-06-04,64.83,53.95
2024-06-05,67.91,55.62
2024-06-06,62.85,51.87
2024-06-07,62.08,50.02
2024-06-08,61.95,50.34
2024-06-09,63.03,51.79
2024-06-10,62.54,50.88
2024-06-11,64.86,52.49
2024-06-12,62.65,50.56
2024-06-13,60.39,49.23
2024-06-14,61.06,48.56
2024-06-15,62.98,48.03
2024-06-16,63.23,47.9
2024-06-17,61.69,48.81
2024-06-18,64.26,50.06
2024-06-19,65.95,48.6
2024-06-20,64.14,48.28
2024-06-21,62.71,47.11
2024-06-22,62.83,46.43
2024-06-23,66.06,48.23
2024-06-24,64.01,50.96
2024-06-25,61.76,48.14
2024-06-26,59.83,47.05
2024-06-27,61.35,47.94
2024-06-28,58.09,45.4
2024-06-29,57.12,43.47
2024-06-30,58.31,45.44
2024-07-01,59.98,44.71
2024-07-02,56.37,42.33
2024-07-03,57.93,45.36
2024-07-04,59.25,47.53
2024-07-05,62.53,48.98
2024-07-06,62.13,48.21
2024-07-07,62.72,50.99
2024-07-08,65.23,51.03
2024-07-09,63.07,50.05
2024-07-10,61.55,48.69
2024-07-11,60.72,48.54
2024-07-12,57.98,46.32
2024-07-13,58.5,49.18
2024-07-14,60.17,49.3
2024-07-15,64.61,54.52
2024-07-16,64.69,56.49
2024-07-17,67.05,58.28
2024-07-18,64.84,57.1
2024-07-19,66.46,60.8
2024-07-20,67.93,62.65
2024-07-21,70.97,66.0
2024-07-22,68.61,67.63
2024-07-23,65.34,63.91
2024-07-24,62.76,61.39
2024-07-25,64.93,61.81
2024-07-26,62.88,60.1
2024-07-27,61.44,55.04
2024-07-28,59.35,52.65
2024-07-29,57.89,51.73
2024-07-30,56.23,50.62
2024-07-31,54.87,48.73
2024-08-01,54.92,49.81
2024-08-02,56.76,51.4
2024-08-03,59.69,51.45
2024-08-04,68.27,56.13
2024-08-05,76.22,63.08
2024-08-06,73.04,61.54
2024-08-07,76.02,60.88
2024-08-08,70.72,56.81
2024-08-09,71.35,55.02
2024-08-10,71.68,56.28
2024-08-11,74.26,57.11
2024-08-12,73.43,57.48
2024-08-13,72.03,56.92
2024-08-14,69.1,55.31
2024-08-15,66.73,55.64
2024-08-16,64.67,53.12
2024-08-17,64.66,53.71
2024-08-18,66.78,55.32
2024-08-19,64.4,53.68
2024-08-20,64.91,54.06
2024-08-21,63.55,54.68
2024-08-22,62.24,53.99
2024-08-23,62.66,55.43
2024-08-24,62.54,55.14
2024-08-25,62.35,54.2
2024-08-26,61.04,51.58
2024-08-27,64.29,52.69
2024-08-28,62.68,52.91
2024-08-29,62.86,52.98
2024-08-30,63.34,51.96
2024-08-31,61.91,50.48
2024-09-01,65.62,54.36
2024-09-02,64.49,52.92
2024-09-03,66.49,55.29
2024-09-04,67.35,55.73
2024-09-05,67.42,56.79
2024-09-06,73.05,59.46
2024-09-07,71.75,58.84
2024-09-08,71.6,59.32
2024-09-09,68.25,58.82
2024-09-10,65.74,57.18
2024-09-11,62.55,54.84
2024-09-12,62.68,53.96
2024-09-13,61.67,52.51
2024-09-14,61.46,52.48
2024-09-15,64.18,53.21
2024-09-16,62.24,53.29
2024-09-17,61.32,53.12
2024-09-18,60.36,51.59
2024-09-19,61.98,51.95
2024-09-20,61.06,50.15
2024-09-21,61.62,51.04
2024-09-22,61.8,51.13
2024-09-23,60.29,50.45
2024-09-24,60.48,51.52
2024-09-25,57.07,49.75
2024-09-26,59.21,52.38
2024-09-27,58.85,51.91
2024-09-28,59.48,52.6
2024-09-29,61.6,54.02
2024-09-30,62.34,54.21
2024-10-01,64.37,56.64
2024-10-02,62.65,56.35
2024-10-03,64.57,57.45
2024-10-04,63.33,55.53
2024-10-05,63.09,55.41
2024-10-06,64.46,57.17
2024-10-07,62.56,56.6
2024-10-08,61.91,55.63
2024-10-09,62.04,56.11
2024-10-10,61.34,54.97
2024-10-11,62.63,57.51
2024-10-12,63.11,56.84
2024-10-13,63.43,57.14
2024-10-14,65.05,57.85
2024-10-15,64.32,58.15
2024-10-16,62.66,57.44
2024-10-17,60.92,56.4
2024-10-18,61.5,55.18
2024-10-19,61.86,54.7
2024-10-20,64.13,56.66
2024-10-21,62.83,55.69
2024-10-22,62.55,55.77
2024-10-23,63.24,56.29
2024-10-24,61.9,57.3
2024-10-25,65.52,58.08
2024-10-26,63.93,55.36
2024-10-27,64.45,57.18
2024-10-28,62.78,57.78
2024-10-29,63.5,59.83
2024-10-30,63.27,59.11
2024-10-31,62.5,58.23
2024-11-01,63.8,59.77
2024-11-02,64.1,60.26
2024-11-03,67.18,62.49
2024-11-04,67.8,64.97
2024-11-05,67.68,63.71
2024-11-06,62.38,55.97
2024-11-07,62.57,53.55
2024-11-08,60.1,49.85
2024-11-09,62.57,50.54
2024-11-10,65.21,53.28
2024-11-11,68.19,61.52
2024-11-12,64.19,57.69
2024-11-13,62.24,58.54
2024-11-14,63.4,59.46
2024-11-15,63.24,56.29
2024-11-16,64.85,56.84
2024-11-17,65.08,57.23
2024-11-18,66.79,58.3
2024-11-19,64.56,58.25
2024-11-20,65.1,60.18
2024-11-21,72.13,61.29
2024-11-22,70.49,60.78
2024-11-23,78.41,60.89
2024-11-24,76.32,64.09
2024-11-25,74.93,60.65
2024-11-26,73.52,61.23
2024-11-27,74.98,59.73
2024-11-28,71.3,57.55
2024-11-29,67.32,56.11
2024-11-30,70.91,55.17
2024-12-01,74.84,57.2
2024-12-02,70.64,55.94
2024-12-03,70.41,56.5
2024-12-04,73.75,57.17
2024-12-05,71.62,60.96
2024-12-06,70.67,58.44
2024-12-07,73.16,57.2
2024-12-08,72.72,58.15
2024-12-09,75.07,59.74
2024-12-10,72.28,59.18
2024-12-11,72.67,59.94
2024-12-12,72.29,60.14
2024-12-13,73.1,59.0
2024-12-14,72.51,58.08
2024-12-15,73.58,60.65
2024-12-16,71.31,58.54
2024-12-17,71.74,59.51
2024-12-18,73.62,60.49
2024-12-19,74.45,59.6
2024-12-20,71.53,58.87
2024-12-21,73.14,57.87
2024-12-22,78.52,61.43
2024-12-23,74.64,60.21
2024-12-24,72.97,60.83
2024-12-25,73.93,60.73
2024-12-26,75.1,61.67
2024-12-27,74.07,60.61
2024-12-28,75.63,60.43
2024-12-29,75.02,60.48
2024-12-30,74.38,61.03
2024-12-31,70.35,60.03
2025-01-01,71.11,61.1
2025-01-02,71.61,59.85
2025-01-03,69.01,58.74
2025-01-04,71.26,59.87
2025-01-05,71.26,59.55
2025-01-06,68.91,58.84
2025-01-07,70.57,58.6
2025-01-08,69.19,58.47
2025-01-09,69.99,59.47
2025-01-10,67.84,57.19
2025-01-11,69.1,58.52
2025-01-12,69.71,59.57
2025-01-13,71.44,61.25
2025-01-14,71.55,60.87
2025-01-15,71.3,61.23
2025-01-16,71.36,62.56
2025-01-17,70.8,63.19
2025-01-18,72.65,65.04
2025-01-19,76.29,66.02
2025-01-20,73.15,63.07
2025-01-21,71.09,61.92
2025-01-22,69.1,61.04
2025-01-23,68.41,60.08
2025-01-24,65.93,57.37
2025-01-25,67.08,57.05
2025-01-26,67.21,56.74
2025-01-27,67.79,59.05
2025-01-28,66.26,56.2
2025-01-29,65.24,56.15
2025-01-30,65.71,54.64
2025-01-31,64.23,53.32
2025-02-01,65.83,53.77
2025-02-02,67.84,57.04
2025-02-03,70.91,56.94
2025-02-04,71.08,54.03
2025-02-05,69.77,54.53
2025-02-06,69.79,53.91
2025-02-07,69.78,54.17
2025-02-08,69.78,53.49
2025-02-09,71.12,54.21
2025-02-10,69.22,52.4
2025-02-11,70.26,54.23
2025-02-12,69.47,51.49
2025-02-13,69.18,51.76
2025-02-14,66.83,51.6
2025-02-15,65.91,50.61
2025-02-16,66.67,50.84
2025-02-17,67.43,51.73
2025-02-18,67.61,51.69
2025-02-19,64.92,49.15
2025-02-20,62.65,49.06
2025-02-21,63.91,48.71
2025-02-22,65.49,48.6
2025-02-23,66.83,48.47
2025-02-24,64.89,47.07
2025-02-25,65.04,48.59
2025-02-26,66.16,51.3
2025-02-27,66.21,51.68
2025-02-28,64.87,50.76
2025-03-01,66.24,51.87
2025-03-02,68.17,55.47
2025-03-03,74.25,59.48
2025-03-04,73.05,62.07
2025-03-05,71.62,57.6
2025-03-06,72.65,60.15
2025-03-07,69.48,54.32
2025-03-08,69.24,52.66
2025-03-09,77.95,59.1
2025-03-10,74.95,59.57
2025-03-11,73.28,59.9
2025-03-12,75.05,56.89
2025-03-13,74.34,55.42
2025-03-14,72.23,53.27
2025-03-15,72.42,53.46
2025-03-16,72.67,55.27
2025-03-17,69.15,52.86
2025-03-18,67.45,52.0
2025-03-19,68.44,54.02
2025-03-20,65.47,49.01
2025-03-21,64.09,47.56
2025-03-22,66.48,48.88
2025-03-23,64.13,47.66
2025-03-24,62.5,47.32
2025-03-25,61.88,46.99
2025-03-26,62.0,47.27
2025-03-27,61.31,46.61
2025-03-28,64.2,49.93
2025-03-29,71.49,52.69
2025-03-30,71.67,53.73
2025-03-31,68.64,51.02
2025-04-01,66.55,49.55
2025-04-02,68.99,52.61
2025-04-03,69.62,52.64
2025-04-04,71.29,55.33
2025-04-05,72.98,57.1
2025-04-06,81.48,59.59
2025-04-07,75.06,52.79
2025-04-08,78.39,56.84
2025-04-09,72.77,53.04
2025-04-10,75.48,53.56
2025-04-11,76.36,56.15
2025-04-12,75.63,57.45
2025-04-13,78.58,56.29
2025-04-14,72.65,53.31
2025-04-15,70.85,50.39
2025-04-16,69.7,49.58
2025-04-17,70.28,48.41
2025-04-18,68.38,46.9
2025-04-19,67.74,48.29
2025-04-20,69.02,48.2
2025-04-21,68.43,49.16
2025-04-22,72.69,52.69
2025-04-23,71.7,49.42
2025-04-24,69.58,46.96
2025-04-25,69.34,46.45
2025-04-26,69.93,47.42
2025-04-27,69.79,48.12
2025-04-28,68.11,47.05
2025-04-29,67.69,46.17
2025-04-30,66.48,45.07
2025-05-01,66.22,46.11
2025-05-02,64.35,44.54
2025-05-03,64.59,44.9
2025-05-04,65.12,46.35
2025-05-05,62.62,45.0
2025-05-06,64.3,46.66
2025-05-07,63.45,44.8
2025-05-08,66.96,45.88
2025-05-09,72.25,45.78
2025-05-10,75.47,47.13
2025-05-11,74.66,47.13
2025-05-12,72.31,45.44
2025-05-13,71.34,45.71
2025-05-14,70.83,44.79
2025-05-15,70.15,43.57
2025-05-16,68.94,42.62
2025-05-17,69.33,43.13
2025-05-18,74.3,44.93
2025-05-19,71.07,44.02
2025-05-20,70.88,47.3
2025-05-21,73.4,49.13
2025-05-22,74.79,49.0
2025-05-23,72.7,47.68
2025-05-24,72.74,47.53
2025-05-25,73.54,48.96
2025-05-26,71.8,47.13
2025-05-27,71.17,46.16
2025-05-28,70.14,45.24
2025-05-29,72.95,44.61
2025-05-30,71.41,43.71
2025-05-31,72.48,45.88
2025-06-01,72.23,45.13
2025-06-02,69.56,42.97
2025-06-03,68.38,42.83
2025-06-04,67.9,42.18
2025-06-05,72.45,42.76
2025-06-06,69.32,40.53
2025-06-07,71.27,41.99
2025-06-08,71.03,42.52
2025-06-09,70.68,42.61
2025-06-10,76.22,42.51
2025-06-11,71.92,40.95
2025-06-12,70.64,39.77
2025-06-13,74.82,40.72
2025-06-14,73.18,41.0
2025-06-15,78.15,42.32
2025-06-16,76.2,41.73
2025-06-17,75.19,41.62
2025-06-18,74.72,39.69
2025-06-19,72.64,40.21
2025-06-20,71.49,40.67
2025-06-21,76.26,41.01
2025-06-22,73.43,41.75
2025-06-23,71.1,39.86
2025-06-24,70.17,39.05
2025-06-25,69.32,38.4
2025-06-26,68.88,38.25
2025-06-27,65.59,38.1
2025-06-28,63.96,37.71
2025-06-29,65.08,39.34
2025-06-30,63.1,37.74
2025-07-01,61.62,37.61
2025-07-02,66.47,39.6
2025-07-03,65.45,39.08
2025-07-04,64.25,39.21
2025-07-05,62.73,38.54
2025-07-06,63.38,38.98
2025-07-07,63.75,38.71
2025-07-08,63.12,37.77
2025-07-09,65.37,38.77
2025-07-10,67.2,38.62
2025-07-11,68.43,37.94
2025-07-12,68.03,38.2
2025-07-13,66.36,39.24
2025-07-14,67.67,39.64
2025-07-15,69.08,39.93
2025-07-16,66.17,39.07
2025-07-17,71.04,39.47
2025-07-18,67.29,38.6
2025-07-19,67.55,38.85
2025-07-20,70.58,39.23
2025-07-21,69.6,39.28
2025-07-22,68.42,39.88
2025-07-23,68.18,39.58
2025-07-24,67.47,40.22
2025-07-25,67.36,40.06
2025-07-26,67.52,38.95
2025-07-27,67.96,39.37
2025-07-28,67.68,38.27
2025-07-29,66.53,35.18
2025-07-30,65.18,36.13
2025-07-31,67.3,36.73
2025-08-01,69.77,38.42
2025-08-02,70.19,37.67
2025-08-03,68.96,38.03
2025-08-04,66.19,36.89
2025-08-05,65.94,36.01
2025-08-06,64.68,34.88
2025-08-07,65.44,35.66
2025-08-08,67.97,34.4
2025-08-09,70.64,35.07
2025-08-10,68.38,35.43
2025-08-11,69.21,36.56
2025-08-12,69.79,36.94
2025-08-13,70.88,39.0
2025-08-14,71.24,36.95
2025-08-15,71.64,35.37
2025-08-16,71.72,35.38
2025-08-17,72.82,35.83
2025-08-18,70.58,35.99
2025-08-19,72.92,37.87
2025-08-20,70.55,36.02
2025-08-21,69.99,37.25
2025-08-22,69.41,34.53
2025-08-23,68.79,34.97
2025-08-24,70.71,35.07
2025-08-25,74.6,37.93
2025-08-26,74.72,36.92
2025-08-27,71.73,37.91
2025-08-28,70.42,36.95
2025-08-29,70.74,38.98
2025-08-30,70.7,38.85
2025-08-31,69.67,39.62
2025-09-01,70.65,39.5
2025-09-02,71.12,38.8
2025-09-03,70.59,38.85
2025-09-04,70.48,38.48
2025-09-05,67.53,37.49
2025-09-06,67.41,37.76
2025-09-07,67.1,37.9
2025-09-08,65.13,37.08
2025-09-09,65.15,37.36
2025-09-10,65.1,36.95
2025-09-11,64.15,35.26
2025-09-12,63.78,34.66
2025-09-13,61.8,34.28
2025-09-14,61.68,34.41
2025-09-15,62.78,35.56
2025-09-16,63.5,36.52
2025-09-17,63.67,35.55
2025-09-18,61.91,33.81
2025-09-19,60.79,34.78
2025-09-20,60.3,34.48
2025-09-21,60.57,34.51
2025-09-22,63.28,35.17
2025-09-23,64.12,37.14
2025-09-24,63.57,36.17
2025-09-25,66.7,37.69
2025-09-26,63.6,36.55
2025-09-27,63.5,36.42
2025-09-28,63.86,35.86
2025-09-29,63.14,36.39
2025-09-30,62.38,36.61
2025-10-01,63.03,37.12
2025-10-02,63.54,37.39
2025-10-03,62.42,38.03
2025-10-04,62.52,38.03
2025-10-05,63.15,37.95
2025-10-06,63.1,39.26
2025-10-07,63.84,39.28
2025-10-08,62.74,39.44
2025-10-09,64.69,39.73
2025-10-10,67.63,44.11
2025-10-11,71.71,46.15
2025-10-12,71.31,46.24
2025-10-13,70.58,43.38
2025-10-14,73.13,45.01
2025-10-15,72.34,45.25
2025-10-16,73.59,47.78
2025-10-17,75.49,50.0
2025-10-18,73.49,49.08
2025-10-19,72.99,47.68
2025-10-20,73.24,45.95
2025-10-21,74.68,49.27
2025-10-22,75.91,50.7
2025-10-23,72.97,45.13
2025-10-24,69.47,42.84
2025-10-25,69.21,42.9
2025-10-26,69.47,43.91
2025-10-27,68.75,42.82
2025-10-28,69.85,42.39
2025-10-29,71.45,45.07
2025-10-30,70.04,44.85
2025-10-31,68.53,43.31
2025-11-01,68.6,43.49
2025-11-02,67.84,44.12
2025-11-03,70.28,45.73
2025-11-04,74.76,47.79
2025-11-05,70.65,46.55
2025-11-06,72.82,46.94
2025-11-07,71.6,44.61
2025-11-08,71.8,44.88
2025-11-09,73.01,45.11
2025-11-10,72.13,44.3
2025-11-11,74.73,46.61
2025-11-12,73.05,46.07
2025-11-13,74.48,46.52
2025-11-14,77.94,49.71
2025-11-15,75.56,48.5
2025-11-16,77.2,49.64
2025-11-17,77.94,50.62
2025-11-18,75.43,50.52
2025-11-19,76.67,51.04
2025-11-20,79.04,54.65
2025-11-21,80.53,57.38
2025-11-22,80.38,59.16
2025-11-23,79.79,56.5
2025-11-24,77.36,53.31
2025-11-25,74.59,52.56
2025-11-26,72.66,49.92
2025-11-27,71.68,49.31
2025-11-28,70.62,48.7
2025-11-29,71.24,49.13
2025-11-30,72.21,48.78
2025-12-01,74.22,53.13
2025-12-02,70.56,49.24
2025-12-03,69.75,47.44
2025-12-04,69.48,48.03
2025-12-05,73.21,48.94
2025-12-06,73.28,49.0
2025-12-07,75.68,49.65
2025-12-08,72.94,49.01
2025-12-09,72.22,46.44
2025-12-10,69.64,44.92
2025-12-11,69.75,44.46
2025-12-12,68.59,44.22
2025-12-13,69.09,44.65
2025-12-14,70.9,46.74
2025-12-15,69.15,46.68
2025-12-16,69.06,45.69
2025-12-17,69.58,47.0
2025-12-18,69.74,47.48
2025-12-19,68.63,45.06
2025-12-20,68.51,45.11
2025-12-21,68.81,45.07
2025-12-22,68.12,45.09
2025-12-23,66.94,43.4
2025-12-24,65.7,42.81
2025-12-25,65.15,42.55
2025-12-26,60.04,41.04
2025-12-27,61.01,41.83
2025-12-28,61.89,42.11
2025-12-29,61.31,42.25
2025-12-30,60.69,42.79
2025-12-31,60.79,43.01
2026-01-01,58.82,42.22
2026-01-02,59.82,43.43
2026-01-03,60.96,44.4
2026-01-04,61.43,44.39
2026-01-05,61.57,43.94
2026-01-06,61.6,44.09
2026-01-07,59.83,44.64
2026-01-08,59.01,43.24
2026-01-09,57.08,40.52
2026-01-10,57.04,41.03
2026-01-11,58.24,41.68
2026-01-12,57.56,41.27
2026-01-13,58.6,41.69
2026-01-14,57.09,40.81
2026-01-15,56.42,40.61
2026-01-16,53.97,38.27
2026-01-17,54.21,39.08
2026-01-18,55.68,40.23
2026-01-19,55.02,39.7
2026-01-20,56.39,42.23
2026-01-21,54.11,40.14
2026-01-22,54.79,38.88
2026-01-23,53.4,38.06
2026-01-24,54.44,38.27
2026-01-25,55.58,41.16
2026-01-26,54.22,38.75
2026-01-27,54.22,38.2
2026-01-28,53.67,38.0
2026-01-29,54.69,41.55
2026-01-30,59.15,40.45
2026-01-31,62.78,47.58
2026-02-01,66.29,48.27
2026-02-02,64.24,46.29
2026-02-03,72.26,51.74
2026-02-04,78.02,53.47
2026-02-05,95.78,82.62
2026-02-06,76.89,58.85
2026-02-07,79.46,59.35
2026-02-08,79.41,57.29
2026-02-09,76.89,54.46
2026-02-10,73.92,54.84
2026-02-11,74.62,55.29
2026-02-12,70.23,55.28
2026-02-13,68.22,52.04
2026-02-14,68.95,49.89
2026-02-15,71.58,51.28
2026-02-16,69.43,52.19
2026-02-17,70.18,52.01
2026-02-18,70.78,53.67
2026-02-19,69.78,52.66
2026-02-20,68.03,51.43
2026-02-21,68.45,51.7
2026-02-22,69.13,52.0
2026-02-23,72.71,56.1
2026-02-24,70.78,57.77
2026-02-25,71.1,53.59
2026-02-26,70.51,52.19
2026-02-27,71.23,52.55
2026-02-28,72.38,55.21
2026-03-01,72.6,55.07
2026-03-02,73.13,53.38
2026-03-03,73.82,55.41
2026-03-04,75.02,55.5
2026-03-05,76.21,54.71
2026-03-06,76.22,55.52
2026-03-07,76.99,58.63
2026-03-08,78.42,60.45
2026-03-09,74.92,55.49
2026-03-10,75.51,55.04
2026-03-11,74.76,53.93
2026-03-12,74.38,54.26
2026-03-13,74.8,52.98
2026-03-14,75.83,53.26
2026-03-15,76.1,52.89
2026-03-16,75.67,52.81
2026-03-17,75.88,51.42
2026-03-18,78.01,53.77
2026-03-19,79.33,54.27
2026-03-20,78.53,54.44
2026-03-21,79.06,55.22
2026-03-22,79.11,56.74
2026-03-23,75.53,53.53
2026-03-24,74.99,52.68
2026-03-25,73.94,51.04
2026-03-26,75.08,52.54
2026-03-27,73.49,53.71
2026-03-28,74.53,53.74
2026-03-29,74.49,54.56
2026-03-30,74.58,55.3
2026-03-31,72.37,52.25
2026-04-01,72.02,51.49
2026-04-02,71.13,50.85
2026-04-03,68.3,47.41
2026-04-04,68.74,47.37
2026-04-05,69.94,47.53
2026-04-06,69.1,48.99
2026-04-07,69.49,47.37
2026-04-08,65.06,44.35
2026-04-09,63.51,44.52
2026-04-10,64.32,43.14
2026-04-11,66.86,44.61
2026-04-12,66.44,45.43
2026-04-13,66.67,44.01
2026-04-14,65.71,44.1
2026-04-15,65.88,43.92
2026-04-16,65.68,42.33
2026-04-17,64.88,42.83
2026-04-18,67.59,44.1
2026-04-19,68.39,43.44
2026-04-20,65.42,42.03
2026-04-21,64.84,42.13
2026-04-22,63.81,43.18
2026-04-23,64.46,42.83
2026-04-24,60.65,40.16
2026-04-25,60.82,40.77
2026-04-26,61.58,40.34
2026-04-27,59.24,40.62
2026-04-28,57.63,40.58
2026-04-29,57.24,39.62
2026-04-30,56.02,38.88
2026-05-01,54.74,38.52
2026-05-02,54.86,39.31
2026-05-03,55.28,39.05
2026-05-04,55.86,41.0
2026-05-05,55.03,40.28
2026-05-06,55.56,39.41
2026-05-07,54.22,38.85
2026-05-08,53.45,37.66
2026-05-09,53.79,38.61
2026-05-10,54.61,38.72
2026-05-11,53.53,38.33
2026-05-12,53.33,38.55
2026-05-13,54.2,39.83
2026-05-14,54.21,39.02
2026-05-15,53.33,39.05
2026-05-16,54.13,40.21
2026-05-17,55.63,40.24
2026-05-18,52.99,39.93
2026-05-19,52.15,39.76
2026-05-20,52.0,38.47
2026-05-21,49.43,36.62
2026-05-22,50.29,37.09
2026-05-23,50.83,36.7
2026-05-24,51.3,36.03
2026-05-25,47.66,34.44
2026-05-26,48.78,35.86
2026-05-27,49.29,37.19
2026-05-28,49.24,37.27
2026-05-29,48.59,35.99
2026-05-30,48.91,35.28
2026-05-31,49.63,36.4
2026-06-01,49.25,37.27
2026-06-02,55.62,43.28
2026-06-03,60.4,47.9
2026-06-04,59.46,46.17
2026-06-05,68.3,49.14
2026-06-06,69.23,48.62
2026-06-07,67.21,49.37
2026-06-08,61.26,45.64
2026-06-09,61.31,46.24
2026-06-10,61.15,46.96
2026-06-11,56.84,43.27
2026-06-12,55.52,40.47
2026-06-13,55.59,40.77
2026-06-14,55.49,40.33
2026-06-15,54.25,38.72
2026-06-16,54.02,37.67
2026-06-17,55.98,39.54
2026-06-18,58.18,42.47
2026-06-19,57.13,40.54
2026-06-20,56.39,39.85
2026-06-21,58.17,41.76
2026-06-22,55.82,40.41
2026-06-23,56.18,41.56
2026-06-24,58.83,45.12
2026-06-25,60.76,46.56
2026-06-26,59.77,45.5
2026-06-27,59.87,45.17
2026-06-28,61.32,47.66
2026-06-29,57.93,42.65
2026-06-30,58.98,44.54
2026-07-01,56.89,42.91
2026-07-02,55.11,40.45
2026-07-03,53.55,39.47
2026-07-04,52.97,39.18
2026-07-05,53.08,38.67
2026-07-06,52.63,37.26
2026-07-07,53.27,38.87
2026-07-08,53.37,39.53
2026-07-09,51.99,37.29
2026-07-10,49.81,36.23
2026-07-11,50.58,36.78
2026-07-12,50.99,37.2
2026-07-13,51.07,37.78
2026-07-14,49.52,36.48
2026-07-15,49.03,35.98
2026-07-16,49.2,36.37
2026-07-17,48.96,36.33
2026-07-18,49.28,35.72
2026-07-19,49.74,36.11
2026-07-20,50.42,36.26
2026-07-21,50.99,37.32
2026-07-22,51.6,38.01
2026-07-23,51.63,38.47
2026-07-24,50.52,37.02
2026-07-25,51.52,37.71
2026-07-26,51.7,37.34
2026-07-27,51.87,37.45
2026-07-28,53.02,37.24
2026-07-29,52.46,37.45
2026-07-30,50.71,35.55
2026-07-31,50.21,35.64
2026-08-01,50.8,35.55
2026-08-02,49.74,35.05
2026-08-03,49.18,34.76
2026-08-04,47.81,34.04
2026-08-05,48.04,34.66
2026-08-06,47.98,34.98
2026-08-07,47.44,33.94
2026-08-08,48.08,34.23
2026-08-09,49.1,34.93
2026-08-10,49.72,36.33
2026-08-11,49.3,36.13
2026-08-12,49.36,35.82
2026-08-13,48.54,34.81
2026-08-14,47.18,34.74
2026-08-15,47.54,35.02
2026-08-16,47.49,35.16
2026-08-17,46.29,34.72
2026-08-18,46.1,34.9
2026-08-19,52.54,37.84
2026-08-20,52.57,39.44
2026-08-21,57.73,43.29
2026-08-22,57.01,42.27
2026-08-23,60.31,43.18
2026-08-24,58.44,43.41
2026-08-25,58.15,43.28
2026-08-26,56.06,40.37
2026-08-27,57.08,41.52
2026-08-28,50.85,38.34
2026-08-29,51.11,37.43
2026-08-30,51.76,36.99
2026-08-31,51.31,37.63
2026-09-01,51.83,37.93
2026-09-02,50.92,37.19
2026-09-03,53.28,39.78
2026-09-04,51.09,37.96
2026-09-05,51.72,38.66
2026-09-06,53.19,39.32
2026-09-07,52.6,38.79
2026-09-08,53.86,39.92
2026-09-09,53.73,40.2
2026-09-10,53.36,40.24
2026-09-11,51.76,36.75
2026-09-12,52.61,36.98
2026-09-13,54.29,38.89
2026-09-14,54.92,38.57
2026-09-15,55.19,39.01
2026-09-16,52.83,36.19
2026-09-17,50.11,33.59
2026-09-18,49.92,35.46
2026-09-19,50.81,36.32
2026-09-20,51.5,35.65
2026-09-21,52.61,38.14
2026-09-22,51.12,37.4
2026-09-23,51.56,35.81
2026-09-24,51.04,36.04
2026-09-25,48.03,34.62
2026-09-26,49.02,34.92
2026-09-27,48.96,35.07
2026-09-28,49.98,35.93
2026-09-29,48.98,35.12
2026-09-30,49.35,35.23
2026-10-01,49.65,36.44
