event,release_utc,source
CPI,2021-05-12 12:30,https://www.bls.gov/news.release/archives/cpi_05122021.htm
CPI,2021-06-10 12:30,https://www.bls.gov/news.release/archives/cpi_06102021.htm
FOMC,2021-06-16 18:00,https://www.federalreserve.gov/newsevents/pressreleases/monetary20210616a.htm
CPI,2021-07-13 12:30,https://www.bls.gov/news.release/archives/cpi_07132021.htm
FOMC,2021-07-28 18:00,https://www.federalreserve.gov/newsevents/pressreleases/monetary20210728a.htm
CPI,2021-08-11 12:30,https://www.bls.gov/news.release/archives/cpi_08112021.htm
CPI,2021-09-14 12:30,https://www.bls.gov/news.release/archives/cpi_09142021.htm
FOMC,2021-09-22 18:00,https://www.federalreserve.gov/newsevents/pressreleases/monetary20210922a.htm
CPI,2021-10-13 12:30,https://www.bls.gov/news.release/archives/cpi_10132021.htm
FOMC,2021-11-03 18:00,https://www.federalreserve.gov/newsevents/pressreleases/monetary20211103a.htm
CPI,2021-11-10 13:30,https://www.bls.gov/news.release/archives/cpi_11102021.htm
CPI,2021-12-10 13:30,https://www.bls.gov/news.release/archives/cpi_12102021.htm
FOMC,2021-12-15 19:00,https://www.federalreserve.gov/newsevents/pressreleases/monetary20211215a.htm
CPI,2022-01-12 13:30,https://www.bls.gov/news.release/archives/cpi_01122022.htm
FOMC,2022-01-26 19:00,https://www.federalreserve.gov/newsevents/pressreleases/monetary20220126a.htm
CPI,2022-02-10 13:30,https://www.bls.gov/news.release/archives/cpi_02102022.htm
CPI,2022-03-10 13:30,https://www.bls.gov/news.release/archives/cpi_03102022.htm
FOMC,2022-03-16 18:00,https://www.federalreserve.gov/newsevents/pressreleases/monetary20220316a.htm
CPI,2022-04-12 12:30,https://www.bls.gov/news.release/archives/cpi_04122022.htm
FOMC,2022-05-04 18:00,https://www.federalreserve.gov/newsevents/pressreleases/monetary20220504a.htm
CPI,2022-05-11 12:30,https://www.bls.gov/news.release/archives/cpi_05112022.htm
CPI,2022-06-10 12:30,https://www.bls.gov/news.release/archives/cpi_06102022.htm
FOMC,2022-06-15 18:00,https://www.federalreserve.gov/newsevents/pressreleases/monetary20220615a.htm
CPI,2022-07-13 12:30,https://www.bls.gov/news.release/archives/cpi_07132022.htm
FOMC,2022-07-27 18:00,https://www.federalreserve.gov/newsevents/pressreleases/monetary20220727a.htm
CPI,2022-08-10 12:30,https://www.bls.gov/news.release/archives/cpi_08102022.htm
CPI,2022-09-13 12:30,https://www.bls.gov/news.release/archives/cpi_09132022.htm
FOMC,2022-09-21 18:00,https://www.federalreserve.gov/newsevents/pressreleases/monetary20220921a.htm
CPI,2022-10-13 12:30,https://www.bls.gov/news.release/archives/cpi_10132022.htm
FOMC,2022-11-02 18:00,https://www.federalreserve.gov/newsevents/pressreleases/monetary20221102a.htm
CPI,2022-11-10 13:30,https://www.bls.gov/news.release/archives/cpi_11102022.htm
CPI,2022-12-13 13:30,https://www.bls.gov/news.release/archives/cpi_12132022.htm
FOMC,2022-12-14 19:00,https://www.federalreserve.gov/newsevents/pressreleases/monetary20221214a.htm
CPI,2023-01-12 13:30,https://www.bls.gov/news.release/archives/cpi_01122023.htm
FOMC,2023-02-01 19:00,https://www.federalreserve.gov/newsevents/pressreleases/monetary20230201a.htm
CPI,2023-02-14 13:30,https://www.bls.gov/news.release/archives/cpi_02142023.htm
CPI,2023-03-14 12:30,https://www.bls.gov/news.release/archives/cpi_03142023.htm
FOMC,2023-03-22 18:00,https://www.federalreserve.gov/newsevents/pressreleases/monetary20230322a.htm
CPI,2023-04-12 12:30,https://www.bls.gov/news.release/archives/cpi_04122023.htm
FOMC,2023-05-03 18:00,https://www.federalreserve.gov/newsevents/pressreleases/monetary20230503a.htm
CPI,2023-05-10 12:30,https://www.bls.gov/news.release/archives/cpi_05102023.htm
CPI,2023-06-13 12:30,https://www.bls.gov/news.release/archives/cpi_06132023.htm
FOMC,2023-06-14 18:00,https://www.federalreserve.gov/newsevents/pressreleases/monetary20230614a.htm
CPI,2023-07-12 12:30,https://www.bls.gov/news.release/archives/cpi_07122023.htm
FOMC,2023-07-26 18:00,https://www.federalreserve.gov/newsevents/pressreleases/monetary20230726a.htm
CPI,2023-08-10 12:30,https://www.bls.gov/news.release/archives/cpi_08102023.htm
CPI,2023-09-13 12:30,https://www.bls.gov/news.release/archives/cpi_09132023.htm
FOMC,2023-09-20 18:00,https://www.federalreserve.gov/newsevents/pressreleases/monetary20230920a.htm
CPI,2023-10-12 12:30,https://www.bls.gov/news.release/archives/cpi_10122023.htm
FOMC,2023-11-01 18:00,https://www.federalreserve.gov/newsevents/pressreleases/monetary20231101a.htm
CPI,2023-11-14 13:30,https://www.bls.gov/news.release/archives/cpi_11142023.htm
CPI,2023-12-12 13:30,https://www.bls.gov/news.release/archives/cpi_12122023.htm
FOMC,2023-12-13 19:00,https://www.federalreserve.gov/newsevents/pressreleases/monetary20231213a.htm
CPI,2024-01-11 13:30,https://www.bls.gov/news.release/archives/cpi_01112024.htm
FOMC,2024-01-31 19:00,https://www.federalreserve.gov/newsevents/pressreleases/monetary20240131a.htm
CPI,2024-02-13 13:30,https://www.bls.gov/news.release/archives/cpi_02132024.htm
CPI,2024-03-12 12:30,https://www.bls.gov/news.release/archives/cpi_03122024.htm
FOMC,2024-03-20 18:00,https://www.federalreserve.gov/newsevents/pressreleases/monetary20240320a.htm
CPI,2024-04-10 12:30,https://www.bls.gov/news.release/archives/cpi_04102024.htm
FOMC,2024-05-01 18:00,https://www.federalreserve.gov/newsevents/pressreleases/monetary20240501a.htm
CPI,2024-05-15 12:30,https://www.bls.gov/news.release/archives/cpi_05152024.htm
CPI,2024-06-12 12:30,https://www.bls.gov/news.release/archives/cpi_06122024.htm
FOMC,2024-06-12 18:00,https://www.federalreserve.gov/newsevents/pressreleases/monetary20240612a.htm
CPI,2024-07-11 12:30,https://www.bls.gov/news.release/archives/cpi_07112024.htm
FOMC,2024-07-31 18:00,https://www.federalreserve.gov/newsevents/pressreleases/monetary20240731a.htm
CPI,2024-08-14 12:30,https://www.bls.gov/news.release/archives/cpi_08142024.htm
CPI,2024-09-11 12:30,https://www.bls.gov/news.release/archives/cpi_09112024.htm
FOMC,2024-09-18 18:00,https://www.federalreserve.gov/newsevents/pressreleases/monetary20240918a.htm
CPI,2024-10-10 12:30,https://www.bls.gov/news.release/archives/cpi_10102024.htm
FOMC,2024-11-07 19:00,https://www.federalreserve.gov/newsevents/pressreleases/monetary20241107a.htm
CPI,2024-11-13 13:30,https://www.bls.gov/news.release/archives/cpi_11132024.htm
CPI,2024-12-11 13:30,https://www.bls.gov/news.release/archives/cpi_12112024.htm
FOMC,2024-12-18 19:00,https://www.federalreserve.gov/newsevents/pressreleases/monetary20241218a.htm
CPI,2025-01-15 13:30,https://www.bls.gov/news.release/archives/cpi_01152025.htm
FOMC,2025-01-29 19:00,https://www.federalreserve.gov/newsevents/pressreleases/monetary20250129a.htm
CPI,2025-02-12 13:30,https://www.bls.gov/news.release/archives/cpi_02122025.htm
CPI,2025-03-12 12:30,https://www.bls.gov/news.release/archives/cpi_03122025.htm
FOMC,2025-03-19 18:00,https://www.federalreserve.gov/newsevents/pressreleases/monetary20250319a.htm
CPI,2025-04-10 12:30,https://www.bls.gov/news.release/archives/cpi_04102025.htm
FOMC,2025-05-07 18:00,https://www.federalreserve.gov/newsevents/pressreleases/monetary20250507a.htm
CPI,2025-05-13 12:30,https://www.bls.gov/news.release/archives/cpi_05132025.htm
CPI,2025-06-11 12:30,https://www.bls.gov/news.release/archives/cpi_06112025.htm
FOMC,2025-06-18 18:00,https://www.federalreserve.gov/newsevents/pressreleases/monetary20250618a.htm
CPI,2025-07-15 12:30,https://www.bls.gov/news.release/archives/cpi_07152025.htm
FOMC,2025-07-30 18:00,https://www.federalreserve.gov/newsevents/pressreleases/monetary20250730a.htm
CPI,2025-08-12 12:30,https://www.bls.gov/news.release/archives/cpi_08122025.htm
CPI,2025-09-11 12:30,https://www.bls.gov/news.release/archives/cpi_09112025.htm
FOMC,2025-09-17 18:00,https://www.federalreserve.gov/newsevents/pressreleases/monetary20250917a.htm
CPI,2025-10-24 12:30,https://www.bls.gov/news.release/archives/cpi_10242025.htm
FOMC,2025-10-29 18:00,https://www.federalreserve.gov/newsevents/pressreleases/monetary20251029a.htm
FOMC,2025-12-10 19:00,https://www.federalreserve.gov/newsevents/pressreleases/monetary20251210a.htm
CPI,2025-12-18 13:30,https://www.bls.gov/news.release/archives/cpi_12182025.htm
CPI,2026-01-13 13:30,https://www.bls.gov/news.release/archives/cpi_01132026.htm
FOMC,2026-01-28 19:00,https://www.federalreserve.gov/newsevents/pressreleases/monetary20260128a.htm
CPI,2026-02-13 13:30,https://www.bls.gov/news.release/archives/cpi_02132026.htm
CPI,2026-03-11 12:30,https://www.bls.gov/news.release/archives/cpi_03112026.htm
FOMC,2026-03-18 18:00,https://www.federalreserve.gov/newsevents/pressreleases/monetary20260318a.htm
CPI,2026-04-10 12:30,https://www.bls.gov/news.release/archives/cpi_04102026.htm
FOMC,2026-04-29 18:00,https://www.federalreserve.gov/newsevents/pressreleases/monetary20260429a.htm
CPI,2026-05-12 12:30,https://www.bls.gov/news.release/archives/cpi_05122026.htm
CPI,2026-06-10 12:30,https://www.bls.gov/news.release/archives/cpi_06102026.htm
FOMC,2026-06-17 18:00,https://www.federalreserve.gov/newsevents/pressreleases/monetary20260617a.htm
CPI,2026-07-14 12:30,https://www.bls.gov/news.release/archives/cpi_07142026.htm
FOMC,2026-07-29 18:00,https://www.federalreserve.gov/newsevents/pressreleases/monetary20260729a.htm
CPI,2026-08-12 12:30,https://www.bls.gov/news.release/archives/cpi_08122026.htm
CPI,2026-09-11 12:30,https://www.bls.gov/news.release/archives/cpi_09112026.htm
FOMC,2026-09-16 18:00,https://www.federalreserve.gov/newsevents/pressreleases/monetary20260916a.htm
