date,close
2017-08-17,0.07047900
2017-08-18,0.07143300
2017-08-19,0.07003600
2017-08-20,0.07219800
2017-08-21,0.08052000
2017-08-22,0.07682500
2017-08-23,0.07706000
2017-08-24,0.07533900
2017-08-25,0.07658700
2017-08-26,0.07664700
2017-08-27,0.08043600
2017-08-28,0.07963200
2017-08-29,0.08155100
2017-08-30,0.08420000
2017-08-31,0.08196700
2017-09-01,0.08084900
2017-09-02,0.07639600
2017-09-03,0.07593800
2017-09-04,0.07032000
2017-09-05,0.07178800
2017-09-06,0.07282100
2017-09-07,0.07160000
2017-09-08,0.07024600
2017-09-09,0.07015100
2017-09-10,0.07012700
2017-09-11,0.07063000
2017-09-12,0.07060000
2017-09-13,0.07146800
2017-09-14,0.06876500
2017-09-15,0.06951200
2017-09-16,0.06831500
2017-09-17,0.06984800
2017-09-18,0.07310000
2017-09-19,0.07252500
2017-09-20,0.07334500
2017-09-21,0.07141000
2017-09-22,0.07296400
2017-09-23,0.07555700
2017-09-24,0.07712300
2017-09-25,0.07517400
2017-09-26,0.07449100
2017-09-27,0.07344500
2017-09-28,0.07250900
2017-09-29,0.07091000
2017-09-30,0.07006200
2017-10-01,0.06910500
2017-10-02,0.06865800
2017-10-03,0.06801600
2017-10-04,0.06924900
2017-10-05,0.06850900
2017-10-06,0.07098600
2017-10-07,0.07036500
2017-10-08,0.06705300
2017-10-09,0.06215000
2017-10-10,0.06303800
2017-10-11,0.06306500
2017-10-12,0.05576300
2017-10-13,0.06001700
2017-10-14,0.05867900
2017-10-15,0.05928100
2017-10-16,0.05829400
2017-10-17,0.05661200
2017-10-18,0.05616100
2017-10-19,0.05388600
2017-10-20,0.05051100
2017-10-21,0.04995400
2017-10-22,0.04897300
2017-10-23,0.04783900
2017-10-24,0.05370900
2017-10-25,0.05179400
2017-10-26,0.05008900
2017-10-27,0.05131900
2017-10-28,0.05115400
2017-10-29,0.04965000
2017-10-30,0.04989900
2017-10-31,0.04700100
2017-11-01,0.04276600
2017-11-02,0.04028700
2017-11-03,0.04266600
2017-11-04,0.04057500
2017-11-05,0.04014700
2017-11-06,0.04264100
2017-11-07,0.04104900
2017-11-08,0.04142100
2017-11-09,0.04487100
2017-11-10,0.04554900
2017-11-11,0.04964900
2017-11-12,0.05203800
2017-11-13,0.04841700
2017-11-14,0.05109500
2017-11-15,0.04553500
2017-11-16,0.04200600
2017-11-17,0.04290200
2017-11-18,0.04462500
2017-11-19,0.04396900
2017-11-20,0.04471500
2017-11-21,0.04467300
2017-11-22,0.04635200
2017-11-23,0.05075000
2017-11-24,0.05765000
2017-11-25,0.05275000
2017-11-26,0.05070400
2017-11-27,0.04889700
2017-11-28,0.04703600
2017-11-29,0.04341400
2017-11-30,0.04365100
2017-12-01,0.04239700
2017-12-02,0.04197800
2017-12-03,0.04114100
2017-12-04,0.04018100
2017-12-05,0.03875700
2017-12-06,0.03039600
2017-12-07,0.02456500
2017-12-08,0.02785500
2017-12-09,0.03131100
2017-12-10,0.02869200
2017-12-11,0.03070000
2017-12-12,0.03800000
2017-12-13,0.04281000
2017-12-14,0.04154900
2017-12-15,0.03857900
2017-12-16,0.03556100
2017-12-17,0.03744800
2017-12-18,0.04156900
2017-12-19,0.04621200
2017-12-20,0.04826800
2017-12-21,0.05063000
2017-12-22,0.04760600
2017-12-23,0.04814000
2017-12-24,0.04879500
2017-12-25,0.05215300
2017-12-26,0.04780500
2017-12-27,0.04780400
2017-12-28,0.04985300
2017-12-29,0.05102000
2017-12-30,0.05512700
2017-12-31,0.05358600
2018-01-01,0.05636700
2018-01-02,0.05826100
2018-01-03,0.06260000
2018-01-04,0.06223600
2018-01-05,0.05658400
2018-01-06,0.05881700
2018-01-07,0.06931300
2018-01-08,0.07601500
2018-01-09,0.08965000
2018-01-10,0.08388400
2018-01-11,0.08597000
2018-01-12,0.09132000
2018-01-13,0.09761700
2018-01-14,0.09986000
2018-01-15,0.09412000
2018-01-16,0.09185500
2018-01-17,0.09121900
2018-01-18,0.09061700
2018-01-19,0.09008400
2018-01-20,0.09017000
2018-01-21,0.09100100
2018-01-22,0.09218700
2018-01-23,0.09093800
2018-01-24,0.09340600
2018-01-25,0.09429200
2018-01-26,0.09482800
2018-01-27,0.09734200
2018-01-28,0.10524400
2018-01-29,0.10454000
2018-01-30,0.10608100
2018-01-31,0.10945100
2018-02-01,0.11318500
2018-02-02,0.10390000
2018-02-03,0.10551600
2018-02-04,0.10087000
2018-02-05,0.10080900
2018-02-06,0.10189600
2018-02-07,0.09935900
2018-02-08,0.10029800
2018-02-09,0.10103300
2018-02-10,0.09968200
2018-02-11,0.10036000
2018-02-12,0.09736700
2018-02-13,0.09854600
2018-02-14,0.09725300
2018-02-15,0.09239900
2018-02-16,0.09236000
2018-02-17,0.08781700
2018-02-18,0.08769900
2018-02-19,0.08415700
2018-02-20,0.07882000
2018-02-21,0.08011800
2018-02-22,0.08164300
2018-02-23,0.08412600
2018-02-24,0.08604000
2018-02-25,0.08786100
2018-02-26,0.08405700
2018-02-27,0.08233500
2018-02-28,0.08260500
2018-03-01,0.07971900
2018-03-02,0.07751400
2018-03-03,0.07472800
2018-03-04,0.07528000
2018-03-05,0.07387000
2018-03-06,0.07598600
2018-03-07,0.07570000
2018-03-08,0.07501200
2018-03-09,0.07847700
2018-03-10,0.07760000
2018-03-11,0.07575300
2018-03-12,0.07644900
2018-03-13,0.07536400
2018-03-14,0.07449100
2018-03-15,0.07386600
2018-03-16,0.07248000
2018-03-17,0.06990700
2018-03-18,0.06564100
2018-03-19,0.06472500
2018-03-20,0.06260000
2018-03-21,0.06302000
2018-03-22,0.06194900
2018-03-23,0.06102500
2018-03-24,0.06095000
2018-03-25,0.06188500
2018-03-26,0.05971700
2018-03-27,0.05751400
2018-03-28,0.05612700
2018-03-29,0.05405600
2018-03-30,0.05741600
2018-03-31,0.05685900
2018-04-01,0.05554600
2018-04-02,0.05454600
2018-04-03,0.05603000
2018-04-04,0.05566100
2018-04-05,0.05630600
2018-04-06,0.05591900
2018-04-07,0.05580800
2018-04-08,0.05709000
2018-04-09,0.05886500
2018-04-10,0.06072900
2018-04-11,0.06191900
2018-04-12,0.06238500
2018-04-13,0.06263900
2018-04-14,0.06285300
2018-04-15,0.06388900
2018-04-16,0.06352600
2018-04-17,0.06368000
2018-04-18,0.06442800
2018-04-19,0.06867000
2018-04-20,0.06965600
2018-04-21,0.06790800
2018-04-22,0.07065200
2018-04-23,0.07205400
2018-04-24,0.07288400
2018-04-25,0.06957500
2018-04-26,0.07135100
2018-04-27,0.07208100
2018-04-28,0.07316700
2018-04-29,0.07331600
2018-04-30,0.07253600
2018-05-01,0.07410000
2018-05-02,0.07445900
2018-05-03,0.07995800
2018-05-04,0.08086000
2018-05-05,0.08308100
2018-05-06,0.08220000
2018-05-07,0.08040000
2018-05-08,0.08162800
2018-05-09,0.08074700
2018-05-10,0.08019900
2018-05-11,0.08056500
2018-05-12,0.08076800
2018-05-13,0.08400400
2018-05-14,0.08399500
2018-05-15,0.08325500
2018-05-16,0.08469900
2018-05-17,0.08296800
2018-05-18,0.08409100
2018-05-19,0.08468200
2018-05-20,0.08391700
2018-05-21,0.08314200
2018-05-22,0.08042200
2018-05-23,0.07704600
2018-05-24,0.07940400
2018-05-25,0.07851400
2018-05-26,0.07995900
2018-05-27,0.07771400
2018-05-28,0.07214000
2018-05-29,0.07593500
2018-05-30,0.07558700
2018-05-31,0.07721800
2018-06-01,0.07698000
2018-06-02,0.07735000
2018-06-03,0.08023400
2018-06-04,0.07892500
2018-06-05,0.07989800
2018-06-06,0.07923500
2018-06-07,0.07869800
2018-06-08,0.07875100
2018-06-09,0.07910800
2018-06-10,0.07754000
2018-06-11,0.07729700
2018-06-12,0.07556400
2018-06-13,0.07558000
2018-06-14,0.07826700
2018-06-15,0.07634800
2018-06-16,0.07659300
2018-06-17,0.07707200
2018-06-18,0.07718500
2018-06-19,0.07981100
2018-06-20,0.07935300
2018-06-21,0.07833400
2018-06-22,0.07641900
2018-06-23,0.07694600
2018-06-24,0.07402700
2018-06-25,0.07340100
2018-06-26,0.07082600
2018-06-27,0.07195700
2018-06-28,0.07183200
2018-06-29,0.07011200
2018-06-30,0.07105800
2018-07-01,0.07115200
2018-07-02,0.07198900
2018-07-03,0.07087300
2018-07-04,0.07092300
2018-07-05,0.07161400
2018-07-06,0.07119200
2018-07-07,0.07189700
2018-07-08,0.07253400
2018-07-09,0.07079500
2018-07-10,0.06864800
2018-07-11,0.06974700
2018-07-12,0.06900400
2018-07-13,0.06953400
2018-07-14,0.06932100
2018-07-15,0.07075000
2018-07-16,0.07126400
2018-07-17,0.06821700
2018-07-18,0.06496100
2018-07-19,0.06270400
2018-07-20,0.06126000
2018-07-21,0.06216800
2018-07-22,0.06185500
2018-07-23,0.05825200
2018-07-24,0.05701700
2018-07-25,0.05776500
2018-07-26,0.05830900
2018-07-27,0.05744600
2018-07-28,0.05693700
2018-07-29,0.05677700
2018-07-30,0.05586600
2018-07-31,0.05581500
2018-08-01,0.05525000
2018-08-02,0.05455000
2018-08-03,0.05633400
2018-08-04,0.05806000
2018-08-05,0.05816000
2018-08-06,0.05840000
2018-08-07,0.05627600
2018-08-08,0.05656000
2018-08-09,0.05567700
2018-08-10,0.05396800
2018-08-11,0.05099600
2018-08-12,0.05038200
2018-08-13,0.04540000
2018-08-14,0.04500800
2018-08-15,0.04483600
2018-08-16,0.04542400
2018-08-17,0.04824000
2018-08-18,0.04604400
2018-08-19,0.04620000
2018-08-20,0.04332400
2018-08-21,0.04339900
2018-08-22,0.04253300
2018-08-23,0.04229000
2018-08-24,0.04205000
2018-08-25,0.04122500
2018-08-26,0.04091200
2018-08-27,0.04167000
2018-08-28,0.04172500
2018-08-29,0.04101400
2018-08-30,0.04066200
2018-08-31,0.04013900
2018-09-01,0.04104800
2018-09-02,0.04048900
2018-09-03,0.03979900
2018-09-04,0.03876100
2018-09-05,0.03410600
2018-09-06,0.03527800
2018-09-07,0.03363200
2018-09-08,0.03183400
2018-09-09,0.03136200
2018-09-10,0.03122000
2018-09-11,0.02943500
2018-09-12,0.02891800
2018-09-13,0.03250400
2018-09-14,0.03220000
2018-09-15,0.03405600
2018-09-16,0.03386200
2018-09-17,0.03138400
2018-09-18,0.03289400
2018-09-19,0.03281600
2018-09-20,0.03452200
2018-09-21,0.03665800
2018-09-22,0.03584900
2018-09-23,0.03646100
2018-09-24,0.03463100
2018-09-25,0.03406400
2018-09-26,0.03315400
2018-09-27,0.03425300
2018-09-28,0.03344500
2018-09-29,0.03507700
2018-09-30,0.03517800
2018-10-01,0.03502300
2018-10-02,0.03455600
2018-10-03,0.03390100
2018-10-04,0.03377700
2018-10-05,0.03440900
2018-10-06,0.03414400
2018-10-07,0.03422800
2018-10-08,0.03446800
2018-10-09,0.03431700
2018-10-10,0.03418500
2018-10-11,0.03063300
2018-10-12,0.03128800
2018-10-13,0.03180700
2018-10-14,0.03105900
2018-10-15,0.03173200
2018-10-16,0.03183800
2018-10-17,0.03160000
2018-10-18,0.03116300
2018-10-19,0.03138300
2018-10-20,0.03157000
2018-10-21,0.03149400
2018-10-22,0.03141300
2018-10-23,0.03141800
2018-10-24,0.03127300
2018-10-25,0.03122300
2018-10-26,0.03134600
2018-10-27,0.03142700
2018-10-28,0.03161600
2018-10-29,0.03104000
2018-10-30,0.03116400
2018-10-31,0.03119000
2018-11-01,0.03118400
2018-11-02,0.03146400
2018-11-03,0.03135300
2018-11-04,0.03270500
2018-11-05,0.03257300
2018-11-06,0.03386900
2018-11-07,0.03330800
2018-11-08,0.03285100
2018-11-09,0.03284400
2018-11-10,0.03313600
2018-11-11,0.03297600
2018-11-12,0.03299000
2018-11-13,0.03247900
2018-11-14,0.03167700
2018-11-15,0.03202600
2018-11-16,0.03129400
2018-11-17,0.03131000
2018-11-18,0.03160000
2018-11-19,0.03063600
2018-11-20,0.02931600
2018-11-21,0.02967100
2018-11-22,0.02895000
2018-11-23,0.02829100
2018-11-24,0.02921600
2018-11-25,0.02903800
2018-11-26,0.02867100
2018-11-27,0.02876100
2018-11-28,0.02880800
2018-11-29,0.02746100
2018-11-30,0.02815800
2018-12-01,0.02818000
2018-12-02,0.02802600
2018-12-03,0.02798300
2018-12-04,0.02780900
2018-12-05,0.02726600
2018-12-06,0.02597600
2018-12-07,0.02734100
2018-12-08,0.02649400
2018-12-09,0.02630000
2018-12-10,0.02617900
2018-12-11,0.02596200
2018-12-12,0.02595400
2018-12-13,0.02614800
2018-12-14,0.02600000
2018-12-15,0.02607600
2018-12-16,0.02623100
2018-12-17,0.02680100
2018-12-18,0.02749300
2018-12-19,0.02695400
2018-12-20,0.02809400
2018-12-21,0.02805900
2018-12-22,0.02916500
2018-12-23,0.03283700
2018-12-24,0.03445500
2018-12-25,0.03407000
2018-12-26,0.03424200
2018-12-27,0.03189800
2018-12-28,0.03525000
2018-12-29,0.03598400
2018-12-30,0.03623500
2018-12-31,0.03553600
2019-01-01,0.03662900
2019-01-02,0.03940400
2019-01-03,0.03884600
2019-01-04,0.04009300
2019-01-05,0.04053300
2019-01-06,0.03857000
2019-01-07,0.03758900
2019-01-08,0.03729600
2019-01-09,0.03733700
2019-01-10,0.03485300
2019-01-11,0.03462000
2019-01-12,0.03440400
2019-01-13,0.03284500
2019-01-14,0.03500500
2019-01-15,0.03350200
2019-01-16,0.03383600
2019-01-17,0.03364700
2019-01-18,0.03314800
2019-01-19,0.03344100
2019-01-20,0.03321400
2019-01-21,0.03276500
2019-01-22,0.03300400
2019-01-23,0.03277300
2019-01-24,0.03260800
2019-01-25,0.03230500
2019-01-26,0.03234100
2019-01-27,0.03156500
2019-01-28,0.03071900
2019-01-29,0.03061900
2019-01-30,0.03131100
2019-01-31,0.03099600
2019-02-01,0.03082700
2019-02-02,0.03151900
2019-02-03,0.03103500
2019-02-04,0.03107800
2019-02-05,0.03091200
2019-02-06,0.03069700
2019-02-07,0.03073800
2019-02-08,0.03257900
2019-02-09,0.03252800
2019-02-10,0.03399900
2019-02-11,0.03328300
2019-02-12,0.03371000
2019-02-13,0.03378200
2019-02-14,0.03352100
2019-02-15,0.03376400
2019-02-16,0.03392300
2019-02-17,0.03648000
2019-02-18,0.03736800
2019-02-19,0.03670900
2019-02-20,0.03740700
2019-02-21,0.03700000
2019-02-22,0.03718200
2019-02-23,0.03831200
2019-02-24,0.03530200
2019-02-25,0.03601300
2019-02-26,0.03576600
2019-02-27,0.03536600
2019-02-28,0.03548500
2019-03-01,0.03538800
2019-03-02,0.03469800
2019-03-03,0.03429300
2019-03-04,0.03382500
2019-03-05,0.03545000
2019-03-06,0.03557500
2019-03-07,0.03532000
2019-03-08,0.03455500
2019-03-09,0.03480900
2019-03-10,0.03456700
2019-03-11,0.03426700
2019-03-12,0.03441200
2019-03-13,0.03406800
2019-03-14,0.03410700
2019-03-15,0.03480400
2019-03-16,0.03517500
2019-03-17,0.03482800
2019-03-18,0.03449900
2019-03-19,0.03449400
2019-03-20,0.03439400
2019-03-21,0.03388300
2019-03-22,0.03409300
2019-03-23,0.03427000
2019-03-24,0.03408600
2019-03-25,0.03402900
2019-03-26,0.03398700
2019-03-27,0.03452100
2019-03-28,0.03423400
2019-03-29,0.03489200
2019-03-30,0.03468500
2019-03-31,0.03448200
2019-04-01,0.03408700
2019-04-02,0.03361800
2019-04-03,0.03243800
2019-04-04,0.03211800
2019-04-05,0.03294300
2019-04-06,0.03280800
2019-04-07,0.03370200
2019-04-08,0.03412900
2019-04-09,0.03390600
2019-04-10,0.03337200
2019-04-11,0.03270700
2019-04-12,0.03233900
2019-04-13,0.03230300
2019-04-14,0.03256700
2019-04-15,0.03183500
2019-04-16,0.03197000
2019-04-17,0.03185900
2019-04-18,0.03296200
2019-04-19,0.03282900
2019-04-20,0.03266600
2019-04-21,0.03206700
2019-04-22,0.03183600
2019-04-23,0.03080000
2019-04-24,0.03043800
2019-04-25,0.02964300
2019-04-26,0.02972200
2019-04-27,0.03007900
2019-04-28,0.02973000
2019-04-29,0.02961400
2019-04-30,0.03041800
2019-05-01,0.02975300
2019-05-02,0.02945500
2019-05-03,0.02911500
2019-05-04,0.02808300
2019-05-05,0.02823100
2019-05-06,0.03009700
2019-05-07,0.02891300
2019-05-08,0.02853700
2019-05-09,0.02753000
2019-05-10,0.02711800
2019-05-11,0.02687500
2019-05-12,0.02699200
2019-05-13,0.02514200
2019-05-14,0.02723900
2019-05-15,0.03037500
2019-05-16,0.03360900
2019-05-17,0.03321900
2019-05-18,0.03218400
2019-05-19,0.03181100
2019-05-20,0.03154900
2019-05-21,0.03206000
2019-05-22,0.03195300
2019-05-23,0.03116300
2019-05-24,0.03124600
2019-05-25,0.03119000
2019-05-26,0.03068800
2019-05-27,0.03091800
2019-05-28,0.03110600
2019-05-29,0.03109800
2019-05-30,0.03077600
2019-05-31,0.03131400
2019-06-01,0.03095000
2019-06-02,0.03081700
2019-06-03,0.03080000
2019-06-04,0.03139600
2019-06-05,0.03159100
2019-06-06,0.03195500
2019-06-07,0.03119600
2019-06-08,0.03081500
2019-06-09,0.03028400
2019-06-10,0.03090400
2019-06-11,0.03098800
2019-06-12,0.03214700
2019-06-13,0.03099600
2019-06-14,0.03035500
2019-06-15,0.03039900
2019-06-16,0.02990100
2019-06-17,0.02933300
2019-06-18,0.02914000
2019-06-19,0.02897700
2019-06-20,0.02850700
2019-06-21,0.02896900
2019-06-22,0.02895600
2019-06-23,0.02828900
2019-06-24,0.02819700
2019-06-25,0.02691900
2019-06-26,0.02591300
2019-06-27,0.02634400
2019-06-28,0.02506100
2019-06-29,0.02670000
2019-06-30,0.02697200
2019-07-01,0.02776900
2019-07-02,0.02688900
2019-07-03,0.02522000
2019-07-04,0.02537000
2019-07-05,0.02617100
2019-07-06,0.02561200
2019-07-07,0.02670600
2019-07-08,0.02548700
2019-07-09,0.02451100
2019-07-10,0.02387500
2019-07-11,0.02367700
2019-07-12,0.02335300
2019-07-13,0.02366400
2019-07-14,0.02219800
2019-07-15,0.02106600
2019-07-16,0.02109000
2019-07-17,0.02179900
2019-07-18,0.02124100
2019-07-19,0.02102300
2019-07-20,0.02125100
2019-07-21,0.02128500
2019-07-22,0.02103800
2019-07-23,0.02153800
2019-07-24,0.02215500
2019-07-25,0.02217900
2019-07-26,0.02227100
2019-07-27,0.02187100
2019-07-28,0.02216500
2019-07-29,0.02218300
2019-07-30,0.02189300
2019-07-31,0.02166600
2019-08-01,0.02089600
2019-08-02,0.02068900
2019-08-03,0.02053600
2019-08-04,0.02029200
2019-08-05,0.01974400
2019-08-06,0.01971100
2019-08-07,0.01887800
2019-08-08,0.01844500
2019-08-09,0.01772500
2019-08-10,0.01825600
2019-08-11,0.01874200
2019-08-12,0.01855700
2019-08-13,0.01921100
2019-08-14,0.01860800
2019-08-15,0.01825500
2019-08-16,0.01789500
2019-08-17,0.01817200
2019-08-18,0.01886100
2019-08-19,0.01852800
2019-08-20,0.01826700
2019-08-21,0.01847800
2019-08-22,0.01885400
2019-08-23,0.01865900
2019-08-24,0.01881400
2019-08-25,0.01839800
2019-08-26,0.01817800
2019-08-27,0.01839100
2019-08-28,0.01779400
2019-08-29,0.01780500
2019-08-30,0.01758200
2019-08-31,0.01789200
2019-09-01,0.01755800
2019-09-02,0.01721100
2019-09-03,0.01684200
2019-09-04,0.01653700
2019-09-05,0.01644300
2019-09-06,0.01641500
2019-09-07,0.01698500
2019-09-08,0.01744900
2019-09-09,0.01751900
2019-09-10,0.01781000
2019-09-11,0.01755100
2019-09-12,0.01735200
2019-09-13,0.01749600
2019-09-14,0.01820800
2019-09-15,0.01835000
2019-09-16,0.01924100
2019-09-17,0.02040000
2019-09-18,0.02069700
2019-09-19,0.02149900
2019-09-20,0.02144300
2019-09-21,0.02153500
2019-09-22,0.02106000
2019-09-23,0.02074600
2019-09-24,0.01948800
2019-09-25,0.02016300
2019-09-26,0.02057900
2019-09-27,0.02125700
2019-09-28,0.02115800
2019-09-29,0.02104200
2019-09-30,0.02181700
2019-10-01,0.02118200
2019-10-02,0.02156600
2019-10-03,0.02124100
2019-10-04,0.02158000
2019-10-05,0.02168200
2019-10-06,0.02165400
2019-10-07,0.02195900
2019-10-08,0.02210000
2019-10-09,0.02249500
2019-10-10,0.02233900
2019-10-11,0.02187300
2019-10-12,0.02164500
2019-10-13,0.02187400
2019-10-14,0.02237200
2019-10-15,0.02211900
2019-10-16,0.02183300
2019-10-17,0.02195200
2019-10-18,0.02174400
2019-10-19,0.02161900
2019-10-20,0.02130900
2019-10-21,0.02122700
2019-10-22,0.02134800
2019-10-23,0.02174200
2019-10-24,0.02163600
2019-10-25,0.02096300
2019-10-26,0.01944100
2019-10-27,0.01929200
2019-10-28,0.01973300
2019-10-29,0.02024600
2019-10-30,0.02000600
2019-10-31,0.01992800
2019-11-01,0.01980800
2019-11-02,0.01968800
2019-11-03,0.01973900
2019-11-04,0.01977000
2019-11-05,0.02027100
2019-11-06,0.02046400
2019-11-07,0.02025800
2019-11-08,0.02094000
2019-11-09,0.02099000
2019-11-10,0.02090500
2019-11-11,0.02117800
2019-11-12,0.02121300
2019-11-13,0.02143000
2019-11-14,0.02138700
2019-11-15,0.02124700
2019-11-16,0.02147800
2019-11-17,0.02162100
2019-11-18,0.02176200
2019-11-19,0.02163200
2019-11-20,0.02157800
2019-11-21,0.02111100
2019-11-22,0.02057700
2019-11-23,0.02076700
2019-11-24,0.02027200
2019-11-25,0.02049100
2019-11-26,0.02060700
2019-11-27,0.02032300
2019-11-28,0.02032000
2019-11-29,0.01995800
2019-11-30,0.02007800
2019-12-01,0.02039200
2019-12-02,0.02037800
2019-12-03,0.02017500
2019-12-04,0.02021200
2019-12-05,0.02004600
2019-12-06,0.01972100
2019-12-07,0.01965200
2019-12-08,0.02003100
2019-12-09,0.02008000
2019-12-10,0.02014900
2019-12-11,0.01988800
2019-12-12,0.02012500
2019-12-13,0.01995300
2019-12-14,0.02007200
2019-12-15,0.02001200
2019-12-16,0.01925700
2019-12-17,0.01841000
2019-12-18,0.01825000
2019-12-19,0.01791700
2019-12-20,0.01783200
2019-12-21,0.01780600
2019-12-22,0.01761600
2019-12-23,0.01746300
2019-12-24,0.01760400
2019-12-25,0.01737100
2019-12-26,0.01744000
2019-12-27,0.01741500
2019-12-28,0.01751200
2019-12-29,0.01818400
2019-12-30,0.01816100
2019-12-31,0.01795300
2020-01-01,0.01815000
2020-01-02,0.01825600
2020-01-03,0.01829700
2020-01-04,0.01824800
2020-01-05,0.01840000
2020-01-06,0.01857600
2020-01-07,0.01752800
2020-01-08,0.01747200
2020-01-09,0.01761800
2020-01-10,0.01767500
2020-01-11,0.01775300
2020-01-12,0.01790600
2020-01-13,0.01770300
2020-01-14,0.01879900
2020-01-15,0.01887000
2020-01-16,0.01882900
2020-01-17,0.01906400
2020-01-18,0.01952900
2020-01-19,0.01917200
2020-01-20,0.01930600
2020-01-21,0.01939600
2020-01-22,0.01935700
2020-01-23,0.01937000
2020-01-24,0.01926200
2020-01-25,0.01922600
2020-01-26,0.01948900
2020-01-27,0.01908900
2020-01-28,0.01873500
2020-01-29,0.01867500
2020-01-30,0.01941100
2020-01-31,0.01924300
2020-02-01,0.01956500
2020-02-02,0.02018800
2020-02-03,0.02042000
2020-02-04,0.02054400
2020-02-05,0.02119900
2020-02-06,0.02181500
2020-02-07,0.02275700
2020-02-08,0.02253700
2020-02-09,0.02251500
2020-02-10,0.02262500
2020-02-11,0.02315300
2020-02-12,0.02573300
2020-02-13,0.02623100
2020-02-14,0.02757200
2020-02-15,0.02674300
2020-02-16,0.02610500
2020-02-17,0.02760000
2020-02-18,0.02780000
2020-02-19,0.02693600
2020-02-20,0.02677900
2020-02-21,0.02740500
2020-02-22,0.02710100
2020-02-23,0.02761900
2020-02-24,0.02750900
2020-02-25,0.02648800
2020-02-26,0.02548900
2020-02-27,0.02580500
2020-02-28,0.02608800
2020-02-29,0.02550500
2020-03-01,0.02551000
2020-03-02,0.02602900
2020-03-03,0.02555500
2020-03-04,0.02562700
2020-03-05,0.02522100
2020-03-06,0.02682700
2020-03-07,0.02669200
2020-03-08,0.02481500
2020-03-09,0.02557500
2020-03-10,0.02542400
2020-03-11,0.02453200
2020-03-12,0.02241000
2020-03-13,0.02404800
2020-03-14,0.02367000
2020-03-15,0.02308700
2020-03-16,0.02207600
2020-03-17,0.02177100
2020-03-18,0.02189000
2020-03-19,0.02212400
2020-03-20,0.02149800
2020-03-21,0.02143400
2020-03-22,0.02102600
2020-03-23,0.02101000
2020-03-24,0.02052900
2020-03-25,0.02037700
2020-03-26,0.02054600
2020-03-27,0.02064800
2020-03-28,0.02099600
2020-03-29,0.02115800
2020-03-30,0.02065700
2020-03-31,0.02070400
2020-04-01,0.02042000
2020-04-02,0.02079700
2020-04-03,0.02099000
2020-04-04,0.02101500
2020-04-05,0.02106300
2020-04-06,0.02337500
2020-04-07,0.02287200
2020-04-08,0.02351700
2020-04-09,0.02327500
2020-04-10,0.02300300
2020-04-11,0.02302200
2020-04-12,0.02297900
2020-04-13,0.02285600
2020-04-14,0.02307200
2020-04-15,0.02306700
2020-04-16,0.02426200
2020-04-17,0.02428500
2020-04-18,0.02585500
2020-04-19,0.02528200
2020-04-20,0.02492800
2020-04-21,0.02495500
2020-04-22,0.02564700
2020-04-23,0.02479500
2020-04-24,0.02499000
2020-04-25,0.02576300
2020-04-26,0.02565900
2020-04-27,0.02525900
2020-04-28,0.02536100
2020-04-29,0.02453400
2020-04-30,0.02389500
2020-05-01,0.02402200
2020-05-02,0.02384000
2020-05-03,0.02359200
2020-05-04,0.02328200
2020-05-05,0.02275300
2020-05-06,0.02176000
2020-05-07,0.02123600
2020-05-08,0.02157300
2020-05-09,0.02202400
2020-05-10,0.02150600
2020-05-11,0.02169100
2020-05-12,0.02153600
2020-05-13,0.02144200
2020-05-14,0.02076100
2020-05-15,0.02091200
2020-05-16,0.02137000
2020-05-17,0.02139000
2020-05-18,0.02208200
2020-05-19,0.02195100
2020-05-20,0.02207900
2020-05-21,0.02191900
2020-05-22,0.02261400
2020-05-23,0.02250200
2020-05-24,0.02292800
2020-05-25,0.02293700
2020-05-26,0.02272500
2020-05-27,0.02263400
2020-05-28,0.02300000
2020-05-29,0.02340700
2020-05-30,0.02512800
2020-05-31,0.02451100
2020-06-01,0.02433700
2020-06-02,0.02497700
2020-06-03,0.02530500
2020-06-04,0.02484300
2020-06-05,0.02495000
2020-06-06,0.02502800
2020-06-07,0.02509000
2020-06-08,0.02519300
2020-06-09,0.02494800
2020-06-10,0.02506700
2020-06-11,0.02483700
2020-06-12,0.02509800
2020-06-13,0.02513800
2020-06-14,0.02480900
2020-06-15,0.02449300
2020-06-16,0.02470200
2020-06-17,0.02470200
2020-06-18,0.02463800
2020-06-19,0.02459800
2020-06-20,0.02445700
2020-06-21,0.02453400
2020-06-22,0.02510200
2020-06-23,0.02526300
2020-06-24,0.02523300
2020-06-25,0.02513600
2020-06-26,0.02506500
2020-06-27,0.02451600
2020-06-28,0.02467000
2020-06-29,0.02480400
2020-06-30,0.02468500
2020-07-01,0.02502000
2020-07-02,0.02492500
2020-07-03,0.02482900
2020-07-04,0.02508500
2020-07-05,0.02508700
2020-07-06,0.02586200
2020-07-07,0.02585900
2020-07-08,0.02617400
2020-07-09,0.02620600
2020-07-10,0.02597300
2020-07-11,0.02590200
2020-07-12,0.02610200
2020-07-13,0.02591800
2020-07-14,0.02597800
2020-07-15,0.02594100
2020-07-16,0.02557400
2020-07-17,0.02541900
2020-07-18,0.02569800
2020-07-19,0.02596600
2020-07-20,0.02576500
2020-07-21,0.02615400
2020-07-22,0.02770800
2020-07-23,0.02866400
2020-07-24,0.02926200
2020-07-25,0.03147000
2020-07-26,0.03131400
2020-07-27,0.02919100
2020-07-28,0.02904600
2020-07-29,0.02861800
2020-07-30,0.03017200
2020-07-31,0.03055700
2020-08-01,0.03279500
2020-08-02,0.03363800
2020-08-03,0.03439400
2020-08-04,0.03481200
2020-08-05,0.03411900
2020-08-06,0.03356200
2020-08-07,0.03271000
2020-08-08,0.03375700
2020-08-09,0.03339600
2020-08-10,0.03325500
2020-08-11,0.03327000
2020-08-12,0.03347300
2020-08-13,0.03603800
2020-08-14,0.03725400
2020-08-15,0.03647200
2020-08-16,0.03640800
2020-08-17,0.03507000
2020-08-18,0.03532000
2020-08-19,0.03466700
2020-08-20,0.03508500
2020-08-21,0.03364500
2020-08-22,0.03388400
2020-08-23,0.03354100
2020-08-24,0.03470400
2020-08-25,0.03383600
2020-08-26,0.03366200
2020-08-27,0.03383000
2020-08-28,0.03428200
2020-08-29,0.03476700
2020-08-30,0.03662600
2020-08-31,0.03723500
2020-09-01,0.03987500
2020-09-02,0.03860000
2020-09-03,0.03761600
2020-09-04,0.03688200
2020-09-05,0.03296100
2020-09-06,0.03439800
2020-09-07,0.03408600
2020-09-08,0.03331200
2020-09-09,0.03433200
2020-09-10,0.03559300
2020-09-11,0.03597000
2020-09-12,0.03714400
2020-09-13,0.03546000
2020-09-14,0.03533600
2020-09-15,0.03375400
2020-09-16,0.03333200
2020-09-17,0.03559300
2020-09-18,0.03516200
2020-09-19,0.03476300
2020-09-20,0.03397000
2020-09-21,0.03265900
2020-09-22,0.03268700
2020-09-23,0.03131100
2020-09-24,0.03250600
2020-09-25,0.03293000
2020-09-26,0.03298900
2020-09-27,0.03318100
2020-09-28,0.03309600
2020-09-29,0.03318900
2020-09-30,0.03338500
2020-10-01,0.03323000
2020-10-02,0.03269400
2020-10-03,0.03281700
2020-10-04,0.03303000
2020-10-05,0.03276500
2020-10-06,0.03214900
2020-10-07,0.03202500
2020-10-08,0.03212000
2020-10-09,0.03303600
2020-10-10,0.03280900
2020-10-11,0.03291200
2020-10-12,0.03352100
2020-10-13,0.03336600
2020-10-14,0.03316800
2020-10-15,0.03282100
2020-10-16,0.03228400
2020-10-17,0.03242500
2020-10-18,0.03287800
2020-10-19,0.03227600
2020-10-20,0.03094200
2020-10-21,0.03054600
2020-10-22,0.03191900
2020-10-23,0.03166200
2020-10-24,0.03142900
2020-10-25,0.03115000
2020-10-26,0.03008600
2020-10-27,0.02958400
2020-10-28,0.02925800
2020-10-29,0.02878300
2020-10-30,0.02821300
2020-10-31,0.02802000
2020-11-01,0.02882200
2020-11-02,0.02826300
2020-11-03,0.02766000
2020-11-04,0.02846000
2020-11-05,0.02672900
2020-11-06,0.02926100
2020-11-07,0.02937300
2020-11-08,0.02935900
2020-11-09,0.02898900
2020-11-10,0.02944100
2020-11-11,0.02952700
2020-11-12,0.02837800
2020-11-13,0.02919000
2020-11-14,0.02867900
2020-11-15,0.02808700
2020-11-16,0.02755500
2020-11-17,0.02730200
2020-11-18,0.02691400
2020-11-19,0.02647300
2020-11-20,0.02734400
2020-11-21,0.02953600
2020-11-22,0.03040600
2020-11-23,0.03313100
2020-11-24,0.03157300
2020-11-25,0.03041100
2020-11-26,0.03031800
2020-11-27,0.03025600
2020-11-28,0.03033000
2020-11-29,0.03168000
2020-11-30,0.03131000
2020-12-01,0.03118900
2020-12-02,0.03109100
2020-12-03,0.03170900
2020-12-04,0.03041600
2020-12-05,0.03116900
2020-12-06,0.03107600
2020-12-07,0.03084800
2020-12-08,0.03028700
2020-12-09,0.03090800
2020-12-10,0.03062100
2020-12-11,0.03018100
2020-12-12,0.03020700
2020-12-13,0.03081800
2020-12-14,0.03042100
2020-12-15,0.03030500
2020-12-16,0.02986400
2020-12-17,0.02818500
2020-12-18,0.02829200
2020-12-19,0.02762100
2020-12-20,0.02719300
2020-12-21,0.02675300
2020-12-22,0.02672900
2020-12-23,0.02520000
2020-12-24,0.02580600
2020-12-25,0.02536300
2020-12-26,0.02405500
2020-12-27,0.02605700
2020-12-28,0.02696700
2020-12-29,0.02673200
2020-12-30,0.02604600
2020-12-31,0.02545800
2021-01-01,0.02485000
2021-01-02,0.02406200
2021-01-03,0.02964000
2021-01-04,0.03255100
2021-01-05,0.03239300
2021-01-06,0.03287300
2021-01-07,0.03104800
2021-01-08,0.02997500
2021-01-09,0.03183000
2021-01-10,0.03287800
2021-01-11,0.03070000
2021-01-12,0.03085100
2021-01-13,0.03023200
2021-01-14,0.03145100
2021-01-15,0.03181200
2021-01-16,0.03411400
2021-01-17,0.03440000
2021-01-18,0.03435700
2021-01-19,0.03807900
2021-01-20,0.03881900
2021-01-21,0.03603600
2021-01-22,0.03740200
2021-01-23,0.03845000
2021-01-24,0.04316300
2021-01-25,0.04085400
2021-01-26,0.04206500
2021-01-27,0.04084100
2021-01-28,0.03984300
2021-01-29,0.04028100
2021-01-30,0.04022000
2021-01-31,0.03966200
2021-02-01,0.04099600
2021-02-02,0.04262300
2021-02-03,0.04424200
2021-02-04,0.04319400
2021-02-05,0.04488800
2021-02-06,0.04276000
2021-02-07,0.04153700
2021-02-08,0.03773100
2021-02-09,0.03811300
2021-02-10,0.03885000
2021-02-11,0.03723500
2021-02-12,0.03890000
2021-02-13,0.03849800
2021-02-14,0.03705300
2021-02-15,0.03713200
2021-02-16,0.03625100
2021-02-17,0.03549100
2021-02-18,0.03760500
2021-02-19,0.03497700
2021-02-20,0.03425100
2021-02-21,0.03367400
2021-02-22,0.03285900
2021-02-23,0.03226600
2021-02-24,0.03267200
2021-02-25,0.03147500
2021-02-26,0.03119700
2021-02-27,0.03163000
2021-02-28,0.03144000
2021-03-01,0.03164900
2021-03-02,0.03069500
2021-03-03,0.03113500
2021-03-04,0.03181700
2021-03-05,0.03134400
2021-03-06,0.03376200
2021-03-07,0.03387200
2021-03-08,0.03499700
2021-03-09,0.03408300
2021-03-10,0.03214000
2021-03-11,0.03159900
2021-03-12,0.03086000
2021-03-13,0.03141200
2021-03-14,0.03133200
2021-03-15,0.03225400
2021-03-16,0.03172500
2021-03-17,0.03095900
2021-03-18,0.03080700
2021-03-19,0.03117400
2021-03-20,0.03107800
2021-03-21,0.03109000
2021-03-22,0.03108400
2021-03-23,0.03069700
2021-03-24,0.03025100
2021-03-25,0.03092000
2021-03-26,0.03087700
2021-03-27,0.03068100
2021-03-28,0.03024300
2021-03-29,0.03153000
2021-03-30,0.03132600
2021-03-31,0.03267000
2021-04-01,0.03351200
2021-04-02,0.03619000
2021-04-03,0.03520900
2021-04-04,0.03566900
2021-04-05,0.03563700
2021-04-06,0.03641500
2021-04-07,0.03509400
2021-04-08,0.03581600
2021-04-09,0.03554600
2021-04-10,0.03569200
2021-04-11,0.03585400
2021-04-12,0.03571400
2021-04-13,0.03617600
2021-04-14,0.03863500
2021-04-15,0.03979500
2021-04-16,0.03949100
2021-04-17,0.03861900
2021-04-18,0.03981600
2021-04-19,0.03884400
2021-04-20,0.04129900
2021-04-21,0.04381500
2021-04-22,0.04639000
2021-04-23,0.04632000
2021-04-24,0.04422200
2021-04-25,0.04729800
2021-04-26,0.04689500
2021-04-27,0.04845700
2021-04-28,0.05011400
2021-04-29,0.05149200
2021-04-30,0.04805400
2021-05-01,0.05094800
2021-05-02,0.05213400
2021-05-03,0.05999500
2021-05-04,0.06088600
2021-05-05,0.06136300
2021-05-06,0.06188100
2021-05-07,0.06070100
2021-05-08,0.06642800
2021-05-09,0.06737500
2021-05-10,0.07072200
2021-05-11,0.07364400
2021-05-12,0.07697100
2021-05-13,0.07488800
2021-05-14,0.08177500
2021-05-15,0.07797500
2021-05-16,0.07715200
2021-05-17,0.07538100
2021-05-18,0.07875900
2021-05-19,0.06654000
2021-05-20,0.06829900
2021-05-21,0.06525300
2021-05-22,0.06127300
2021-05-23,0.06048400
2021-05-24,0.06822500
2021-05-25,0.07056600
2021-05-26,0.07352900
2021-05-27,0.07118900
2021-05-28,0.06765700
2021-05-29,0.06584800
2021-05-30,0.06692700
2021-05-31,0.07266800
2021-06-01,0.07179300
2021-06-02,0.07202600
2021-06-03,0.07281100
2021-06-04,0.07300200
2021-06-05,0.07398600
2021-06-06,0.07573700
2021-06-07,0.07723700
2021-06-08,0.07512400
2021-06-09,0.06982100
2021-06-10,0.06739600
2021-06-11,0.06305800
2021-06-12,0.06669600
2021-06-13,0.06430600
2021-06-14,0.06369900
2021-06-15,0.06334900
2021-06-16,0.06176100
2021-06-17,0.06230400
2021-06-18,0.06236000
2021-06-19,0.06101000
2021-06-20,0.06303500
2021-06-21,0.05964800
2021-06-22,0.05780600
2021-06-23,0.05845500
2021-06-24,0.05740200
2021-06-25,0.05729000
2021-06-26,0.05667700
2021-06-27,0.05712300
2021-06-28,0.06043100
2021-06-29,0.06028900
2021-06-30,0.06493200
2021-07-01,0.06286500
2021-07-02,0.06375800
2021-07-03,0.06423100
2021-07-04,0.06582200
2021-07-05,0.06517900
2021-07-06,0.06786400
2021-07-07,0.06840100
2021-07-08,0.06436600
2021-07-09,0.06349200
2021-07-10,0.06300000
2021-07-11,0.06248800
2021-07-12,0.06140000
2021-07-13,0.05929800
2021-07-14,0.06076800
2021-07-15,0.06022600
2021-07-16,0.05978600
2021-07-17,0.06026400
2021-07-18,0.05952000
2021-07-19,0.05897100
2021-07-20,0.05995300
2021-07-21,0.06208900
2021-07-22,0.06269700
2021-07-23,0.06316400
2021-07-24,0.06377100
2021-07-25,0.06190900
2021-07-26,0.05983100
2021-07-27,0.05827900
2021-07-28,0.05748100
2021-07-29,0.05954700
2021-07-30,0.05832600
2021-07-31,0.06104000
2021-08-01,0.06411400
2021-08-02,0.06659300
2021-08-03,0.06566600
2021-08-04,0.06858900
2021-08-05,0.06918200
2021-08-06,0.06749800
2021-08-07,0.07090200
2021-08-08,0.06875900
2021-08-09,0.06832300
2021-08-10,0.06891300
2021-08-11,0.06943800
2021-08-12,0.06859500
2021-08-13,0.06950900
2021-08-14,0.06933300
2021-08-15,0.07040600
2021-08-16,0.06855500
2021-08-17,0.06739100
2021-08-18,0.06744500
2021-08-19,0.06809700
2021-08-20,0.06660200
2021-08-21,0.06601700
2021-08-22,0.06575400
2021-08-23,0.06711000
2021-08-24,0.06650200
2021-08-25,0.06589400
2021-08-26,0.06603200
2021-08-27,0.06672600
2021-08-28,0.06637200
2021-08-29,0.06610100
2021-08-30,0.06873400
2021-08-31,0.07281200
2021-09-01,0.07840100
2021-09-02,0.07686800
2021-09-03,0.07877000
2021-09-04,0.07783200
2021-09-05,0.07631600
2021-09-06,0.07455000
2021-09-07,0.07327200
2021-09-08,0.07596900
2021-09-09,0.07381900
2021-09-10,0.07155000
2021-09-11,0.07233100
2021-09-12,0.07397600
2021-09-13,0.07310200
2021-09-14,0.07290500
2021-09-15,0.07509200
2021-09-16,0.07472800
2021-09-17,0.07186000
2021-09-18,0.07113900
2021-09-19,0.07045200
2021-09-20,0.06920000
2021-09-21,0.06791000
2021-09-22,0.07066400
2021-09-23,0.07026400
2021-09-24,0.06839500
2021-09-25,0.06847900
2021-09-26,0.07088100
2021-09-27,0.06940500
2021-09-28,0.06837600
2021-09-29,0.06863700
2021-09-30,0.06847300
2021-10-01,0.06875200
2021-10-02,0.07109800
2021-10-03,0.07090700
2021-10-04,0.06879100
2021-10-05,0.06829200
2021-10-06,0.06461800
2021-10-07,0.06670300
2021-10-08,0.06604300
2021-10-09,0.06505000
2021-10-10,0.06245900
2021-10-11,0.06162500
2021-10-12,0.06234700
2021-10-13,0.06287100
2021-10-14,0.06611100
2021-10-15,0.06273200
2021-10-16,0.06291200
2021-10-17,0.06252600
2021-10-18,0.06039100
2021-10-19,0.06031200
2021-10-20,0.06306100
2021-10-21,0.06514800
2021-10-22,0.06544600
2021-10-23,0.06799700
2021-10-24,0.06707900
2021-10-25,0.06689700
2021-10-26,0.06849200
2021-10-27,0.06714600
2021-10-28,0.07077500
2021-10-29,0.07099100
2021-10-30,0.06986100
2021-10-31,0.06993700
2021-11-01,0.07092200
2021-11-02,0.07258800
2021-11-03,0.07318900
2021-11-04,0.07382500
2021-11-05,0.07341100
2021-11-06,0.07348100
2021-11-07,0.07289900
2021-11-08,0.07119700
2021-11-09,0.07069100
2021-11-10,0.07135600
2021-11-11,0.07284700
2021-11-12,0.07276300
2021-11-13,0.07213100
2021-11-14,0.07061500
2021-11-15,0.07174100
2021-11-16,0.07006700
2021-11-17,0.07106700
2021-11-18,0.07024700
2021-11-19,0.07397400
2021-11-20,0.07390500
2021-11-21,0.07265900
2021-11-22,0.07263700
2021-11-23,0.07541300
2021-11-24,0.07472800
2021-11-25,0.07673400
2021-11-26,0.07522200
2021-11-27,0.07483100
2021-11-28,0.07498500
2021-11-29,0.07692400
2021-11-30,0.08129800
2021-12-01,0.08015100
2021-12-02,0.07988700
2021-12-03,0.07865900
2021-12-04,0.08376300
2021-12-05,0.08495400
2021-12-06,0.08618100
2021-12-07,0.08511100
2021-12-08,0.08791000
2021-12-09,0.08635900
2021-12-10,0.08269100
2021-12-11,0.08280600
2021-12-12,0.08249800
2021-12-13,0.08098000
2021-12-14,0.07982800
2021-12-15,0.08225900
2021-12-16,0.08308100
2021-12-17,0.08401300
2021-12-18,0.08455100
2021-12-19,0.08405400
2021-12-20,0.08407600
2021-12-21,0.08212100
2021-12-22,0.08189000
2021-12-23,0.08089700
2021-12-24,0.07961300
2021-12-25,0.08123500
2021-12-26,0.08002900
2021-12-27,0.07963300
2021-12-28,0.07977000
2021-12-29,0.07812500
2021-12-30,0.07872200
2021-12-31,0.07955200
2022-01-01,0.07891100
2022-01-02,0.08096200
2022-01-03,0.08106900
2022-01-04,0.08258500
2022-01-05,0.08148600
2022-01-06,0.07907200
2022-01-07,0.07694300
2022-01-08,0.07392200
2022-01-09,0.07529300
2022-01-10,0.07371000
2022-01-11,0.07582900
2022-01-12,0.07678900
2022-01-13,0.07614800
2022-01-14,0.07680600
2022-01-15,0.07720900
2022-01-16,0.07770100
2022-01-17,0.07605500
2022-01-18,0.07459900
2022-01-19,0.07403400
2022-01-20,0.07377700
2022-01-21,0.07044400
2022-01-22,0.06877900
2022-01-23,0.07005700
2022-01-24,0.06654900
2022-01-25,0.06651800
2022-01-26,0.06691900
2022-01-27,0.06522800
2022-01-28,0.06748400
2022-01-29,0.06816500
2022-01-30,0.06867900
2022-01-31,0.06984500
2022-02-01,0.07203000
2022-02-02,0.07261100
2022-02-03,0.07225000
2022-02-04,0.07204900
2022-02-05,0.07280600
2022-02-06,0.07209700
2022-02-07,0.07162100
2022-02-08,0.07076900
2022-02-09,0.07309700
2022-02-10,0.07064200
2022-02-11,0.06908800
2022-02-12,0.06913800
2022-02-13,0.06826200
2022-02-14,0.06887300
2022-02-15,0.07147200
2022-02-16,0.07115700
2022-02-17,0.07137300
2022-02-18,0.06952100
2022-02-19,0.06895600
2022-02-20,0.06830100
2022-02-21,0.06939500
2022-02-22,0.06896200
2022-02-23,0.06924800
2022-02-24,0.06774800
2022-02-25,0.07058600
2022-02-26,0.07105400
2022-02-27,0.06942200
2022-02-28,0.06767300
2022-03-01,0.06699700
2022-03-02,0.06714200
2022-03-03,0.06675600
2022-03-04,0.06698200
2022-03-05,0.06765600
2022-03-06,0.06639600
2022-03-07,0.06557500
2022-03-08,0.06651000
2022-03-09,0.06501700
2022-03-10,0.06612300
2022-03-11,0.06601600
2022-03-12,0.06619700
2022-03-13,0.06658700
2022-03-14,0.06527600
2022-03-15,0.06664000
2022-03-16,0.06746800
2022-03-17,0.06872600
2022-03-18,0.07037700
2022-03-19,0.06991600
2022-03-20,0.06935500
2022-03-21,0.07049100
2022-03-22,0.07009400
2022-03-23,0.07080100
2022-03-24,0.07072000
2022-03-25,0.07001200
2022-03-26,0.07065500
2022-03-27,0.07037800
2022-03-28,0.07073100
2022-03-29,0.07169300
2022-03-30,0.07193400
2022-03-31,0.07210300
2022-04-01,0.07466000
2022-04-02,0.07516500
2022-04-03,0.07588600
2022-04-04,0.07554900
2022-04-05,0.07487800
2022-04-06,0.07339800
2022-04-07,0.07429000
2022-04-08,0.07554900
2022-04-09,0.07621500
2022-04-10,0.07597300
2022-04-11,0.07537900
2022-04-12,0.07554500
2022-04-13,0.07578900
2022-04-14,0.07565700
2022-04-15,0.07498400
2022-04-16,0.07576200
2022-04-17,0.07530000
2022-04-18,0.07489100
2022-04-19,0.07475900
2022-04-20,0.07438600
2022-04-21,0.07370600
2022-04-22,0.07460000
2022-04-23,0.07435600
2022-04-24,0.07404400
2022-04-25,0.07436900
2022-04-26,0.07371600
2022-04-27,0.07363800
2022-04-28,0.07389900
2022-04-29,0.07299000
2022-04-30,0.07246100
2022-05-01,0.07344200
2022-05-02,0.07414600
2022-05-03,0.07372300
2022-05-04,0.07409300
2022-05-05,0.07517400
2022-05-06,0.07477100
2022-05-07,0.07428800
2022-05-08,0.07401700
2022-05-09,0.07411700
2022-05-10,0.07551600
2022-05-11,0.07165800
2022-05-12,0.06752100
2022-05-13,0.06862400
2022-05-14,0.06835200
2022-05-15,0.06848400
2022-05-16,0.06772800
2022-05-17,0.06867400
2022-05-18,0.06668600
2022-05-19,0.06660600
2022-05-20,0.06709400
2022-05-21,0.06707800
2022-05-22,0.06744300
2022-05-23,0.06779100
2022-05-24,0.06672500
2022-05-25,0.06575900
2022-05-26,0.06136700
2022-05-27,0.06033400
2022-05-28,0.06173100
2022-05-29,0.06154100
2022-05-30,0.06299100
2022-05-31,0.06106200
2022-06-01,0.06099400
2022-06-02,0.06022800
2022-06-03,0.05976500
2022-06-04,0.06042000
2022-06-05,0.06036700
2022-06-06,0.05928100
2022-06-07,0.05825900
2022-06-08,0.05932100
2022-06-09,0.05940700
2022-06-10,0.05715800
2022-06-11,0.05392400
2022-06-12,0.05400300
2022-06-13,0.05379300
2022-06-14,0.05457100
2022-06-15,0.05480700
2022-06-16,0.05237100
2022-06-17,0.05309700
2022-06-18,0.05244500
2022-06-19,0.05484900
2022-06-20,0.05483300
2022-06-21,0.05432800
2022-06-22,0.05254000
2022-06-23,0.05422900
2022-06-24,0.05768500
2022-06-25,0.05779600
2022-06-26,0.05694000
2022-06-27,0.05749600
2022-06-28,0.05641100
2022-06-29,0.05467100
2022-06-30,0.05371500
2022-07-01,0.05495900
2022-07-02,0.05541600
2022-07-03,0.05561500
2022-07-04,0.05687900
2022-07-05,0.05614300
2022-07-06,0.05770200
2022-07-07,0.05721000
2022-07-08,0.05621800
2022-07-09,0.05636900
2022-07-10,0.05599700
2022-07-11,0.05492300
2022-07-12,0.05371900
2022-07-13,0.05510500
2022-07-14,0.05795100
2022-07-15,0.05910500
2022-07-16,0.06396800
2022-07-17,0.06435700
2022-07-18,0.07046600
2022-07-19,0.06592800
2022-07-20,0.06552200
2022-07-21,0.06804900
2022-07-22,0.06768000
2022-07-23,0.06898100
2022-07-24,0.07076600
2022-07-25,0.06760400
2022-07-26,0.06817700
2022-07-27,0.07126500
2022-07-28,0.07232500
2022-07-29,0.07241700
2022-07-30,0.07177500
2022-07-31,0.07204900
2022-08-01,0.07006700
2022-08-02,0.07095500
2022-08-03,0.07091800
2022-08-04,0.07108000
2022-08-05,0.07450800
2022-08-06,0.07365100
2022-08-07,0.07336600
2022-08-08,0.07463600
2022-08-09,0.07355400
2022-08-10,0.07739300
2022-08-11,0.07855400
2022-08-12,0.08025800
2022-08-13,0.08115300
2022-08-14,0.07961900
2022-08-15,0.07882800
2022-08-16,0.07867400
2022-08-17,0.07858400
2022-08-18,0.07960700
2022-08-19,0.07723500
2022-08-20,0.07454600
2022-08-21,0.07520400
2022-08-22,0.07591600
2022-08-23,0.07735900
2022-08-24,0.07752800
2022-08-25,0.07863500
2022-08-26,0.07451500
2022-08-27,0.07442000
2022-08-28,0.07295600
2022-08-29,0.07650000
2022-08-30,0.07696100
2022-08-31,0.07751700
2022-09-01,0.07877600
2022-09-02,0.07895800
2022-09-03,0.07853000
2022-09-04,0.07895400
2022-09-05,0.08171800
2022-09-06,0.08296000
2022-09-07,0.08449200
2022-09-08,0.08464700
2022-09-09,0.08044200
2022-09-10,0.08196300
2022-09-11,0.08090900
2022-09-12,0.07664300
2022-09-13,0.07804700
2022-09-14,0.08099300
2022-09-15,0.07474800
2022-09-16,0.07241300
2022-09-17,0.07302800
2022-09-18,0.06872100
2022-09-19,0.07043200
2022-09-20,0.07009600
2022-09-21,0.06749300
2022-09-22,0.06836300
2022-09-23,0.06880700
2022-09-24,0.06960500
2022-09-25,0.06883400
2022-09-26,0.06950500
2022-09-27,0.06960900
2022-09-28,0.06888400
2022-09-29,0.06818800
2022-09-30,0.06841200
2022-10-01,0.06792900
2022-10-02,0.06699600
2022-10-03,0.06741000
2022-10-04,0.06694100
2022-10-05,0.06707700
2022-10-06,0.06774300
2022-10-07,0.06814900
2022-10-08,0.06774500
2022-10-09,0.06805500
2022-10-10,0.06743200
2022-10-11,0.06715500
2022-10-12,0.06758100
2022-10-13,0.06643200
2022-10-14,0.06760700
2022-10-15,0.06685500
2022-10-16,0.06779900
2022-10-17,0.06810500
2022-10-18,0.06780600
2022-10-19,0.06720800
2022-10-20,0.06736200
2022-10-21,0.06783000
2022-10-22,0.06840300
2022-10-23,0.06970900
2022-10-24,0.06951300
2022-10-25,0.07268600
2022-10-26,0.07539400
2022-10-27,0.07460900
2022-10-28,0.07548500
2022-10-29,0.07783400
2022-10-30,0.07711400
2022-10-31,0.07674400
2022-11-01,0.07707500
2022-11-02,0.07535700
2022-11-03,0.07577200
2022-11-04,0.07778700
2022-11-05,0.07637900
2022-11-06,0.07502000
2022-11-07,0.07615300
2022-11-08,0.07196500
2022-11-09,0.06925300
2022-11-10,0.07382800
2022-11-11,0.07556300
2022-11-12,0.07479000
2022-11-13,0.07480300
2022-11-14,0.07479200
2022-11-15,0.07416800
2022-11-16,0.07299300
2022-11-17,0.07191300
2022-11-18,0.07261400
2022-11-19,0.07290800
2022-11-20,0.07016200
2022-11-21,0.07017800
2022-11-22,0.07022200
2022-11-23,0.07134000
2022-11-24,0.07251400
2022-11-25,0.07257600
2022-11-26,0.07323600
2022-11-27,0.07266200
2022-11-28,0.07203300
2022-11-29,0.07398900
2022-11-30,0.07543000
2022-12-01,0.07517800
2022-12-02,0.07579000
2022-12-03,0.07347600
2022-12-04,0.07479100
2022-12-05,0.07423800
2022-12-06,0.07439200
2022-12-07,0.07313100
2022-12-08,0.07432400
2022-12-09,0.07372600
2022-12-10,0.07394300
2022-12-11,0.07391100
2022-12-12,0.07410500
2022-12-13,0.07427800
2022-12-14,0.07347000
2022-12-15,0.07295000
2022-12-16,0.07017500
2022-12-17,0.07075400
2022-12-18,0.07066400
2022-12-19,0.07102600
2022-12-20,0.07202600
2022-12-21,0.07213900
2022-12-22,0.07238500
2022-12-23,0.07270800
2022-12-24,0.07248900
2022-12-25,0.07239900
2022-12-26,0.07258000
2022-12-27,0.07252000
2022-12-28,0.07190700
2022-12-29,0.07217300
2022-12-30,0.07224500
2022-12-31,0.07229400
2023-01-01,0.07223800
2023-01-02,0.07281400
2023-01-03,0.07284000
2023-01-04,0.07458100
2023-01-05,0.07433600
2023-01-06,0.07487500
2023-01-07,0.07459300
2023-01-08,0.07532800
2023-01-09,0.07685600
2023-01-10,0.07656800
2023-01-11,0.07743100
2023-01-12,0.07512400
2023-01-13,0.07276100
2023-01-14,0.07397300
2023-01-15,0.07436800
2023-01-16,0.07443400
2023-01-17,0.07406500
2023-01-18,0.07313500
2023-01-19,0.07361500
2023-01-20,0.07316300
2023-01-21,0.07140000
2023-01-22,0.07165100
2023-01-23,0.07097000
2023-01-24,0.06874800
2023-01-25,0.06989200
2023-01-26,0.06959800
2023-01-27,0.06924100
2023-01-28,0.06829000
2023-01-29,0.06928100
2023-01-30,0.06861600
2023-01-31,0.06854700
2023-02-01,0.06918400
2023-02-02,0.06996300
2023-02-03,0.07100300
2023-02-04,0.07143800
2023-02-05,0.07104200
2023-02-06,0.07090900
2023-02-07,0.07188400
2023-02-08,0.07188200
2023-02-09,0.07090100
2023-02-10,0.06997000
2023-02-11,0.07037200
2023-02-12,0.06954800
2023-02-13,0.06913600
2023-02-14,0.07007800
2023-02-15,0.06886500
2023-02-16,0.06964500
2023-02-17,0.06894100
2023-02-18,0.06867800
2023-02-19,0.06920900
2023-02-20,0.06857200
2023-02-21,0.06787900
2023-02-22,0.06794500
2023-02-23,0.06895000
2023-02-24,0.06934400
2023-02-25,0.06884700
2023-02-26,0.06968200
2023-02-27,0.06953700
2023-02-28,0.06937000
2023-03-01,0.07048100
2023-03-02,0.07021600
2023-03-03,0.07020800
2023-03-04,0.07010500
2023-03-05,0.06975400
2023-03-06,0.06987600
2023-03-07,0.07035500
2023-03-08,0.07060900
2023-03-09,0.07059700
2023-03-10,0.07078800
2023-03-11,0.07194500
2023-03-12,0.07183600
2023-03-13,0.06938700
2023-03-14,0.06885800
2023-03-15,0.06794900
2023-03-16,0.06694600
2023-03-17,0.06533200
2023-03-18,0.06536900
2023-03-19,0.06367000
2023-03-20,0.06250200
2023-03-21,0.06409900
2023-03-22,0.06364200
2023-03-23,0.06410600
2023-03-24,0.06370100
2023-03-25,0.06342200
2023-03-26,0.06342500
2023-03-27,0.06323000
2023-03-28,0.06503000
2023-03-29,0.06324700
2023-03-30,0.06398400
2023-03-31,0.06398700
2023-04-01,0.06399200
2023-04-02,0.06369200
2023-04-03,0.06512400
2023-04-04,0.06641400
2023-04-05,0.06775400
2023-04-06,0.06678900
2023-04-07,0.06678400
2023-04-08,0.06617400
2023-04-09,0.06562300
2023-04-10,0.06443500
2023-04-11,0.06257800
2023-04-12,0.06415100
2023-04-13,0.06624100
2023-04-14,0.06892800
2023-04-15,0.06900700
2023-04-16,0.06991800
2023-04-17,0.07047900
2023-04-18,0.06923100
2023-04-19,0.06716800
2023-04-20,0.06878800
2023-04-21,0.06781600
2023-04-22,0.06737300
2023-04-23,0.06749100
2023-04-24,0.06695100
2023-04-25,0.06594400
2023-04-26,0.06566100
2023-04-27,0.06476300
2023-04-28,0.06450900
2023-04-29,0.06526900
2023-04-30,0.06397900
2023-05-01,0.06523100
2023-05-02,0.06522700
2023-05-03,0.06563000
2023-05-04,0.06508300
2023-05-05,0.06757000
2023-05-06,0.06572700
2023-05-07,0.06580300
2023-05-08,0.06677800
2023-05-09,0.06683200
2023-05-10,0.06670500
2023-05-11,0.06652700
2023-05-12,0.06745800
2023-05-13,0.06704300
2023-05-14,0.06685000
2023-05-15,0.06686300
2023-05-16,0.06747100
2023-05-17,0.06648900
2023-05-18,0.06714000
2023-05-19,0.06742000
2023-05-20,0.06713000
2023-05-21,0.06747000
2023-05-22,0.06769000
2023-05-23,0.06811000
2023-05-24,0.06836000
2023-05-25,0.06821000
2023-05-26,0.06845000
2023-05-27,0.06814000
2023-05-28,0.06800000
2023-05-29,0.06823000
2023-05-30,0.06862000
2023-05-31,0.06885000
2023-06-01,0.06943000
2023-06-02,0.06999000
2023-06-03,0.06989000
2023-06-04,0.06971000
2023-06-05,0.07036000
2023-06-06,0.06919000
2023-06-07,0.06956000
2023-06-08,0.06964000
2023-06-09,0.06950000
2023-06-10,0.06779000
2023-06-11,0.06760000
2023-06-12,0.06727000
2023-06-13,0.06709000
2023-06-14,0.06571000
2023-06-15,0.06513000
2023-06-16,0.06522000
2023-06-17,0.06515000
2023-06-18,0.06534000
2023-06-19,0.06471000
2023-06-20,0.06330000
2023-06-21,0.06300000
2023-06-22,0.06264000
2023-06-23,0.06168000
2023-06-24,0.06141000
2023-06-25,0.06233000
2023-06-26,0.06142000
2023-06-27,0.06156000
2023-06-28,0.06078000
2023-06-29,0.06084000
2023-06-30,0.06344000
2023-07-01,0.06292000
2023-07-02,0.06329000
2023-07-03,0.06278000
2023-07-04,0.06291000
2023-07-05,0.06262000
2023-07-06,0.06177000
2023-07-07,0.06165000
2023-07-08,0.06159000
2023-07-09,0.06175000
2023-07-10,0.06182000
2023-07-11,0.06133000
2023-07-12,0.06160000
2023-07-13,0.06372000
2023-07-14,0.06393000
2023-07-15,0.06376000
2023-07-16,0.06359000
2023-07-17,0.06341000
2023-07-18,0.06355000
2023-07-19,0.06314000
2023-07-20,0.06346000
2023-07-21,0.06325000
2023-07-22,0.06265000
2023-07-23,0.06279000
2023-07-24,0.06340000
2023-07-25,0.06355000
2023-07-26,0.06378000
2023-07-27,0.06369000
2023-07-28,0.06394000
2023-07-29,0.06407000
2023-07-30,0.06358000
2023-07-31,0.06349000
2023-08-01,0.06307000
2023-08-02,0.06306000
2023-08-03,0.06289000
2023-08-04,0.06286000
2023-08-05,0.06318000
2023-08-06,0.06293000
2023-08-07,0.06262000
2023-08-08,0.06234000
2023-08-09,0.06273000
2023-08-10,0.06290000
2023-08-11,0.06283000
2023-08-12,0.06284000
2023-08-13,0.06280000
2023-08-14,0.06271000
2023-08-15,0.06263000
2023-08-16,0.06291000
2023-08-17,0.06315000
2023-08-18,0.06377000
2023-08-19,0.06396000
2023-08-20,0.06433000
2023-08-21,0.06383000
2023-08-22,0.06276000
2023-08-23,0.06354000
2023-08-24,0.06343000
2023-08-25,0.06346000
2023-08-26,0.06330000
2023-08-27,0.06353000
2023-08-28,0.06331000
2023-08-29,0.06239000
2023-08-30,0.06247000
2023-08-31,0.06346000
2023-09-01,0.06312000
2023-09-02,0.06328000
2023-09-03,0.06299000
2023-09-04,0.06315000
2023-09-05,0.06337000
2023-09-06,0.06339000
2023-09-07,0.06279000
2023-09-08,0.06315000
2023-09-09,0.06313000
2023-09-10,0.06259000
2023-09-11,0.06166000
2023-09-12,0.06164000
2023-09-13,0.06131000
2023-09-14,0.06132000
2023-09-15,0.06171000
2023-09-16,0.06156000
2023-09-17,0.06116000
2023-09-18,0.06117000
2023-09-19,0.06040000
2023-09-20,0.05981000
2023-09-21,0.05961000
2023-09-22,0.05994000
2023-09-23,0.05996000
2023-09-24,0.06023000
2023-09-25,0.06040000
2023-09-26,0.06079000
2023-09-27,0.06062000
2023-09-28,0.06117000
2023-09-29,0.06198000
2023-09-30,0.06197000
2023-10-01,0.06195000
2023-10-02,0.06045000
2023-10-03,0.06040000
2023-10-04,0.05927000
2023-10-05,0.05878000
2023-10-06,0.05889000
2023-10-07,0.05843000
2023-10-08,0.05847000
2023-10-09,0.05727000
2023-10-10,0.05722000
2023-10-11,0.05831000
2023-10-12,0.05755000
2023-10-13,0.05778000
2023-10-14,0.05791000
2023-10-15,0.05735000
2023-10-16,0.05612000
2023-10-17,0.05510000
2023-10-18,0.05520000
2023-10-19,0.05455000
2023-10-20,0.05407000
2023-10-21,0.05445000
2023-10-22,0.05548000
2023-10-23,0.05339000
2023-10-24,0.05262000
2023-10-25,0.05180000
2023-10-26,0.05282000
2023-10-27,0.05249000
2023-10-28,0.05210000
2023-10-29,0.05200000
2023-10-30,0.05247000
2023-10-31,0.05239000
2023-11-01,0.05213000
2023-11-02,0.05155000
2023-11-03,0.05280000
2023-11-04,0.05293000
2023-11-05,0.05403000
2023-11-06,0.05423000
2023-11-07,0.05325000
2023-11-08,0.05300000
2023-11-09,0.05779000
2023-11-10,0.05571000
2023-11-11,0.05530000
2023-11-12,0.05516000
2023-11-13,0.05631000
2023-11-14,0.05568000
2023-11-15,0.05438000
2023-11-16,0.05424000
2023-11-17,0.05357000
2023-11-18,0.05366000
2023-11-19,0.05384000
2023-11-20,0.05397000
2023-11-21,0.05408000
2023-11-22,0.05516000
2023-11-23,0.05529000
2023-11-24,0.05518000
2023-11-25,0.05513000
2023-11-26,0.05507000
2023-11-27,0.05445000
2023-11-28,0.05416000
2023-11-29,0.05360000
2023-11-30,0.05439000
2023-12-01,0.05395000
2023-12-02,0.05486000
2023-12-03,0.05487000
2023-12-04,0.05343000
2023-12-05,0.05203000
2023-12-06,0.05102000
2023-12-07,0.05444000
2023-12-08,0.05339000
2023-12-09,0.05354000
2023-12-10,0.05372000
2023-12-11,0.05394000
2023-12-12,0.05311000
2023-12-13,0.05271000
2023-12-14,0.05382000
2023-12-15,0.05295000
2023-12-16,0.05273000
2023-12-17,0.05308000
2023-12-18,0.05202000
2023-12-19,0.05152000
2023-12-20,0.05044000
2023-12-21,0.05106000
2023-12-22,0.05287000
2023-12-23,0.05282000
2023-12-24,0.05265000
2023-12-25,0.05211000
2023-12-26,0.05248000
2023-12-27,0.05477000
2023-12-28,0.05507000
2023-12-29,0.05465000
2023-12-30,0.05438000
2023-12-31,0.05397000
2024-01-01,0.05325000
2024-01-02,0.05240000
2024-01-03,0.05158000
2024-01-04,0.05135000
2024-01-05,0.05138000
2024-01-06,0.05096000
2024-01-07,0.05058000
2024-01-08,0.04965000
2024-01-09,0.05085000
2024-01-10,0.05539000
2024-01-11,0.05650000
2024-01-12,0.05895000
2024-01-13,0.06017000
2024-01-14,0.05925000
2024-01-15,0.05908000
2024-01-16,0.05999000
2024-01-17,0.05916000
2024-01-18,0.05979000
2024-01-19,0.05982000
2024-01-20,0.05928000
2024-01-21,0.05908000
2024-01-22,0.05848000
2024-01-23,0.05622000
2024-01-24,0.05574000
2024-01-25,0.05553000
2024-01-26,0.05422000
2024-01-27,0.05384000
2024-01-28,0.05371000
2024-01-29,0.05352000
2024-01-30,0.05457000
2024-01-31,0.05361000
2024-02-01,0.05348000
2024-02-02,0.05344000
2024-02-03,0.05341000
2024-02-04,0.05378000
2024-02-05,0.05390000
2024-02-06,0.05505000
2024-02-07,0.05468000
2024-02-08,0.05342000
2024-02-09,0.05275000
2024-02-10,0.05236000
2024-02-11,0.05192000
2024-02-12,0.05328000
2024-02-13,0.05312000
2024-02-14,0.05358000
2024-02-15,0.05441000
2024-02-16,0.05375000
2024-02-17,0.05394000
2024-02-18,0.05526000
2024-02-19,0.05687000
2024-02-20,0.05769000
2024-02-21,0.05724000
2024-02-22,0.05793000
2024-02-23,0.05759000
2024-02-24,0.05803000
2024-02-25,0.06018000
2024-02-26,0.05830000
2024-02-27,0.05684000
2024-02-28,0.05419000
2024-02-29,0.05463000
2024-03-01,0.05503000
2024-03-02,0.05519000
2024-03-03,0.05527000
2024-03-04,0.05316000
2024-03-05,0.05576000
2024-03-06,0.05780000
2024-03-07,0.05791000
2024-03-08,0.05701000
2024-03-09,0.05717000
2024-03-10,0.05624000
2024-03-11,0.05640000
2024-03-12,0.05570000
2024-03-13,0.05481000
2024-03-14,0.05436000
2024-03-15,0.05384000
2024-03-16,0.05395000
2024-03-17,0.05329000
2024-03-18,0.05207000
2024-03-19,0.05100000
2024-03-20,0.05182000
2024-03-21,0.05333000
2024-03-22,0.05229000
2024-03-23,0.05204000
2024-03-24,0.05139000
2024-03-25,0.05137000
2024-03-26,0.05125000
2024-03-27,0.05040000
2024-03-28,0.05030000
2024-03-29,0.05025000
2024-03-30,0.05038000
2024-03-31,0.05113000
2024-04-01,0.05030000
2024-04-02,0.05008000
2024-04-03,0.05019000
2024-04-04,0.04858000
2024-04-05,0.04893000
2024-04-06,0.04866000
2024-04-07,0.04981000
2024-04-08,0.05158000
2024-04-09,0.05072000
2024-04-10,0.05019000
2024-04-11,0.05004000
2024-04-12,0.04824000
2024-04-13,0.04704000
2024-04-14,0.04804000
2024-04-15,0.04891000
2024-04-16,0.04834000
2024-04-17,0.04872000
2024-04-18,0.04829000
2024-04-19,0.04790000
2024-04-20,0.04858000
2024-04-21,0.04847000
2024-04-22,0.04790000
2024-04-23,0.04847000
2024-04-24,0.04885000
2024-04-25,0.04893000
2024-04-26,0.04909000
2024-04-27,0.05129000
2024-04-28,0.05170000
2024-04-29,0.05036000
2024-04-30,0.04968000
2024-05-01,0.05094000
2024-05-02,0.05055000
2024-05-03,0.04934000
2024-05-04,0.04879000
2024-05-05,0.04899000
2024-05-06,0.04849000
2024-05-07,0.04823000
2024-05-08,0.04860000
2024-05-09,0.04813000
2024-05-10,0.04786000
2024-05-11,0.04788000
2024-05-12,0.04765000
2024-05-13,0.04689000
2024-05-14,0.04681000
2024-05-15,0.04580000
2024-05-16,0.04514000
2024-05-17,0.04613000
2024-05-18,0.04666000
2024-05-19,0.04633000
2024-05-20,0.05127000
2024-05-21,0.05403000
2024-05-22,0.05404000
2024-05-23,0.05568000
2024-05-24,0.05438000
2024-05-25,0.05413000
2024-05-26,0.05585000
2024-05-27,0.05608000
2024-05-28,0.05621000
2024-05-29,0.05568000
2024-05-30,0.05482000
2024-05-31,0.05570000
2024-06-01,0.05631000
2024-06-02,0.05580000
2024-06-03,0.05474000
2024-06-04,0.05402000
2024-06-05,0.05437000
2024-06-06,0.05386000
2024-06-07,0.05304000
2024-06-08,0.05312000
2024-06-09,0.05321000
2024-06-10,0.05274000
2024-06-11,0.05195000
2024-06-12,0.05216000
2024-06-13,0.05195000
2024-06-14,0.05272000
2024-06-15,0.05390000
2024-06-16,0.05436000
2024-06-17,0.05279000
2024-06-18,0.05345000
2024-06-19,0.05480000
2024-06-20,0.05415000
2024-06-21,0.05486000
2024-06-22,0.05440000
2024-06-23,0.05413000
2024-06-24,0.05560000
2024-06-25,0.05493000
2024-06-26,0.05539000
2024-06-27,0.05593000
2024-06-28,0.05593000
2024-06-29,0.05539000
2024-06-30,0.05478000
2024-07-01,0.05473000
2024-07-02,0.05507000
2024-07-03,0.05473000
2024-07-04,0.05363000
2024-07-05,0.05264000
2024-07-06,0.05267000
2024-07-07,0.05246000
2024-07-08,0.05323000
2024-07-09,0.05283000
2024-07-10,0.05371000
2024-07-11,0.05406000
2024-07-12,0.05413000
2024-07-13,0.05363000
2024-07-14,0.05337000
2024-07-15,0.05381000
2024-07-16,0.05295000
2024-07-17,0.05286000
2024-07-18,0.05355000
2024-07-19,0.05256000
2024-07-20,0.05240000
2024-07-21,0.05188000
2024-07-22,0.05093000
2024-07-23,0.05282000
2024-07-24,0.05102000
2024-07-25,0.04826000
2024-07-26,0.04823000
2024-07-27,0.04785000
2024-07-28,0.04792000
2024-07-29,0.04968000
2024-07-30,0.04954000
2024-07-31,0.05001000
2024-08-01,0.04901000
2024-08-02,0.04862000
2024-08-03,0.04783000
2024-08-04,0.04624000
2024-08-05,0.04480000
2024-08-06,0.04393000
2024-08-07,0.04250000
2024-08-08,0.04349000
2024-08-09,0.04273000
2024-08-10,0.04283000
2024-08-11,0.04352000
2024-08-12,0.04586000
2024-08-13,0.04460000
2024-08-14,0.04536000
2024-08-15,0.04465000
2024-08-16,0.04403000
2024-08-17,0.04394000
2024-08-18,0.04469000
2024-08-19,0.04435000
2024-08-20,0.04360000
2024-08-21,0.04301000
2024-08-22,0.04344000
2024-08-23,0.04313000
2024-08-24,0.04315000
2024-08-25,0.04276000
2024-08-26,0.04266000
2024-08-27,0.04135000
2024-08-28,0.04283000
2024-08-29,0.04258000
2024-08-30,0.04273000
2024-08-31,0.04262000
2024-09-01,0.04234000
2024-09-02,0.04291000
2024-09-03,0.04218000
2024-09-04,0.04226000
2024-09-05,0.04216000
2024-09-06,0.04123000
2024-09-07,0.04199000
2024-09-08,0.04186000
2024-09-09,0.04136000
2024-09-10,0.04144000
2024-09-11,0.04083000
2024-09-12,0.04063000
2024-09-13,0.04032000
2024-09-14,0.04031000
2024-09-15,0.03918000
2024-09-16,0.03943000
2024-09-17,0.03884000
2024-09-18,0.03845000
2024-09-19,0.03916000
2024-09-20,0.04053000
2024-09-21,0.04125000
2024-09-22,0.04060000
2024-09-23,0.04178000
2024-09-24,0.04129000
2024-09-25,0.04085000
2024-09-26,0.04039000
2024-09-27,0.04097000
2024-09-28,0.04062000
2024-09-29,0.04051000
2024-09-30,0.04109000
2024-10-01,0.04025000
2024-10-02,0.03899000
2024-10-03,0.03867000
2024-10-04,0.03889000
2024-10-05,0.03890000
2024-10-06,0.03884000
2024-10-07,0.03893000
2024-10-08,0.03927000
2024-10-09,0.03910000
2024-10-10,0.03955000
2024-10-11,0.03901000
2024-10-12,0.03919000
2024-10-13,0.03926000
2024-10-14,0.03980000
2024-10-15,0.03888000
2024-10-16,0.03862000
2024-10-17,0.03864000
2024-10-18,0.03861000
2024-10-19,0.03873000
2024-10-20,0.03979000
2024-10-21,0.03958000
2024-10-22,0.03889000
2024-10-23,0.03786000
2024-10-24,0.03719000
2024-10-25,0.03660000
2024-10-26,0.03700000
2024-10-27,0.03687000
2024-10-28,0.03670000
2024-10-29,0.03628000
2024-10-30,0.03675000
2024-10-31,0.03583000
2024-11-01,0.03614000
2024-11-02,0.03595000
2024-11-03,0.03573000
2024-11-04,0.03535000
2024-11-05,0.03492000
2024-11-06,0.03601000
2024-11-07,0.03817000
2024-11-08,0.03871000
2024-11-09,0.04078000
2024-11-10,0.03962000
2024-11-11,0.03803000
2024-11-12,0.03688000
2024-11-13,0.03527000
2024-11-14,0.03504000
2024-11-15,0.03394000
2024-11-16,0.03459000
2024-11-17,0.03423000
2024-11-18,0.03546000
2024-11-19,0.03367000
2024-11-20,0.03255000
2024-11-21,0.03414000
2024-11-22,0.03364000
2024-11-23,0.03476000
2024-11-24,0.03432000
2024-11-25,0.03671000
2024-11-26,0.03616000
2024-11-27,0.03811000
2024-11-28,0.03742000
2024-11-29,0.03686000
2024-11-30,0.03841000
2024-12-01,0.03814000
2024-12-02,0.03802000
2024-12-03,0.03770000
2024-12-04,0.03893000
2024-12-05,0.03904000
2024-12-06,0.04009000
2024-12-07,0.04003000
2024-12-08,0.03960000
2024-12-09,0.03815000
2024-12-10,0.03756000
2024-12-11,0.03790000
2024-12-12,0.03881000
2024-12-13,0.03852000
2024-12-14,0.03817000
2024-12-15,0.03790000
2024-12-16,0.03759000
2024-12-17,0.03668000
2024-12-18,0.03620000
2024-12-19,0.03506000
2024-12-20,0.03549000
2024-12-21,0.03432000
2024-12-22,0.03448000
2024-12-23,0.03608000
2024-12-24,0.03540000
2024-12-25,0.03517000
2024-12-26,0.03482000
2024-12-27,0.03535000
2024-12-28,0.03572000
2024-12-29,0.03580000
2024-12-30,0.03623000
2024-12-31,0.03567000
2025-01-01,0.03553000
2025-01-02,0.03562000
2025-01-03,0.03676000
2025-01-04,0.03723000
2025-01-05,0.03696000
2025-01-06,0.03606000
2025-01-07,0.03488000
2025-01-08,0.03499000
2025-01-09,0.03479000
2025-01-10,0.03449000
2025-01-11,0.03471000
2025-01-12,0.03456000
2025-01-13,0.03318000
2025-01-14,0.03341000
2025-01-15,0.03433000
2025-01-16,0.03309000
2025-01-17,0.03337000
2025-01-18,0.03165000
2025-01-19,0.03173000
2025-01-20,0.03211000
2025-01-21,0.03135000
2025-01-22,0.03128000
2025-01-23,0.03213000
2025-01-24,0.03157000
2025-01-25,0.03168000
2025-01-26,0.03151000
2025-01-27,0.03117000
2025-01-28,0.03037000
2025-01-29,0.03002000
2025-01-30,0.03101000
2025-01-31,0.03222000
2025-02-01,0.03098000
2025-02-02,0.02938000
2025-02-03,0.02843000
2025-02-04,0.02794000
2025-02-05,0.02887000
2025-02-06,0.02783000
2025-02-07,0.02717000
2025-02-08,0.02730000
2025-02-09,0.02724000
2025-02-10,0.02732000
2025-02-11,0.02717000
2025-02-12,0.02798000
2025-02-13,0.02770000
2025-02-14,0.02795000
2025-02-15,0.02760000
2025-02-16,0.02768000
2025-02-17,0.02865000
2025-02-18,0.02793000
2025-02-19,0.02810000
2025-02-20,0.02785000
2025-02-21,0.02769000
2025-02-22,0.02863000
2025-02-23,0.02929000
2025-02-24,0.02747000
2025-02-25,0.02814000
2025-02-26,0.02773000
2025-02-27,0.02724000
2025-02-28,0.02652000
2025-03-01,0.02576000
2025-03-02,0.02672000
2025-03-03,0.02493000
2025-03-04,0.02488000
2025-03-05,0.02473000
2025-03-06,0.02449000
2025-03-07,0.02467000
2025-03-08,0.02556000
2025-03-09,0.02502000
2025-03-10,0.02373000
2025-03-11,0.02319000
2025-03-12,0.02281000
2025-03-13,0.02299000
2025-03-14,0.02276000
2025-03-15,0.02297000
2025-03-16,0.02286000
2025-03-17,0.02293000
2025-03-18,0.02336000
2025-03-19,0.02368000
2025-03-20,0.02356000
2025-03-21,0.02338000
2025-03-22,0.02363000
2025-03-23,0.02331000
2025-03-24,0.02379000
2025-03-25,0.02364000
2025-03-26,0.02312000
2025-03-27,0.02296000
2025-03-28,0.02247000
2025-03-29,0.02212000
2025-03-30,0.02194000
2025-03-31,0.02207000
2025-04-01,0.02237000
2025-04-02,0.02175000
2025-04-03,0.02185000
2025-04-04,0.02166000
2025-04-05,0.02162000
2025-04-06,0.02016000
2025-04-07,0.01961000
2025-04-08,0.01930000
2025-04-09,0.02021000
2025-04-10,0.01913000
2025-04-11,0.01878000
2025-04-12,0.01928000
2025-04-13,0.01907000
2025-04-14,0.01919000
2025-04-15,0.01900000
2025-04-16,0.01877000
2025-04-17,0.01864000
2025-04-18,0.01881000
2025-04-19,0.01896000
2025-04-20,0.01863000
2025-04-21,0.01805000
2025-04-22,0.01881000
2025-04-23,0.01917000
2025-04-24,0.01884000
2025-04-25,0.01886000
2025-04-26,0.01924000
2025-04-27,0.01911000
2025-04-28,0.01894000
2025-04-29,0.01907000
2025-04-30,0.01905000
2025-05-01,0.01905000
2025-05-02,0.01901000
2025-05-03,0.01913000
2025-05-04,0.01918000
2025-05-05,0.01921000
2025-05-06,0.01876000
2025-05-07,0.01867000
2025-05-08,0.02137000
2025-05-09,0.02278000
2025-05-10,0.02467000
2025-05-11,0.02415000
2025-05-12,0.02428000
2025-05-13,0.02574000
2025-05-14,0.02521000
2025-05-15,0.02456000
2025-05-16,0.02452000
2025-05-17,0.02400000
2025-05-18,0.02346000
2025-05-19,0.02394000
2025-05-20,0.02363000
2025-05-21,0.02327000
2025-05-22,0.02385000
2025-05-23,0.02355000
2025-05-24,0.02348000
2025-05-25,0.02341000
2025-05-26,0.02343000
2025-05-27,0.02444000
2025-05-28,0.02489000
2025-05-29,0.02493000
2025-05-30,0.02434000
2025-05-31,0.02416000
2025-06-01,0.02403000
2025-06-02,0.02462000
2025-06-03,0.02460000
2025-06-04,0.02490000
2025-06-05,0.02378000
2025-06-06,0.02375000
2025-06-07,0.02391000
2025-06-08,0.02374000
2025-06-09,0.02430000
2025-06-10,0.02554000
2025-06-11,0.02551000
2025-06-12,0.02502000
2025-06-13,0.02431000
2025-06-14,0.02400000
2025-06-15,0.02413000
2025-06-16,0.02382000
2025-06-17,0.02400000
2025-06-18,0.02407000
2025-06-19,0.02409000
2025-06-20,0.02329000
2025-06-21,0.02248000
2025-06-22,0.02206000
2025-06-23,0.02289000
2025-06-24,0.02309000
2025-06-25,0.02253000
2025-06-26,0.02258000
2025-06-27,0.02263000
2025-06-28,0.02271000
2025-06-29,0.02307000
2025-06-30,0.02320000
2025-07-01,0.02276000
2025-07-02,0.02362000
2025-07-03,0.02364000
2025-07-04,0.02322000
2025-07-05,0.02326000
2025-07-06,0.02354000
2025-07-07,0.02348000
2025-07-08,0.02401000
2025-07-09,0.02489000
2025-07-10,0.02544000
2025-07-11,0.02516000
2025-07-12,0.02506000
2025-07-13,0.02495000
2025-07-14,0.02516000
2025-07-15,0.02666000
2025-07-16,0.02843000
2025-07-17,0.02917000
2025-07-18,0.03007000
2025-07-19,0.03049000
2025-07-20,0.03203000
2025-07-21,0.03205000
2025-07-22,0.03123000
2025-07-23,0.03055000
2025-07-24,0.03132000
2025-07-25,0.03167000
2025-07-26,0.03173000
2025-07-27,0.03243000
2025-07-28,0.03216000
2025-07-29,0.03217000
2025-07-30,0.03233000
2025-07-31,0.03194000
2025-08-01,0.03079000
2025-08-02,0.03014000
2025-08-03,0.03063000
2025-08-04,0.03233000
2025-08-05,0.03165000
2025-08-06,0.03203000
2025-08-07,0.03328000
2025-08-08,0.03436000
2025-08-09,0.03659000
2025-08-10,0.03563000
2025-08-11,0.03559000
2025-08-12,0.03821000
2025-08-13,0.03851000
2025-08-14,0.03844000
2025-08-15,0.03784000
2025-08-16,0.03767000
2025-08-17,0.03810000
2025-08-18,0.03711000
2025-08-19,0.03611000
2025-08-20,0.03795000
2025-08-21,0.03756000
2025-08-22,0.04132000
2025-08-23,0.04140000
2025-08-24,0.04211000
2025-08-25,0.03975000
2025-08-26,0.04116000
2025-08-27,0.04051000
2025-08-28,0.04008000
2025-08-29,0.04024000
2025-08-30,0.04019000
2025-08-31,0.04058000
2025-09-01,0.03949000
2025-09-02,0.03890000
2025-09-03,0.03984000
2025-09-04,0.03881000
2025-09-05,0.03893000
2025-09-06,0.03878000
2025-09-07,0.03874000
2025-09-08,0.03844000
2025-09-09,0.03865000
2025-09-10,0.03816000
2025-09-11,0.03862000
2025-09-12,0.04062000
2025-09-13,0.04026000
2025-09-14,0.03994000
2025-09-15,0.03922000
2025-09-16,0.03854000
2025-09-17,0.03942000
2025-09-18,0.03919000
2025-09-19,0.03864000
2025-09-20,0.03872000
2025-09-21,0.03858000
2025-09-22,0.03727000
2025-09-23,0.03718000
2025-09-24,0.03665000
2025-09-25,0.03554000
2025-09-26,0.03678000
2025-09-27,0.03664000
2025-09-28,0.03693000
2025-09-29,0.03686000
2025-09-30,0.03635000
2025-10-01,0.03666000
2025-10-02,0.03720000
2025-10-03,0.03691000
2025-10-04,0.03666000
2025-10-05,0.03656000
2025-10-06,0.03757000
2025-10-07,0.03666000
2025-10-08,0.03669000
2025-10-09,0.03590000
2025-10-10,0.03395000
2025-10-11,0.03385000
2025-10-12,0.03612000
2025-10-13,0.03682000
2025-10-14,0.03650000
2025-10-15,0.03599000
2025-10-16,0.03599000
2025-10-17,0.03600000
2025-10-18,0.03629000
2025-10-19,0.03666000
2025-10-20,0.03599000
2025-10-21,0.03575000
2025-10-22,0.03537000
2025-10-23,0.03503000
2025-10-24,0.03544000
2025-10-25,0.03541000
2025-10-26,0.03630000
2025-10-27,0.03611000
2025-10-28,0.03526000
2025-10-29,0.03547000
2025-10-30,0.03512000
2025-10-31,0.03511000
2025-11-01,0.03519000
2025-11-02,0.03534000
2025-11-03,0.03381000
2025-11-04,0.03238000
2025-11-05,0.03296000
2025-11-06,0.03270000
2025-11-07,0.03324000
2025-11-08,0.03324000
2025-11-09,0.03422000
2025-11-10,0.03366000
2025-11-11,0.03316000
2025-11-12,0.03358000
2025-11-13,0.03242000
2025-11-14,0.03291000
2025-11-15,0.03314000
2025-11-16,0.03285000
2025-11-17,0.03286000
2025-11-18,0.03360000
2025-11-19,0.03304000
2025-11-20,0.03271000
2025-11-21,0.03250000
2025-11-22,0.03269000
2025-11-23,0.03227000
2025-11-24,0.03345000
2025-11-25,0.03388000
2025-11-26,0.03345000
2025-11-27,0.03301000
2025-11-28,0.03335000
2025-11-29,0.03293000
2025-11-30,0.03310000
2025-12-01,0.03244000
2025-12-02,0.03283000
2025-12-03,0.03413000
2025-12-04,0.03402000
2025-12-05,0.03382000
2025-12-06,0.03405000
2025-12-07,0.03386000
2025-12-08,0.03447000
2025-12-09,0.03581000
2025-12-10,0.03612000
2025-12-11,0.03499000
2025-12-12,0.03417000
2025-12-13,0.03451000
2025-12-14,0.03474000
2025-12-15,0.03430000
2025-12-16,0.03372000
2025-12-17,0.03286000
2025-12-18,0.03307000
2025-12-19,0.03380000
2025-12-20,0.03370000
2025-12-21,0.03387000
2025-12-22,0.03397000
2025-12-23,0.03388000
2025-12-24,0.03362000
2025-12-25,0.03329000
2025-12-26,0.03351000
2025-12-27,0.03356000
2025-12-28,0.03356000
2025-12-29,0.03369000
2025-12-30,0.03360000
2025-12-31,0.03390000
