date,close
2017-08-17,302.00000000
2017-08-18,293.96000000
2017-08-19,290.91000000
2017-08-20,299.10000000
2017-08-21,323.29000000
2017-08-22,309.80000000
2017-08-23,315.74000000
2017-08-24,323.42000000
2017-08-25,327.24000000
2017-08-26,330.79000000
2017-08-27,348.13000000
2017-08-28,346.00000000
2017-08-29,374.70000000
2017-08-30,385.93000000
2017-08-31,384.79000000
2017-09-01,388.46000000
2017-09-02,343.14000000
2017-09-03,341.77000000
2017-09-04,283.77000000
2017-09-05,312.09000000
2017-09-06,335.00000000
2017-09-07,334.49000000
2017-09-08,302.99000000
2017-09-09,296.74000000
2017-09-10,293.50000000
2017-09-11,297.30000000
2017-09-12,293.96000000
2017-09-13,276.91000000
2017-09-14,215.21000000
2017-09-15,253.00000000
2017-09-16,249.31000000
2017-09-17,257.55000000
2017-09-18,294.57000000
2017-09-19,284.00000000
2017-09-20,282.00000000
2017-09-21,257.00000000
2017-09-22,264.00000000
2017-09-23,285.93000000
2017-09-24,282.00000000
2017-09-25,294.42000000
2017-09-26,287.90000000
2017-09-27,309.74000000
2017-09-28,302.44000000
2017-09-29,292.22000000
2017-09-30,304.36000000
2017-10-01,303.95000000
2017-10-02,296.50000000
2017-10-03,292.48000000
2017-10-04,291.99000000
2017-10-05,294.81000000
2017-10-06,310.80000000
2017-10-07,311.01000000
2017-10-08,311.07000000
2017-10-09,297.19000000
2017-10-10,298.64000000
2017-10-11,304.01000000
2017-10-12,303.99000000
2017-10-13,337.96000000
2017-10-14,342.00000000
2017-10-15,337.96000000
2017-10-16,335.19000000
2017-10-17,315.19000000
2017-10-18,309.70000000
2017-10-19,308.66000000
2017-10-20,304.51000000
2017-10-21,298.94000000
2017-10-22,293.79000000
2017-10-23,281.09000000
2017-10-24,297.38000000
2017-10-25,294.49000000
2017-10-26,294.71000000
2017-10-27,296.33000000
2017-10-28,291.87000000
2017-10-29,305.00000000
2017-10-30,307.25000000
2017-10-31,304.90000000
2017-11-01,287.01000000
2017-11-02,283.12000000
2017-11-03,304.08000000
2017-11-04,298.04000000
2017-11-05,295.53000000
2017-11-06,297.97000000
2017-11-07,291.78000000
2017-11-08,303.02000000
2017-11-09,317.87000000
2017-11-10,293.50000000
2017-11-11,310.02000000
2017-11-12,305.24000000
2017-11-13,312.99000000
2017-11-14,335.61000000
2017-11-15,331.33000000
2017-11-16,331.49000000
2017-11-17,331.23000000
2017-11-18,346.66000000
2017-11-19,354.15000000
2017-11-20,367.42000000
2017-11-21,362.12000000
2017-11-22,380.65000000
2017-11-23,405.00000000
2017-11-24,469.00000000
2017-11-25,461.82000000
2017-11-26,462.84000000
2017-11-27,472.31000000
2017-11-28,466.17000000
2017-11-29,421.70000000
2017-11-30,427.43000000
2017-12-01,457.51000000
2017-12-02,457.63000000
2017-12-03,460.30000000
2017-12-04,466.67000000
2017-12-05,452.26000000
2017-12-06,411.01000000
2017-12-07,406.33000000
2017-12-08,442.56000000
2017-12-09,460.00000000
2017-12-10,427.35000000
2017-12-11,508.70000000
2017-12-12,620.00000000
2017-12-13,683.99000000
2017-12-14,679.76000000
2017-12-15,674.95000000
2017-12-16,682.81000000
2017-12-17,707.64000000
2017-12-18,784.00000000
2017-12-19,798.00000000
2017-12-20,790.21000000
2017-12-21,782.41000000
2017-12-22,635.97000000
2017-12-23,640.34000000
2017-12-24,658.00000000
2017-12-25,714.95000000
2017-12-26,750.00000000
2017-12-27,739.89000000
2017-12-28,707.89000000
2017-12-29,733.99000000
2017-12-30,681.06000000
2017-12-31,733.98000000
2018-01-01,754.99000000
2018-01-02,855.28000000
2018-01-03,934.03000000
2018-01-04,940.00000000
2018-01-05,959.30000000
2018-01-06,1004.11000000
2018-01-07,1123.09000000
2018-01-08,1133.18000000
2018-01-09,1291.00000000
2018-01-10,1247.00000000
2018-01-11,1138.93000000
2018-01-12,1253.87000000
2018-01-13,1388.02000000
2018-01-14,1347.00000000
2018-01-15,1271.00000000
2018-01-16,1000.00000000
2018-01-17,1000.00000000
2018-01-18,994.00000000
2018-01-19,1032.50000000
2018-01-20,1152.75000000
2018-01-21,1049.00000000
2018-01-22,993.00000000
2018-01-23,980.00000000
2018-01-24,1061.00000000
2018-01-25,1056.52000000
2018-01-26,1051.03000000
2018-01-27,1118.99000000
2018-01-28,1251.96000000
2018-01-29,1177.01000000
2018-01-30,1085.50000000
2018-01-31,1124.81000000
2018-02-01,1041.94000000
2018-02-02,922.30000000
2018-02-03,971.00000000
2018-02-04,823.56000000
2018-02-05,697.92000000
2018-02-06,779.25000000
2018-02-07,754.00000000
2018-02-08,781.66000000
2018-02-09,877.00000000
2018-02-10,851.15000000
2018-02-11,808.99000000
2018-02-12,866.66000000
2018-02-13,841.57000000
2018-02-14,919.09000000
2018-02-15,924.55000000
2018-02-16,938.67000000
2018-02-17,969.99000000
2018-02-18,911.00000000
2018-02-19,938.11000000
2018-02-20,882.99000000
2018-02-21,835.89000000
2018-02-22,801.49000000
2018-02-23,851.60000000
2018-02-24,833.94000000
2018-02-25,841.19000000
2018-02-26,867.98000000
2018-02-27,870.11000000
2018-02-28,853.50000000
2018-03-01,870.63000000
2018-03-02,856.28000000
2018-03-03,856.02000000
2018-03-04,866.66000000
2018-03-05,849.84000000
2018-03-06,813.11000000
2018-03-07,749.90000000
2018-03-08,695.46000000
2018-03-09,723.71000000
2018-03-10,680.58000000
2018-03-11,720.85000000
2018-03-12,697.11000000
2018-03-13,689.94000000
2018-03-14,610.10000000
2018-03-15,608.83000000
2018-03-16,599.05000000
2018-03-17,546.95000000
2018-03-18,537.00000000
2018-03-19,556.88000000
2018-03-20,557.00000000
2018-03-21,559.17000000
2018-03-22,539.92000000
2018-03-23,543.03000000
2018-03-24,520.22000000
2018-03-25,523.74000000
2018-03-26,485.00000000
2018-03-27,448.50000000
2018-03-28,446.67000000
2018-03-29,384.00000000
2018-03-30,392.43000000
2018-03-31,393.92000000
2018-04-01,378.58000000
2018-04-02,385.05000000
2018-04-03,415.01000000
2018-04-04,378.16000000
2018-04-05,381.22000000
2018-04-06,368.89000000
2018-04-07,384.51000000
2018-04-08,400.40000000
2018-04-09,399.44000000
2018-04-10,416.07000000
2018-04-11,429.52000000
2018-04-12,495.67000000
2018-04-13,495.11000000
2018-04-14,502.68000000
2018-04-15,533.88000000
2018-04-16,511.46000000
2018-04-17,502.56000000
2018-04-18,526.09000000
2018-04-19,568.14000000
2018-04-20,617.09000000
2018-04-21,604.87000000
2018-04-22,620.92000000
2018-04-23,645.09000000
2018-04-24,701.58000000
2018-04-25,618.00000000
2018-04-26,661.51000000
2018-04-27,643.46000000
2018-04-28,682.86000000
2018-04-29,690.85000000
2018-04-30,670.78000000
2018-05-01,672.00000000
2018-05-02,688.56000000
2018-05-03,779.00000000
2018-05-04,785.99000000
2018-05-05,819.50000000
2018-05-06,794.30000000
2018-05-07,752.49000000
2018-05-08,748.99000000
2018-05-09,751.75000000
2018-05-10,722.52000000
2018-05-11,676.96000000
2018-05-12,684.11000000
2018-05-13,729.08000000
2018-05-14,727.49000000
2018-05-15,704.91000000
2018-05-16,706.29000000
2018-05-17,667.62000000
2018-05-18,692.60000000
2018-05-19,697.00000000
2018-05-20,716.16000000
2018-05-21,696.70000000
2018-05-22,640.99000000
2018-05-23,577.19000000
2018-05-24,602.18000000
2018-05-25,585.55000000
2018-05-26,586.00000000
2018-05-27,570.40000000
2018-05-28,511.50000000
2018-05-29,567.36000000
2018-05-30,557.19000000
2018-05-31,577.81000000
2018-06-01,579.00000000
2018-06-02,590.85000000
2018-06-03,619.66000000
2018-06-04,591.02000000
2018-06-05,609.05000000
2018-06-06,607.40000000
2018-06-07,605.16000000
2018-06-08,598.68000000
2018-06-09,592.87000000
2018-06-10,524.11000000
2018-06-11,531.69000000
2018-06-12,493.00000000
2018-06-13,475.47000000
2018-06-14,519.29000000
2018-06-15,487.48000000
2018-06-16,496.74000000
2018-06-17,497.14000000
2018-06-18,517.95000000
2018-06-19,537.97000000
2018-06-20,536.49000000
2018-06-21,526.18000000
2018-06-22,462.09000000
2018-06-23,473.41000000
2018-06-24,454.41000000
2018-06-25,458.70000000
2018-06-26,429.34000000
2018-06-27,441.64000000
2018-06-28,420.22000000
2018-06-29,434.77000000
2018-06-30,454.09000000
2018-07-01,452.10000000
2018-07-02,476.25000000
2018-07-03,461.82000000
2018-07-04,467.38000000
2018-07-05,467.87000000
2018-07-06,470.47000000
2018-07-07,485.57000000
2018-07-08,486.77000000
2018-07-09,471.71000000
2018-07-10,432.48000000
2018-07-11,444.99000000
2018-07-12,431.14000000
2018-07-13,432.46000000
2018-07-14,433.19000000
2018-07-15,449.78000000
2018-07-16,478.49000000
2018-07-17,498.76000000
2018-07-18,479.41000000
2018-07-19,468.57000000
2018-07-20,449.04000000
2018-07-21,460.23000000
2018-07-22,457.47000000
2018-07-23,450.05000000
2018-07-24,479.28000000
2018-07-25,472.10000000
2018-07-26,462.64000000
2018-07-27,470.09000000
2018-07-28,469.29000000
2018-07-29,466.40000000
2018-07-30,456.23000000
2018-07-31,432.22000000
2018-08-01,420.41000000
2018-08-02,410.62000000
2018-08-03,417.52000000
2018-08-04,407.21000000
2018-08-05,408.79000000
2018-08-06,405.28000000
2018-08-07,378.21000000
2018-08-08,355.48000000
2018-08-09,363.30000000
2018-08-10,331.81000000
2018-08-11,317.69000000
2018-08-12,317.89000000
2018-08-13,283.81000000
2018-08-14,278.41000000
2018-08-15,281.12000000
2018-08-16,287.17000000
2018-08-17,317.51000000
2018-08-18,294.11000000
2018-08-19,299.42000000
2018-08-20,270.51000000
2018-08-21,281.21000000
2018-08-22,270.80000000
2018-08-23,275.99000000
2018-08-24,281.19000000
2018-08-25,277.55000000
2018-08-26,274.29000000
2018-08-27,287.71000000
2018-08-28,295.44000000
2018-08-29,288.40000000
2018-08-30,283.89000000
2018-08-31,281.41000000
2018-09-01,295.71000000
2018-09-02,295.41000000
2018-09-03,289.09000000
2018-09-04,285.30000000
2018-09-05,228.53000000
2018-09-06,229.70000000
2018-09-07,215.22000000
2018-09-08,196.71000000
2018-09-09,195.81000000
2018-09-10,197.15000000
2018-09-11,185.18000000
2018-09-12,183.12000000
2018-09-13,210.68000000
2018-09-14,208.82000000
2018-09-15,221.29000000
2018-09-16,220.17000000
2018-09-17,196.16000000
2018-09-18,208.17000000
2018-09-19,209.79000000
2018-09-20,224.00000000
2018-09-21,247.73000000
2018-09-22,241.01000000
2018-09-23,244.50000000
2018-09-24,228.06000000
2018-09-25,219.62000000
2018-09-26,214.42000000
2018-09-27,229.13000000
2018-09-28,221.84000000
2018-09-29,231.62000000
2018-09-30,232.94000000
2018-10-01,231.61000000
2018-10-02,225.69000000
2018-10-03,220.77000000
2018-10-04,222.66000000
2018-10-05,228.37000000
2018-10-06,225.40000000
2018-10-07,226.14000000
2018-10-08,230.01000000
2018-10-09,228.40000000
2018-10-10,226.74000000
2018-10-11,191.58000000
2018-10-12,196.96000000
2018-10-13,201.30000000
2018-10-14,197.01000000
2018-10-15,214.39000000
2018-10-16,215.09000000
2018-10-17,212.85000000
2018-10-18,206.24000000
2018-10-19,205.00000000
2018-10-20,207.91000000
2018-10-21,207.49000000
2018-10-22,206.67000000
2018-10-23,205.85000000
2018-10-24,205.35000000
2018-10-25,203.93000000
2018-10-26,204.92000000
2018-10-27,204.45000000
2018-10-28,204.99000000
2018-10-29,196.96000000
2018-10-30,197.27000000
2018-10-31,198.73000000
2018-11-01,199.96000000
2018-11-02,202.35000000
2018-11-03,200.31000000
2018-11-04,212.11000000
2018-11-05,210.66000000
2018-11-06,220.74000000
2018-11-07,219.07000000
2018-11-08,212.79000000
2018-11-09,210.77000000
2018-11-10,213.25000000
2018-11-11,212.54000000
2018-11-12,212.89000000
2018-11-13,209.84000000
2018-11-14,187.43000000
2018-11-15,184.35000000
2018-11-16,176.89000000
2018-11-17,176.20000000
2018-11-18,178.97000000
2018-11-19,150.81000000
2018-11-20,133.82000000
2018-11-21,138.23000000
2018-11-22,126.63000000
2018-11-23,125.02000000
2018-11-24,114.89000000
2018-11-25,118.67000000
2018-11-26,110.68000000
2018-11-27,111.43000000
2018-11-28,122.90000000
2018-11-29,117.98000000
2018-11-30,113.73000000
2018-12-01,118.10000000
2018-12-02,116.57000000
2018-12-03,108.76000000
2018-12-04,109.94000000
2018-12-05,102.71000000
2018-12-06,91.00000000
2018-12-07,93.05000000
2018-12-08,90.38000000
2018-12-09,93.26000000
2018-12-10,89.91000000
2018-12-11,87.76000000
2018-12-12,89.41000000
2018-12-13,86.34000000
2018-12-14,83.82000000
2018-12-15,83.76000000
2018-12-16,84.67000000
2018-12-17,94.02000000
2018-12-18,100.39000000
2018-12-19,98.74000000
2018-12-20,114.05000000
2018-12-21,107.69000000
2018-12-22,115.20000000
2018-12-23,129.03000000
2018-12-24,138.03000000
2018-12-25,127.60000000
2018-12-26,129.35000000
2018-12-27,113.80000000
2018-12-28,135.30000000
2018-12-29,132.89000000
2018-12-30,137.77000000
2018-12-31,131.45000000
2019-01-01,139.10000000
2019-01-02,152.01000000
2019-01-03,146.30000000
2019-01-04,151.97000000
2019-01-05,152.83000000
2019-01-06,153.86000000
2019-01-07,149.34000000
2019-01-08,147.60000000
2019-01-09,148.10000000
2019-01-10,124.95000000
2019-01-11,124.65000000
2019-01-12,123.35000000
2019-01-13,114.16000000
2019-01-14,126.95000000
2019-01-15,118.95000000
2019-01-16,121.48000000
2019-01-17,121.54000000
2019-01-18,119.17000000
2019-01-19,122.60000000
2019-01-20,117.47000000
2019-01-21,115.63000000
2019-01-22,117.81000000
2019-01-23,116.44000000
2019-01-24,116.39000000
2019-01-25,115.11000000
2019-01-26,115.34000000
2019-01-27,112.05000000
2019-01-28,105.50000000
2019-01-29,104.45000000
2019-01-30,108.29000000
2019-01-31,106.44000000
2019-02-01,106.73000000
2019-02-02,110.42000000
2019-02-03,107.36000000
2019-02-04,107.68000000
2019-02-05,107.27000000
2019-02-06,104.50000000
2019-02-07,104.48000000
2019-02-08,119.25000000
2019-02-09,119.19000000
2019-02-10,125.12000000
2019-02-11,120.89000000
2019-02-12,122.41000000
2019-02-13,121.86000000
2019-02-14,120.42000000
2019-02-15,121.67000000
2019-02-16,122.67000000
2019-02-17,133.75000000
2019-02-18,145.69000000
2019-02-19,143.44000000
2019-02-20,148.44000000
2019-02-21,145.69000000
2019-02-22,147.36000000
2019-02-23,157.79000000
2019-02-24,132.10000000
2019-02-25,137.87000000
2019-02-26,136.22000000
2019-02-27,135.02000000
2019-02-28,135.34000000
2019-03-01,135.32000000
2019-03-02,132.56000000
2019-03-03,130.60000000
2019-03-04,125.65000000
2019-03-05,136.72000000
2019-03-06,137.40000000
2019-03-07,136.81000000
2019-03-08,133.52000000
2019-03-09,137.27000000
2019-03-10,135.37000000
2019-03-11,132.67000000
2019-03-12,133.57000000
2019-03-13,131.65000000
2019-03-14,132.20000000
2019-03-15,136.56000000
2019-03-16,140.92000000
2019-03-17,138.67000000
2019-03-18,137.59000000
2019-03-19,138.55000000
2019-03-20,139.01000000
2019-03-21,134.85000000
2019-03-22,135.98000000
2019-03-23,137.28000000
2019-03-24,136.09000000
2019-03-25,133.98000000
2019-03-26,134.18000000
2019-03-27,139.45000000
2019-03-28,137.86000000
2019-03-29,143.25000000
2019-03-30,142.46000000
2019-03-31,141.38000000
2019-04-01,141.24000000
2019-04-02,163.31000000
2019-04-03,159.96000000
2019-04-04,157.36000000
2019-04-05,164.77000000
2019-04-06,165.50000000
2019-04-07,174.21000000
2019-04-08,178.72000000
2019-04-09,174.60000000
2019-04-10,177.12000000
2019-04-11,164.07000000
2019-04-12,163.19000000
2019-04-13,162.99000000
2019-04-14,167.23000000
2019-04-15,159.95000000
2019-04-16,165.37000000
2019-04-17,165.75000000
2019-04-18,173.33000000
2019-04-19,172.64000000
2019-04-20,172.88000000
2019-04-21,168.59000000
2019-04-22,170.52000000
2019-04-23,169.16000000
2019-04-24,164.78000000
2019-04-25,154.72000000
2019-04-26,157.95000000
2019-04-27,159.31000000
2019-04-28,157.85000000
2019-04-29,155.11000000
2019-04-30,161.83000000
2019-05-01,160.19000000
2019-05-02,161.81000000
2019-05-03,168.06000000
2019-05-04,163.70000000
2019-05-05,163.05000000
2019-05-06,173.00000000
2019-05-07,169.18000000
2019-05-08,170.85000000
2019-05-09,170.90000000
2019-05-10,172.91000000
2019-05-11,190.20000000
2019-05-12,188.11000000
2019-05-13,195.84000000
2019-05-14,216.40000000
2019-05-15,248.10000000
2019-05-16,264.25000000
2019-05-17,244.30000000
2019-05-18,233.60000000
2019-05-19,259.51000000
2019-05-20,250.37000000
2019-05-21,253.43000000
2019-05-22,243.64000000
2019-05-23,244.56000000
2019-05-24,248.87000000
2019-05-25,250.22000000
2019-05-26,264.45000000
2019-05-27,270.53000000
2019-05-28,271.03000000
2019-05-29,268.83000000
2019-05-30,254.56000000
2019-05-31,267.90000000
2019-06-01,264.33000000
2019-06-02,268.88000000
2019-06-03,249.91000000
2019-06-04,241.39000000
2019-06-05,245.63000000
2019-06-06,248.76000000
2019-06-07,248.77000000
2019-06-08,243.25000000
2019-06-09,230.98000000
2019-06-10,246.51000000
2019-06-11,244.29000000
2019-06-12,261.15000000
2019-06-13,254.67000000
2019-06-14,262.47000000
2019-06-15,267.82000000
2019-06-16,267.73000000
2019-06-17,273.16000000
2019-06-18,264.66000000
2019-06-19,268.14000000
2019-06-20,271.22000000
2019-06-21,294.35000000
2019-06-22,310.79000000
2019-06-23,308.52000000
2019-06-24,311.64000000
2019-06-25,318.26000000
2019-06-26,339.39000000
2019-06-27,298.35000000
2019-06-28,311.05000000
2019-06-29,317.62000000
2019-06-30,292.70000000
2019-07-01,295.07000000
2019-07-02,291.48000000
2019-07-03,301.14000000
2019-07-04,282.73000000
2019-07-05,287.47000000
2019-07-06,288.29000000
2019-07-07,304.72000000
2019-07-08,311.97000000
2019-07-09,307.46000000
2019-07-10,289.23000000
2019-07-11,268.63000000
2019-07-12,274.62000000
2019-07-13,268.79000000
2019-07-14,225.85000000
2019-07-15,228.20000000
2019-07-16,198.88000000
2019-07-17,210.81000000
2019-07-18,225.73000000
2019-07-19,220.73000000
2019-07-20,228.20000000
2019-07-21,225.38000000
2019-07-22,217.51000000
2019-07-23,212.48000000
2019-07-24,216.31000000
2019-07-25,219.14000000
2019-07-26,218.81000000
2019-07-27,207.30000000
2019-07-28,211.62000000
2019-07-29,210.89000000
2019-07-30,209.58000000
2019-07-31,218.42000000
2019-08-01,216.84000000
2019-08-02,217.61000000
2019-08-03,222.14000000
2019-08-04,221.79000000
2019-08-05,233.54000000
2019-08-06,226.28000000
2019-08-07,226.10000000
2019-08-08,221.39000000
2019-08-09,210.53000000
2019-08-10,206.48000000
2019-08-11,216.42000000
2019-08-12,211.41000000
2019-08-13,209.30000000
2019-08-14,187.10000000
2019-08-15,188.03000000
2019-08-16,184.88000000
2019-08-17,185.59000000
2019-08-18,194.33000000
2019-08-19,202.28000000
2019-08-20,196.60000000
2019-08-21,187.45000000
2019-08-22,190.35000000
2019-08-23,194.02000000
2019-08-24,190.60000000
2019-08-25,186.54000000
2019-08-26,188.67000000
2019-08-27,187.24000000
2019-08-28,173.03000000
2019-08-29,169.01000000
2019-08-30,168.50000000
2019-08-31,171.57000000
2019-09-01,170.74000000
2019-09-02,178.05000000
2019-09-03,178.75000000
2019-09-04,174.72000000
2019-09-05,173.75000000
2019-09-06,169.08000000
2019-09-07,177.62000000
2019-09-08,181.19000000
2019-09-09,180.54000000
2019-09-10,179.81000000
2019-09-11,178.28000000
2019-09-12,180.72000000
2019-09-13,180.95000000
2019-09-14,188.13000000
2019-09-15,189.03000000
2019-09-16,197.22000000
2019-09-17,207.84000000
2019-09-18,210.21000000
2019-09-19,220.24000000
2019-09-20,218.03000000
2019-09-21,215.05000000
2019-09-22,211.20000000
2019-09-23,201.29000000
2019-09-24,165.81000000
2019-09-25,169.96000000
2019-09-26,165.92000000
2019-09-27,173.79000000
2019-09-28,173.49000000
2019-09-29,169.24000000
2019-09-30,180.85000000
2019-10-01,175.66000000
2019-10-02,180.24000000
2019-10-03,174.69000000
2019-10-04,175.55000000
2019-10-05,176.25000000
2019-10-06,170.10000000
2019-10-07,179.85000000
2019-10-08,180.60000000
2019-10-09,192.62000000
2019-10-10,191.14000000
2019-10-11,180.72000000
2019-10-12,179.68000000
2019-10-13,180.99000000
2019-10-14,186.72000000
2019-10-15,180.49000000
2019-10-16,174.47000000
2019-10-17,177.16000000
2019-10-18,172.74000000
2019-10-19,171.79000000
2019-10-20,175.22000000
2019-10-21,173.98000000
2019-10-22,171.20000000
2019-10-23,162.35000000
2019-10-24,160.38000000
2019-10-25,181.50000000
2019-10-26,179.49000000
2019-10-27,183.75000000
2019-10-28,181.72000000
2019-10-29,190.46000000
2019-10-30,183.13000000
2019-10-31,182.18000000
2019-11-01,182.85000000
2019-11-02,182.91000000
2019-11-03,181.54000000
2019-11-04,185.71000000
2019-11-05,188.68000000
2019-11-06,191.16000000
2019-11-07,186.68000000
2019-11-08,183.74000000
2019-11-09,184.89000000
2019-11-10,188.96000000
2019-11-11,184.98000000
2019-11-12,187.09000000
2019-11-13,188.11000000
2019-11-14,184.92000000
2019-11-15,180.00000000
2019-11-16,182.37000000
2019-11-17,183.82000000
2019-11-18,178.20000000
2019-11-19,175.94000000
2019-11-20,174.72000000
2019-11-21,161.01000000
2019-11-22,149.56000000
2019-11-23,151.84000000
2019-11-24,139.96000000
2019-11-25,145.69000000
2019-11-26,147.47000000
2019-11-27,152.62000000
2019-11-28,150.72000000
2019-11-29,154.57000000
2019-11-30,151.37000000
2019-12-01,150.73000000
2019-12-02,148.65000000
2019-12-03,147.17000000
2019-12-04,145.38000000
2019-12-05,148.10000000
2019-12-06,148.45000000
2019-12-07,147.14000000
2019-12-08,150.44000000
2019-12-09,147.38000000
2019-12-10,145.56000000
2019-12-11,143.39000000
2019-12-12,144.87000000
2019-12-13,144.80000000
2019-12-14,141.79000000
2019-12-15,142.46000000
2019-12-16,132.73000000
2019-12-17,121.88000000
2019-12-18,132.78000000
2019-12-19,128.10000000
2019-12-20,128.19000000
2019-12-21,126.99000000
2019-12-22,132.09000000
2019-12-23,127.80000000
2019-12-24,127.75000000
2019-12-25,125.09000000
2019-12-26,125.58000000
2019-12-27,126.29000000
2019-12-28,128.11000000
2019-12-29,134.36000000
2019-12-30,131.59000000
2019-12-31,129.16000000
2020-01-01,130.77000000
2020-01-02,127.19000000
2020-01-03,134.35000000
2020-01-04,134.20000000
2020-01-05,135.37000000
2020-01-06,144.15000000
2020-01-07,142.80000000
2020-01-08,140.72000000
2020-01-09,137.74000000
2020-01-10,144.84000000
2020-01-11,142.38000000
2020-01-12,146.54000000
2020-01-13,143.58000000
2020-01-14,165.64000000
2020-01-15,166.40000000
2020-01-16,164.21000000
2020-01-17,169.85000000
2020-01-18,174.14000000
2020-01-19,166.79000000
2020-01-20,166.87000000
2020-01-21,169.49000000
2020-01-22,168.07000000
2020-01-23,162.81000000
2020-01-24,162.54000000
2020-01-25,160.35000000
2020-01-26,167.86000000
2020-01-27,170.08000000
2020-01-28,175.64000000
2020-01-29,173.72000000
2020-01-30,184.69000000
2020-01-31,179.99000000
2020-02-01,183.60000000
2020-02-02,188.44000000
2020-02-03,189.69000000
2020-02-04,188.91000000
2020-02-05,203.78000000
2020-02-06,213.19000000
2020-02-07,223.33000000
2020-02-08,223.05000000
2020-02-09,228.49000000
2020-02-10,222.89000000
2020-02-11,236.69000000
2020-02-12,265.74000000
2020-02-13,268.32000000
2020-02-14,285.15000000
2020-02-15,264.88000000
2020-02-16,258.85000000
2020-02-17,267.85000000
2020-02-18,282.61000000
2020-02-19,258.45000000
2020-02-20,256.96000000
2020-02-21,265.27000000
2020-02-22,261.57000000
2020-02-23,274.48000000
2020-02-24,265.52000000
2020-02-25,246.67000000
2020-02-26,223.93000000
2020-02-27,227.79000000
2020-02-28,226.76000000
2020-02-29,217.21000000
2020-03-01,217.81000000
2020-03-02,231.97000000
2020-03-03,223.91000000
2020-03-04,224.26000000
2020-03-05,228.38000000
2020-03-06,244.88000000
2020-03-07,237.23000000
2020-03-08,199.43000000
2020-03-09,202.81000000
2020-03-10,200.70000000
2020-03-11,194.61000000
2020-03-12,107.82000000
2020-03-13,134.06000000
2020-03-14,122.54000000
2020-03-15,123.78000000
2020-03-16,111.02000000
2020-03-17,115.67000000
2020-03-18,118.11000000
2020-03-19,136.30000000
2020-03-20,133.48000000
2020-03-21,132.66000000
2020-03-22,122.32000000
2020-03-23,135.92000000
2020-03-24,138.42000000
2020-03-25,136.10000000
2020-03-26,138.40000000
2020-03-27,131.33000000
2020-03-28,130.98000000
2020-03-29,124.50000000
2020-03-30,132.06000000
2020-03-31,132.72000000
2020-04-01,135.69000000
2020-04-02,141.28000000
2020-04-03,141.31000000
2020-04-04,144.10000000
2020-04-05,142.68000000
2020-04-06,171.32000000
2020-04-07,164.63000000
2020-04-08,173.11000000
2020-04-09,169.52000000
2020-04-10,157.81000000
2020-04-11,158.33000000
2020-04-12,158.59000000
2020-04-13,156.29000000
2020-04-14,158.45000000
2020-04-15,152.73000000
2020-04-16,172.29000000
2020-04-17,170.69000000
2020-04-18,187.40000000
2020-04-19,180.03000000
2020-04-20,170.20000000
2020-04-21,170.74000000
2020-04-22,182.70000000
2020-04-23,185.51000000
2020-04-24,187.59000000
2020-04-25,194.21000000
2020-04-26,197.38000000
2020-04-27,196.34000000
2020-04-28,196.24000000
2020-04-29,215.36000000
2020-04-30,206.08000000
2020-05-01,212.02000000
2020-05-02,213.90000000
2020-05-03,209.86000000
2020-05-04,206.48000000
2020-05-05,205.29000000
2020-05-06,198.97000000
2020-05-07,212.00000000
2020-05-08,211.31000000
2020-05-09,210.07000000
2020-05-10,187.54000000
2020-05-11,185.73000000
2020-05-12,189.76000000
2020-05-13,199.58000000
2020-05-14,203.29000000
2020-05-15,194.86000000
2020-05-16,200.45000000
2020-05-17,207.00000000
2020-05-18,214.91000000
2020-05-19,214.58000000
2020-05-20,209.98000000
2020-05-21,198.74000000
2020-05-22,207.36000000
2020-05-23,206.60000000
2020-05-24,199.90000000
2020-05-25,204.15000000
2020-05-26,200.89000000
2020-05-27,208.29000000
2020-05-28,220.21000000
2020-05-29,220.67000000
2020-05-30,243.66000000
2020-05-31,231.57000000
2020-06-01,248.23000000
2020-06-02,237.71000000
2020-06-03,244.52000000
2020-06-04,243.21000000
2020-06-05,240.03000000
2020-06-06,241.94000000
2020-06-07,244.56000000
2020-06-08,246.40000000
2020-06-09,243.80000000
2020-06-10,247.78000000
2020-06-11,230.51000000
2020-06-12,237.55000000
2020-06-13,238.11000000
2020-06-14,231.77000000
2020-06-15,230.86000000
2020-06-16,235.30000000
2020-06-17,233.82000000
2020-06-18,231.27000000
2020-06-19,229.00000000
2020-06-20,228.89000000
2020-06-21,228.04000000
2020-06-22,243.13000000
2020-06-23,243.14000000
2020-06-24,234.58000000
2020-06-25,232.50000000
2020-06-26,229.64000000
2020-06-27,220.94000000
2020-06-28,224.93000000
2020-06-29,227.93000000
2020-06-30,225.60000000
2020-07-01,230.99000000
2020-07-02,226.46000000
2020-07-03,224.87000000
2020-07-04,229.17000000
2020-07-05,227.56000000
2020-07-06,241.60000000
2020-07-07,239.39000000
2020-07-08,246.95000000
2020-07-09,241.98000000
2020-07-10,241.26000000
2020-07-11,239.19000000
2020-07-12,242.79000000
2020-07-13,239.50000000
2020-07-14,240.44000000
2020-07-15,238.61000000
2020-07-16,233.57000000
2020-07-17,232.67000000
2020-07-18,235.67000000
2020-07-19,239.11000000
2020-07-20,236.01000000
2020-07-21,245.59000000
2020-07-22,263.74000000
2020-07-23,275.30000000
2020-07-24,279.15000000
2020-07-25,305.26000000
2020-07-26,311.00000000
2020-07-27,321.93000000
2020-07-28,316.77000000
2020-07-29,317.71000000
2020-07-30,334.87000000
2020-07-31,346.33000000
2020-08-01,387.00000000
2020-08-02,372.42000000
2020-08-03,385.94000000
2020-08-04,389.61000000
2020-08-05,400.72000000
2020-08-06,394.77000000
2020-08-07,379.34000000
2020-08-08,397.03000000
2020-08-09,390.14000000
2020-08-10,395.44000000
2020-08-11,379.00000000
2020-08-12,387.18000000
2020-08-13,424.54000000
2020-08-14,438.11000000
2020-08-15,432.32000000
2020-08-16,433.62000000
2020-08-17,430.89000000
2020-08-18,421.95000000
2020-08-19,407.46000000
2020-08-20,415.94000000
2020-08-21,387.97000000
2020-08-22,395.24000000
2020-08-23,390.71000000
2020-08-24,407.68000000
2020-08-25,382.93000000
2020-08-26,385.81000000
2020-08-27,383.27000000
2020-08-28,395.11000000
2020-08-29,398.65000000
2020-08-30,428.94000000
2020-08-31,433.79000000
2020-09-01,475.40000000
2020-09-02,439.50000000
2020-09-03,381.40000000
2020-09-04,385.26000000
2020-09-05,335.01000000
2020-09-06,352.80000000
2020-09-07,353.59000000
2020-09-08,337.39000000
2020-09-09,350.85000000
2020-09-10,367.93000000
2020-09-11,373.63000000
2020-09-12,387.78000000
2020-09-13,366.42000000
2020-09-14,377.12000000
2020-09-15,364.06000000
2020-09-16,365.11000000
2020-09-17,389.36000000
2020-09-18,384.39000000
2020-09-19,385.25000000
2020-09-20,371.04000000
2020-09-21,340.36000000
2020-09-22,344.21000000
2020-09-23,320.72000000
2020-09-24,348.97000000
2020-09-25,351.92000000
2020-09-26,353.92000000
2020-09-27,357.49000000
2020-09-28,353.96000000
2020-09-29,359.79000000
2020-09-30,359.83000000
2020-10-01,352.85000000
2020-10-02,345.60000000
2020-10-03,345.95000000
2020-10-04,352.37000000
2020-10-05,353.62000000
2020-10-06,340.75000000
2020-10-07,341.58000000
2020-10-08,350.95000000
2020-10-09,365.02000000
2020-10-10,370.52000000
2020-10-11,374.16000000
2020-10-12,386.51000000
2020-10-13,381.04000000
2020-10-14,378.69000000
2020-10-15,377.64000000
2020-10-16,365.50000000
2020-10-17,368.32000000
2020-10-18,378.11000000
2020-10-19,379.30000000
2020-10-20,368.52000000
2020-10-21,390.38000000
2020-10-22,413.98000000
2020-10-23,409.11000000
2020-10-24,412.14000000
2020-10-25,405.86000000
2020-10-26,392.52000000
2020-10-27,403.45000000
2020-10-28,388.23000000
2020-10-29,387.13000000
2020-10-30,382.49000000
2020-10-31,386.46000000
2020-11-01,396.67000000
2020-11-02,383.02000000
2020-11-03,387.88000000
2020-11-04,402.49000000
2020-11-05,416.69000000
2020-11-06,455.91000000
2020-11-07,435.21000000
2020-11-08,454.30000000
2020-11-09,444.32000000
2020-11-10,450.34000000
2020-11-11,463.09000000
2020-11-12,462.39000000
2020-11-13,476.43000000
2020-11-14,460.89000000
2020-11-15,448.08000000
2020-11-16,460.55000000
2020-11-17,482.15000000
2020-11-18,478.41000000
2020-11-19,471.25000000
2020-11-20,510.12000000
2020-11-21,552.35000000
2020-11-22,560.03000000
2020-11-23,608.58000000
2020-11-24,604.97000000
2020-11-25,569.50000000
2020-11-26,519.83000000
2020-11-27,518.68000000
2020-11-28,537.52000000
2020-11-29,576.30000000
2020-11-30,616.66000000
2020-12-01,585.26000000
2020-12-02,596.89000000
2020-12-03,615.85000000
2020-12-04,567.24000000
2020-12-05,596.80000000
2020-12-06,601.54000000
2020-12-07,591.28000000
2020-12-08,554.94000000
2020-12-09,573.09000000
2020-12-10,558.99000000
2020-12-11,544.43000000
2020-12-12,568.04000000
2020-12-13,590.70000000
2020-12-14,586.29000000
2020-12-15,588.64000000
2020-12-16,637.18000000
2020-12-17,642.70000000
2020-12-18,653.85000000
2020-12-19,658.03000000
2020-12-20,638.18000000
2020-12-21,607.58000000
2020-12-22,636.45000000
2020-12-23,585.56000000
2020-12-24,612.31000000
2020-12-25,626.82000000
2020-12-26,637.44000000
2020-12-27,685.11000000
2020-12-28,730.41000000
2020-12-29,732.00000000
2020-12-30,752.17000000
2020-12-31,736.42000000
2021-01-01,728.91000000
2021-01-02,774.56000000
2021-01-03,978.28000000
2021-01-04,1041.43000000
2021-01-05,1099.56000000
2021-01-06,1208.42000000
2021-01-07,1224.87000000
2021-01-08,1216.93000000
2021-01-09,1276.00000000
2021-01-10,1254.25000000
2021-01-11,1087.01000000
2021-01-12,1050.16000000
2021-01-13,1129.89000000
2021-01-14,1231.62000000
2021-01-15,1168.53000000
2021-01-16,1227.83000000
2021-01-17,1232.45000000
2021-01-18,1258.45000000
2021-01-19,1365.36000000
2021-01-20,1376.99000000
2021-01-21,1110.96000000
2021-01-22,1232.62000000
2021-01-23,1233.60000000
2021-01-24,1392.51000000
2021-01-25,1317.88000000
2021-01-26,1365.97000000
2021-01-27,1239.03000000
2021-01-28,1329.69000000
2021-01-29,1379.50000000
2021-01-30,1378.05000000
2021-01-31,1312.55000000
2021-02-01,1374.17000000
2021-02-02,1511.87000000
2021-02-03,1664.49000000
2021-02-04,1595.67000000
2021-02-05,1719.19000000
2021-02-06,1676.35000000
2021-02-07,1611.62000000
2021-02-08,1750.15000000
2021-02-09,1769.13000000
2021-02-10,1740.78000000
2021-02-11,1785.62000000
2021-02-12,1840.26000000
2021-02-13,1814.96000000
2021-02-14,1800.42000000
2021-02-15,1779.25000000
2021-02-16,1781.99000000
2021-02-17,1849.88000000
2021-02-18,1939.61000000
2021-02-19,1955.00000000
2021-02-20,1913.00000000
2021-02-21,1933.53000000
2021-02-22,1777.58000000
2021-02-23,1577.89000000
2021-02-24,1623.39000000
2021-02-25,1481.75000000
2021-02-26,1444.59000000
2021-02-27,1458.13000000
2021-02-28,1419.18000000
2021-03-01,1569.86000000
2021-03-02,1486.78000000
2021-03-03,1567.69000000
2021-03-04,1539.23000000
2021-03-05,1528.31000000
2021-03-06,1650.35000000
2021-03-07,1726.16000000
2021-03-08,1833.18000000
2021-03-09,1870.51000000
2021-03-10,1795.12000000
2021-03-11,1825.78000000
2021-03-12,1766.10000000
2021-03-13,1922.35000000
2021-03-14,1848.10000000
2021-03-15,1793.48000000
2021-03-16,1805.12000000
2021-03-17,1823.58000000
2021-03-18,1776.08000000
2021-03-19,1809.10000000
2021-03-20,1806.10000000
2021-03-21,1782.98000000
2021-03-22,1680.97000000
2021-03-23,1668.08000000
2021-03-24,1581.84000000
2021-03-25,1585.74000000
2021-03-26,1698.84000000
2021-03-27,1712.63000000
2021-03-28,1687.01000000
2021-03-29,1816.74000000
2021-03-30,1840.46000000
2021-03-31,1919.37000000
2021-04-01,1968.05000000
2021-04-02,2133.69000000
2021-04-03,2008.52000000
2021-04-04,2075.69000000
2021-04-05,2107.38000000
2021-04-06,2112.21000000
2021-04-07,1963.47000000
2021-04-08,2080.46000000
2021-04-09,2066.87000000
2021-04-10,2133.49000000
2021-04-11,2151.36000000
2021-04-12,2137.69000000
2021-04-13,2299.19000000
2021-04-14,2432.60000000
2021-04-15,2514.04000000
2021-04-16,2422.67000000
2021-04-17,2317.60000000
2021-04-18,2235.64000000
2021-04-19,2161.12000000
2021-04-20,2330.03000000
2021-04-21,2357.06000000
2021-04-22,2397.94000000
2021-04-23,2367.39000000
2021-04-24,2213.35000000
2021-04-25,2320.49000000
2021-04-26,2532.60000000
2021-04-27,2666.13000000
2021-04-28,2748.24000000
2021-04-29,2757.04000000
2021-04-30,2772.42000000
2021-05-01,2944.77000000
2021-05-02,2949.56000000
2021-05-03,3431.04000000
2021-05-04,3239.01000000
2021-05-05,3524.26000000
2021-05-06,3489.73000000
2021-05-07,3479.53000000
2021-05-08,3910.26000000
2021-05-09,3923.95000000
2021-05-10,3945.88000000
2021-05-11,4173.45000000
2021-05-12,3823.21000000
2021-05-13,3717.91000000
2021-05-14,4075.01000000
2021-05-15,3646.68000000
2021-05-16,3582.10000000
2021-05-17,3282.51000000
2021-05-18,3375.07000000
2021-05-19,2438.92000000
2021-05-20,2768.62000000
2021-05-21,2430.98000000
2021-05-22,2294.87000000
2021-05-23,2096.39000000
2021-05-24,2648.43000000
2021-05-25,2705.11000000
2021-05-26,2884.94000000
2021-05-27,2742.23000000
2021-05-28,2412.10000000
2021-05-29,2278.74000000
2021-05-30,2385.98000000
2021-05-31,2706.15000000
2021-06-01,2634.57000000
2021-06-02,2706.22000000
2021-06-03,2857.25000000
2021-06-04,2689.51000000
2021-06-05,2627.73000000
2021-06-06,2711.92000000
2021-06-07,2592.05000000
2021-06-08,2507.23000000
2021-06-09,2610.18000000
2021-06-10,2471.09000000
2021-06-11,2354.01000000
2021-06-12,2370.74000000
2021-06-13,2509.33000000
2021-06-14,2580.77000000
2021-06-15,2543.54000000
2021-06-16,2367.89000000
2021-06-17,2373.28000000
2021-06-18,2234.09000000
2021-06-19,2164.67000000
2021-06-20,2243.47000000
2021-06-21,1885.49000000
2021-06-22,1879.28000000
2021-06-23,1968.14000000
2021-06-24,1989.52000000
2021-06-25,1808.82000000
2021-06-26,1829.64000000
2021-06-27,1982.28000000
2021-06-28,2084.41000000
2021-06-29,2165.33000000
2021-06-30,2275.68000000
2021-07-01,2106.41000000
2021-07-02,2154.13000000
2021-07-03,2226.99000000
2021-07-04,2322.69000000
2021-07-05,2196.53000000
2021-07-06,2322.50000000
2021-07-07,2316.57000000
2021-07-08,2116.33000000
2021-07-09,2146.99000000
2021-07-10,2110.69000000
2021-07-11,2140.45000000
2021-07-12,2031.58000000
2021-07-13,1940.15000000
2021-07-14,1994.58000000
2021-07-15,1919.51000000
2021-07-16,1876.26000000
2021-07-17,1899.59000000
2021-07-18,1891.64000000
2021-07-19,1818.73000000
2021-07-20,1786.03000000
2021-07-21,1995.50000000
2021-07-22,2024.56000000
2021-07-23,2124.25000000
2021-07-24,2184.75000000
2021-07-25,2189.79000000
2021-07-26,2228.08000000
2021-07-27,2299.49000000
2021-07-28,2300.90000000
2021-07-29,2382.92000000
2021-07-30,2461.81000000
2021-07-31,2531.05000000
2021-08-01,2555.69000000
2021-08-02,2606.93000000
2021-08-03,2509.04000000
2021-08-04,2724.78000000
2021-08-05,2826.99000000
2021-08-06,2891.58000000
2021-08-07,3160.31000000
2021-08-08,3011.85000000
2021-08-09,3160.52000000
2021-08-10,3141.66000000
2021-08-11,3160.50000000
2021-08-12,3045.96000000
2021-08-13,3322.32000000
2021-08-14,3263.16000000
2021-08-15,3307.09000000
2021-08-16,3146.53000000
2021-08-17,3011.72000000
2021-08-18,3014.55000000
2021-08-19,3184.12000000
2021-08-20,3284.82000000
2021-08-21,3223.43000000
2021-08-22,3238.00000000
2021-08-23,3321.28000000
2021-08-24,3170.62000000
2021-08-25,3226.87000000
2021-08-26,3093.20000000
2021-08-27,3273.45000000
2021-08-28,3244.48000000
2021-08-29,3223.47000000
2021-08-30,3229.64000000
2021-08-31,3429.20000000
2021-09-01,3826.82000000
2021-09-02,3785.82000000
2021-09-03,3938.11000000
2021-09-04,3885.52000000
2021-09-05,3950.29000000
2021-09-06,3926.77000000
2021-09-07,3434.57000000
2021-09-08,3499.00000000
2021-09-09,3424.93000000
2021-09-10,3208.86000000
2021-09-11,3267.21000000
2021-09-12,3404.21000000
2021-09-13,3285.35000000
2021-09-14,3434.37000000
2021-09-15,3613.55000000
2021-09-16,3567.98000000
2021-09-17,3399.81000000
2021-09-18,3435.64000000
2021-09-19,3328.62000000
2021-09-20,2977.28000000
2021-09-21,2765.90000000
2021-09-22,3076.92000000
2021-09-23,3152.50000000
2021-09-24,2928.53000000
2021-09-25,2921.73000000
2021-09-26,3059.37000000
2021-09-27,2925.59000000
2021-09-28,2804.91000000
2021-09-29,2850.45000000
2021-09-30,3000.61000000
2021-10-01,3309.91000000
2021-10-02,3387.76000000
2021-10-03,3417.73000000
2021-10-04,3386.31000000
2021-10-05,3515.27000000
2021-10-06,3574.89000000
2021-10-07,3587.47000000
2021-10-08,3563.13000000
2021-10-09,3574.82000000
2021-10-10,3414.22000000
2021-10-11,3542.12000000
2021-10-12,3491.46000000
2021-10-13,3607.42000000
2021-10-14,3790.82000000
2021-10-15,3868.99000000
2021-10-16,3829.96000000
2021-10-17,3846.85000000
2021-10-18,3744.96000000
2021-10-19,3877.03000000
2021-10-20,4161.15000000
2021-10-21,4052.99000000
2021-10-22,3972.20000000
2021-10-23,4167.12000000
2021-10-24,4082.33000000
2021-10-25,4220.37000000
2021-10-26,4131.52000000
2021-10-27,3922.00000000
2021-10-28,4286.02000000
2021-10-29,4418.89000000
2021-10-30,4322.68000000
2021-10-31,4287.21000000
2021-11-01,4319.43000000
2021-11-02,4589.89000000
2021-11-03,4603.35000000
2021-11-04,4532.32000000
2021-11-05,4474.24000000
2021-11-06,4518.00000000
2021-11-07,4612.59000000
2021-11-08,4807.98000000
2021-11-09,4732.33000000
2021-11-10,4628.78000000
2021-11-11,4719.00000000
2021-11-12,4665.46000000
2021-11-13,4644.28000000
2021-11-14,4626.50000000
2021-11-15,4563.78000000
2021-11-16,4209.76000000
2021-11-17,4287.80000000
2021-11-18,3996.90000000
2021-11-19,4294.76000000
2021-11-20,4412.17000000
2021-11-21,4258.31000000
2021-11-22,4085.97000000
2021-11-23,4339.44000000
2021-11-24,4269.36000000
2021-11-25,4524.85000000
2021-11-26,4041.20000000
2021-11-27,4095.29000000
2021-11-28,4294.78000000
2021-11-29,4444.53000000
2021-11-30,4630.26000000
2021-12-01,4582.95000000
2021-12-02,4511.21000000
2021-12-03,4215.73000000
2021-12-04,4117.25000000
2021-12-05,4196.44000000
2021-12-06,4347.59000000
2021-12-07,4306.40000000
2021-12-08,4436.91000000
2021-12-09,4105.64000000
2021-12-10,3897.94000000
2021-12-11,4089.37000000
2021-12-12,4130.00000000
2021-12-13,3781.93000000
2021-12-14,3858.99000000
2021-12-15,4019.08000000
2021-12-16,3958.11000000
2021-12-17,3875.42000000
2021-12-18,3959.93000000
2021-12-19,3924.14000000
2021-12-20,3944.73000000
2021-12-21,4014.15000000
2021-12-22,3979.51000000
2021-12-23,4111.41000000
2021-12-24,4046.36000000
2021-12-25,4094.83000000
2021-12-26,4063.56000000
2021-12-27,4037.23000000
2021-12-28,3792.75000000
2021-12-29,3630.19000000
2021-12-30,3709.27000000
2021-12-31,3676.23000000
2022-01-01,3765.54000000
2022-01-02,3828.27000000
2022-01-03,3765.89000000
2022-01-04,3785.11000000
2022-01-05,3540.63000000
2022-01-06,3406.81000000
2022-01-07,3199.24000000
2022-01-08,3080.95000000
2022-01-09,3151.97000000
2022-01-10,3082.68000000
2022-01-11,3239.72000000
2022-01-12,3371.26000000
2022-01-13,3240.61000000
2022-01-14,3307.42000000
2022-01-15,3326.04000000
2022-01-16,3346.88000000
2022-01-17,3209.67000000
2022-01-18,3159.85000000
2022-01-19,3084.02000000
2022-01-20,3001.48000000
2022-01-21,2568.15000000
2022-01-22,2412.18000000
2022-01-23,2539.01000000
2022-01-24,2439.29000000
2022-01-25,2458.83000000
2022-01-26,2462.99000000
2022-01-27,2424.25000000
2022-01-28,2544.99000000
2022-01-29,2601.43000000
2022-01-30,2601.68000000
2022-01-31,2686.94000000
2022-02-01,2787.23000000
2022-02-02,2680.67000000
2022-02-03,2695.46000000
2022-02-04,2994.99000000
2022-02-05,3012.65000000
2022-02-06,3054.99000000
2022-02-07,3139.77000000
2022-02-08,3116.69000000
2022-02-09,3243.94000000
2022-02-10,3072.49000000
2022-02-11,2927.54000000
2022-02-12,2918.88000000
2022-02-13,2871.13000000
2022-02-14,2929.75000000
2022-02-15,3183.52000000
2022-02-16,3122.30000000
2022-02-17,2891.87000000
2022-02-18,2779.48000000
2022-02-19,2763.63000000
2022-02-20,2621.99000000
2022-02-21,2568.02000000
2022-02-22,2636.29000000
2022-02-23,2579.71000000
2022-02-24,2596.20000000
2022-02-25,2768.49000000
2022-02-26,2779.47000000
2022-02-27,2616.79000000
2022-02-28,2920.95000000
2022-03-01,2976.33000000
2022-03-02,2947.30000000
2022-03-03,2833.99000000
2022-03-04,2622.10000000
2022-03-05,2665.15000000
2022-03-06,2551.29000000
2022-03-07,2491.12000000
2022-03-08,2575.97000000
2022-03-09,2726.98000000
2022-03-10,2606.70000000
2022-03-11,2556.86000000
2022-03-12,2568.80000000
2022-03-13,2515.65000000
2022-03-14,2589.41000000
2022-03-15,2617.73000000
2022-03-16,2773.81000000
2022-03-17,2811.92000000
2022-03-18,2938.92000000
2022-03-19,2950.84000000
2022-03-20,2861.38000000
2022-03-21,2890.03000000
2022-03-22,2969.64000000
2022-03-23,3036.00000000
2022-03-24,3110.76000000
2022-03-25,3102.14000000
2022-03-26,3145.00000000
2022-03-27,3295.65000000
2022-03-28,3332.92000000
2022-03-29,3400.51000000
2022-03-30,3385.79000000
2022-03-31,3281.51000000
2022-04-01,3455.21000000
2022-04-02,3443.77000000
2022-04-03,3521.91000000
2022-04-04,3519.50000000
2022-04-05,3406.99000000
2022-04-06,3168.51000000
2022-04-07,3227.19000000
2022-04-08,3192.39000000
2022-04-09,3258.57000000
2022-04-10,3203.04000000
2022-04-11,2979.74000000
2022-04-12,3027.66000000
2022-04-13,3118.28000000
2022-04-14,3021.98000000
2022-04-15,3040.56000000
2022-04-16,3059.30000000
2022-04-17,2988.06000000
2022-04-18,3055.56000000
2022-04-19,3101.77000000
2022-04-20,3076.04000000
2022-04-21,2983.58000000
2022-04-22,2962.39000000
2022-04-23,2933.03000000
2022-04-24,2921.00000000
2022-04-25,3006.62000000
2022-04-26,2809.67000000
2022-04-27,2888.96000000
2022-04-28,2936.93000000
2022-04-29,2817.13000000
2022-04-30,2726.66000000
2022-05-01,2824.81000000
2022-05-02,2856.54000000
2022-05-03,2781.70000000
2022-05-04,2940.64000000
2022-05-05,2747.97000000
2022-05-06,2692.85000000
2022-05-07,2635.34000000
2022-05-08,2519.71000000
2022-05-09,2228.55000000
2022-05-10,2342.05000000
2022-05-11,2084.99000000
2022-05-12,1960.22000000
2022-05-13,2009.69000000
2022-05-14,2056.48000000
2022-05-15,2145.29000000
2022-05-16,2023.66000000
2022-05-17,2090.72000000
2022-05-18,1915.11000000
2022-05-19,2019.55000000
2022-05-20,1959.08000000
2022-05-21,1975.07000000
2022-05-22,2043.19000000
2022-05-23,1973.32000000
2022-05-24,1979.41000000
2022-05-25,1942.63000000
2022-05-26,1792.23000000
2022-05-27,1727.27000000
2022-05-28,1792.22000000
2022-05-29,1813.64000000
2022-05-30,1998.78000000
2022-05-31,1941.90000000
2022-06-01,1817.95000000
2022-06-02,1834.08000000
2022-06-03,1775.12000000
2022-06-04,1804.58000000
2022-06-05,1806.23000000
2022-06-06,1859.84000000
2022-06-07,1813.33000000
2022-06-08,1791.88000000
2022-06-09,1788.81000000
2022-06-10,1662.91000000
2022-06-11,1532.89000000
2022-06-12,1434.84000000
2022-06-13,1209.82000000
2022-06-14,1208.90000000
2022-06-15,1237.52000000
2022-06-16,1068.50000000
2022-06-17,1086.94000000
2022-06-18,995.13000000
2022-06-19,1128.53000000
2022-06-20,1128.24000000
2022-06-21,1125.85000000
2022-06-22,1050.19000000
2022-06-23,1144.72000000
2022-06-24,1225.02000000
2022-06-25,1242.36000000
2022-06-26,1197.79000000
2022-06-27,1192.51000000
2022-06-28,1144.05000000
2022-06-29,1100.21000000
2022-06-30,1071.01000000
2022-07-01,1059.73000000
2022-07-02,1067.01000000
2022-07-03,1074.26000000
2022-07-04,1151.00000000
2022-07-05,1132.50000000
2022-07-06,1186.57000000
2022-07-07,1237.49000000
2022-07-08,1214.04000000
2022-07-09,1217.02000000
2022-07-10,1168.36000000
2022-07-11,1096.40000000
2022-07-12,1038.58000000
2022-07-13,1115.00000000
2022-07-14,1193.42000000
2022-07-15,1231.25000000
2022-07-16,1355.85000000
2022-07-17,1338.65000000
2022-07-18,1581.04000000
2022-07-19,1542.32000000
2022-07-20,1521.58000000
2022-07-21,1575.45000000
2022-07-22,1535.27000000
2022-07-23,1548.67000000
2022-07-24,1597.70000000
2022-07-25,1440.79000000
2022-07-26,1449.12000000
2022-07-27,1635.74000000
2022-07-28,1724.52000000
2022-07-29,1721.68000000
2022-07-30,1697.00000000
2022-07-31,1678.12000000
2022-08-01,1630.28000000
2022-08-02,1630.91000000
2022-08-03,1618.16000000
2022-08-04,1607.96000000
2022-08-05,1736.81000000
2022-08-06,1690.60000000
2022-08-07,1700.19000000
2022-08-08,1777.05000000
2022-08-09,1702.76000000
2022-08-10,1853.57000000
2022-08-11,1880.19000000
2022-08-12,1958.28000000
2022-08-13,1983.55000000
2022-08-14,1935.31000000
2022-08-15,1899.06000000
2022-08-16,1876.67000000
2022-08-17,1834.25000000
2022-08-18,1846.39000000
2022-08-19,1609.01000000
2022-08-20,1576.04000000
2022-08-21,1618.13000000
2022-08-22,1624.66000000
2022-08-23,1665.41000000
2022-08-24,1656.56000000
2022-08-25,1695.11000000
2022-08-26,1508.18000000
2022-08-27,1491.06000000
2022-08-28,1426.76000000
2022-08-29,1551.80000000
2022-08-30,1524.59000000
2022-08-31,1554.10000000
2022-09-01,1586.16000000
2022-09-02,1575.35000000
2022-09-03,1557.46000000
2022-09-04,1579.28000000
2022-09-05,1617.80000000
2022-09-06,1559.01000000
2022-09-07,1630.00000000
2022-09-08,1635.37000000
2022-09-09,1718.23000000
2022-09-10,1774.12000000
2022-09-11,1766.11000000
2022-09-12,1716.37000000
2022-09-13,1574.40000000
2022-09-14,1638.39000000
2022-09-15,1472.75000000
2022-09-16,1433.90000000
2022-09-17,1468.83000000
2022-09-18,1334.51000000
2022-09-19,1375.98000000
2022-09-20,1322.93000000
2022-09-21,1245.78000000
2022-09-22,1326.46000000
2022-09-23,1327.25000000
2022-09-24,1317.13000000
2022-09-25,1294.63000000
2022-09-26,1336.17000000
2022-09-27,1328.02000000
2022-09-28,1337.20000000
2022-09-29,1335.70000000
2022-09-30,1328.72000000
2022-10-01,1311.79000000
2022-10-02,1276.72000000
2022-10-03,1323.09000000
2022-10-04,1361.49000000
2022-10-05,1352.20000000
2022-10-06,1352.06000000
2022-10-07,1331.10000000
2022-10-08,1315.48000000
2022-10-09,1323.13000000
2022-10-10,1290.03000000
2022-10-11,1280.11000000
2022-10-12,1294.44000000
2022-10-13,1287.08000000
2022-10-14,1296.27000000
2022-10-15,1274.92000000
2022-10-16,1305.95000000
2022-10-17,1331.40000000
2022-10-18,1310.71000000
2022-10-19,1285.09000000
2022-10-20,1282.57000000
2022-10-21,1299.75000000
2022-10-22,1313.61000000
2022-10-23,1364.20000000
2022-10-24,1343.61000000
2022-10-25,1459.74000000
2022-10-26,1566.10000000
2022-10-27,1514.05000000
2022-10-28,1554.41000000
2022-10-29,1619.55000000
2022-10-30,1590.44000000
2022-10-31,1572.69000000
2022-11-01,1578.48000000
2022-11-02,1518.34000000
2022-11-03,1531.01000000
2022-11-04,1644.78000000
2022-11-05,1626.98000000
2022-11-06,1568.29000000
2022-11-07,1568.10000000
2022-11-08,1334.77000000
2022-11-09,1102.73000000
2022-11-10,1299.28000000
2022-11-11,1289.28000000
2022-11-12,1257.25000000
2022-11-13,1221.49000000
2022-11-14,1243.28000000
2022-11-15,1253.23000000
2022-11-16,1216.17000000
2022-11-17,1200.43000000
2022-11-18,1212.58000000
2022-11-19,1217.67000000
2022-11-20,1142.21000000
2022-11-21,1107.34000000
2022-11-22,1139.60000000
2022-11-23,1184.52000000
2022-11-24,1203.73000000
2022-11-25,1199.30000000
2022-11-26,1205.60000000
2022-11-27,1193.88000000
2022-11-28,1167.77000000
2022-11-29,1216.49000000
2022-11-30,1294.46000000
2022-12-01,1276.41000000
2022-12-02,1295.59000000
2022-12-03,1240.51000000
2022-12-04,1279.41000000
2022-12-05,1259.41000000
2022-12-06,1271.32000000
2022-12-07,1231.18000000
2022-12-08,1280.18000000
2022-12-09,1263.10000000
2022-12-10,1266.35000000
2022-12-11,1263.01000000
2022-12-12,1275.40000000
2022-12-13,1320.69000000
2022-12-14,1307.44000000
2022-12-15,1266.54000000
2022-12-16,1166.83000000
2022-12-17,1187.16000000
2022-12-18,1183.06000000
2022-12-19,1167.82000000
2022-12-20,1216.94000000
2022-12-21,1213.78000000
2022-12-22,1217.71000000
2022-12-23,1219.99000000
2022-12-24,1220.41000000
2022-12-25,1218.51000000
2022-12-26,1228.11000000
2022-12-27,1211.55000000
2022-12-28,1190.15000000
2022-12-29,1200.49000000
2022-12-30,1199.99000000
2022-12-31,1196.13000000
2023-01-01,1200.34000000
2023-01-02,1214.00000000
2023-01-03,1214.55000000
2023-01-04,1256.90000000
2023-01-05,1251.24000000
2023-01-06,1269.14000000
2023-01-07,1264.07000000
2023-01-08,1290.16000000
2023-01-09,1320.39000000
2023-01-10,1335.62000000
2023-01-11,1389.39000000
2023-01-12,1415.92000000
2023-01-13,1451.20000000
2023-01-14,1549.90000000
2023-01-15,1552.52000000
2023-01-16,1576.94000000
2023-01-17,1565.57000000
2023-01-18,1511.43000000
2023-01-19,1551.09000000
2023-01-20,1658.52000000
2023-01-21,1626.66000000
2023-01-22,1627.44000000
2023-01-23,1626.29000000
2023-01-24,1555.97000000
2023-01-25,1611.94000000
2023-01-26,1601.09000000
2023-01-27,1597.62000000
2023-01-28,1572.10000000
2023-01-29,1644.72000000
2023-01-30,1566.20000000
2023-01-31,1585.33000000
2023-02-01,1641.68000000
2023-02-02,1643.12000000
2023-02-03,1663.52000000
2023-02-04,1666.38000000
2023-02-05,1629.02000000
2023-02-06,1614.29000000
2023-02-07,1671.03000000
2023-02-08,1650.43000000
2023-02-09,1545.35000000
2023-02-10,1513.06000000
2023-02-11,1538.51000000
2023-02-12,1514.83000000
2023-02-13,1505.24000000
2023-02-14,1555.71000000
2023-02-15,1674.92000000
2023-02-16,1637.84000000
2023-02-17,1693.87000000
2023-02-18,1691.62000000
2023-02-19,1679.75000000
2023-02-20,1703.27000000
2023-02-21,1659.76000000
2023-02-22,1643.14000000
2023-02-23,1650.53000000
2023-02-24,1607.80000000
2023-02-25,1594.58000000
2023-02-26,1641.36000000
2023-02-27,1633.45000000
2023-02-28,1605.23000000
2023-03-01,1665.22000000
2023-03-02,1647.86000000
2023-03-03,1569.45000000
2023-03-04,1566.73000000
2023-03-05,1564.58000000
2023-03-06,1565.84000000
2023-03-07,1561.96000000
2023-03-08,1532.38000000
2023-03-09,1437.32000000
2023-03-10,1426.44000000
2023-03-11,1471.97000000
2023-03-12,1580.33000000
2023-03-13,1673.45000000
2023-03-14,1699.40000000
2023-03-15,1649.96000000
2023-03-16,1673.73000000
2023-03-17,1789.27000000
2023-03-18,1758.84000000
2023-03-19,1780.68000000
2023-03-20,1732.78000000
2023-03-21,1801.23000000
2023-03-22,1734.33000000
2023-03-23,1813.79000000
2023-03-24,1749.57000000
2023-03-25,1741.88000000
2023-03-26,1773.88000000
2023-03-27,1715.22000000
2023-03-28,1772.99000000
2023-03-29,1793.07000000
2023-03-30,1793.61000000
2023-03-31,1821.52000000
2023-04-01,1820.79000000
2023-04-02,1794.51000000
2023-04-03,1810.51000000
2023-04-04,1870.37000000
2023-04-05,1908.69000000
2023-04-06,1872.41000000
2023-04-07,1863.72000000
2023-04-08,1848.82000000
2023-04-09,1858.92000000
2023-04-10,1910.20000000
2023-04-11,1889.86000000
2023-04-12,1917.39000000
2023-04-13,2012.01000000
2023-04-14,2099.99000000
2023-04-15,2090.60000000
2023-04-16,2118.67000000
2023-04-17,2074.00000000
2023-04-18,2103.50000000
2023-04-19,1933.73000000
2023-04-20,1942.98000000
2023-04-21,1848.78000000
2023-04-22,1874.16000000
2023-04-23,1862.00000000
2023-04-24,1841.84000000
2023-04-25,1866.10000000
2023-04-26,1866.01000000
2023-04-27,1908.68000000
2023-04-28,1890.94000000
2023-04-29,1907.80000000
2023-04-30,1870.09000000
2023-05-01,1830.73000000
2023-05-02,1870.08000000
2023-05-03,1905.12000000
2023-05-04,1877.07000000
2023-05-05,1993.30000000
2023-05-06,1896.33000000
2023-05-07,1870.40000000
2023-05-08,1847.56000000
2023-05-09,1846.52000000
2023-05-10,1840.84000000
2023-05-11,1794.30000000
2023-05-12,1807.45000000
2023-05-13,1795.11000000
2023-05-14,1799.21000000
2023-05-15,1816.20000000
2023-05-16,1824.21000000
2023-05-17,1822.12000000
2023-05-18,1800.56000000
2023-05-19,1812.32000000
2023-05-20,1819.42000000
2023-05-21,1804.91000000
2023-05-22,1817.35000000
2023-05-23,1854.05000000
2023-05-24,1799.89000000
2023-05-25,1805.60000000
2023-05-26,1827.79000000
2023-05-27,1829.89000000
2023-05-28,1908.64000000
2023-05-29,1892.60000000
2023-05-30,1900.59000000
2023-05-31,1873.63000000
2023-06-01,1861.78000000
2023-06-02,1906.68000000
2023-06-03,1892.06000000
2023-06-04,1890.01000000
2023-06-05,1810.50000000
2023-06-06,1884.64000000
2023-06-07,1832.13000000
2023-06-08,1845.64000000
2023-06-09,1840.37000000
2023-06-10,1751.53000000
2023-06-11,1752.76000000
2023-06-12,1742.57000000
2023-06-13,1740.12000000
2023-06-14,1650.95000000
2023-06-15,1666.96000000
2023-06-16,1717.92000000
2023-06-17,1727.76000000
2023-06-18,1720.95000000
2023-06-19,1737.11000000
2023-06-20,1791.99000000
2023-06-21,1889.11000000
2023-06-22,1872.01000000
2023-06-23,1892.63000000
2023-06-24,1874.96000000
2023-06-25,1898.80000000
2023-06-26,1858.97000000
2023-06-27,1889.58000000
2023-06-28,1828.02000000
2023-06-29,1851.99000000
2023-06-30,1933.79000000
2023-07-01,1924.50000000
2023-07-02,1937.48000000
2023-07-03,1955.54000000
2023-07-04,1936.20000000
2023-07-05,1910.36000000
2023-07-06,1846.17000000
2023-07-07,1870.91000000
2023-07-08,1865.24000000
2023-07-09,1862.80000000
2023-07-10,1880.40000000
2023-07-11,1878.30000000
2023-07-12,1871.82000000
2023-07-13,2004.49000000
2023-07-14,1937.83000000
2023-07-15,1931.41000000
2023-07-16,1922.11000000
2023-07-17,1911.20000000
2023-07-18,1897.21000000
2023-07-19,1888.63000000
2023-07-20,1891.59000000
2023-07-21,1891.73000000
2023-07-22,1866.52000000
2023-07-23,1888.73000000
2023-07-24,1850.00000000
2023-07-25,1857.66000000
2023-07-26,1872.00000000
2023-07-27,1861.28000000
2023-07-28,1874.19000000
2023-07-29,1880.46000000
2023-07-30,1861.79000000
2023-07-31,1856.14000000
2023-08-01,1873.47000000
2023-08-02,1839.90000000
2023-08-03,1835.81000000
2023-08-04,1830.23000000
2023-08-05,1836.48000000
2023-08-06,1830.28000000
2023-08-07,1829.10000000
2023-08-08,1856.30000000
2023-08-09,1855.35000000
2023-08-10,1852.47000000
2023-08-11,1848.84000000
2023-08-12,1849.93000000
2023-08-13,1840.73000000
2023-08-14,1845.50000000
2023-08-15,1828.98000000
2023-08-16,1807.81000000
2023-08-17,1681.49000000
2023-08-18,1661.59000000
2023-08-19,1669.67000000
2023-08-20,1685.24000000
2023-08-21,1667.55000000
2023-08-22,1634.99000000
2023-08-23,1679.61000000
2023-08-24,1661.16000000
2023-08-25,1653.80000000
2023-08-26,1647.04000000
2023-08-27,1658.33000000
2023-08-28,1653.08000000
2023-08-29,1729.42000000
2023-08-30,1705.23000000
2023-08-31,1645.76000000
2023-09-01,1629.12000000
2023-09-02,1637.03000000
2023-09-03,1635.84000000
2023-09-04,1630.51000000
2023-09-05,1634.45000000
2023-09-06,1633.15000000
2023-09-07,1648.11000000
2023-09-08,1636.44000000
2023-09-09,1635.54000000
2023-09-10,1617.42000000
2023-09-11,1551.85000000
2023-09-12,1592.97000000
2023-09-13,1607.62000000
2023-09-14,1626.47000000
2023-09-15,1641.29000000
2023-09-16,1634.40000000
2023-09-17,1622.48000000
2023-09-18,1636.66000000
2023-09-19,1643.12000000
2023-09-20,1622.26000000
2023-09-21,1583.94000000
2023-09-22,1593.08000000
2023-09-23,1593.86000000
2023-09-24,1580.71000000
2023-09-25,1588.33000000
2023-09-26,1594.01000000
2023-09-27,1598.64000000
2023-09-28,1652.99000000
2023-09-29,1667.45000000
2023-09-30,1670.89000000
2023-10-01,1733.79000000
2023-10-02,1662.40000000
2023-10-03,1656.88000000
2023-10-04,1646.58000000
2023-10-05,1611.79000000
2023-10-06,1645.03000000
2023-10-07,1633.57000000
2023-10-08,1632.84000000
2023-10-09,1580.13000000
2023-10-10,1567.63000000
2023-10-11,1566.87000000
2023-10-12,1539.61000000
2023-10-13,1552.16000000
2023-10-14,1554.94000000
2023-10-15,1557.77000000
2023-10-16,1599.42000000
2023-10-17,1565.01000000
2023-10-18,1563.44000000
2023-10-19,1566.57000000
2023-10-20,1603.89000000
2023-10-21,1628.94000000
2023-10-22,1663.70000000
2023-10-23,1765.46000000
2023-10-24,1784.98000000
2023-10-25,1787.15000000
2023-10-26,1803.38000000
2023-10-27,1779.40000000
2023-10-28,1776.20000000
2023-10-29,1795.14000000
2023-10-30,1809.04000000
2023-10-31,1814.67000000
2023-11-01,1846.99000000
2023-11-02,1800.80000000
2023-11-03,1832.71000000
2023-11-04,1855.54000000
2023-11-05,1891.71000000
2023-11-06,1900.95000000
2023-11-07,1885.27000000
2023-11-08,1888.12000000
2023-11-09,2121.32000000
2023-11-10,2077.72000000
2023-11-11,2053.17000000
2023-11-12,2044.68000000
2023-11-13,2053.65000000
2023-11-14,1979.39000000
2023-11-15,2058.48000000
2023-11-16,1961.77000000
2023-11-17,1960.82000000
2023-11-18,1962.60000000
2023-11-19,2011.47000000
2023-11-20,2021.40000000
2023-11-21,1933.01000000
2023-11-22,2063.21000000
2023-11-23,2062.20000000
2023-11-24,2080.84000000
2023-11-25,2083.09000000
2023-11-26,2062.33000000
2023-11-27,2027.50000000
2023-11-28,2048.14000000
2023-11-29,2028.81000000
2023-11-30,2051.96000000
2023-12-01,2087.24000000
2023-12-02,2164.74000000
2023-12-03,2192.95000000
2023-12-04,2243.37000000
2023-12-05,2293.33000000
2023-12-06,2232.70000000
2023-12-07,2355.73000000
2023-12-08,2358.72000000
2023-12-09,2340.49000000
2023-12-10,2352.39000000
2023-12-11,2225.12000000
2023-12-12,2203.46000000
2023-12-13,2260.16000000
2023-12-14,2315.32000000
2023-12-15,2220.50000000
2023-12-16,2228.96000000
2023-12-17,2196.52000000
2023-12-18,2219.43000000
2023-12-19,2177.91000000
2023-12-20,2202.17000000
2023-12-21,2239.61000000
2023-12-22,2324.54000000
2023-12-23,2308.20000000
2023-12-24,2264.05000000
2023-12-25,2271.35000000
2023-12-26,2230.88000000
2023-12-27,2378.35000000
2023-12-28,2344.15000000
2023-12-29,2299.20000000
2023-12-30,2291.68000000
2023-12-31,2281.87000000
2024-01-01,2352.04000000
2024-01-02,2355.34000000
2024-01-03,2209.72000000
2024-01-04,2267.11000000
2024-01-05,2268.78000000
2024-01-06,2240.78000000
2024-01-07,2221.42000000
2024-01-08,2330.44000000
2024-01-09,2344.29000000
2024-01-10,2584.38000000
2024-01-11,2618.01000000
2024-01-12,2522.54000000
2024-01-13,2578.19000000
2024-01-14,2472.87000000
2024-01-15,2511.78000000
2024-01-16,2587.40000000
2024-01-17,2530.19000000
2024-01-18,2470.81000000
2024-01-19,2492.00000000
2024-01-20,2472.01000000
2024-01-21,2457.05000000
2024-01-22,2314.20000000
2024-01-23,2242.60000000
2024-01-24,2235.02000000
2024-01-25,2218.64000000
2024-01-26,2267.68000000
2024-01-27,2267.94000000
2024-01-28,2256.90000000
2024-01-29,2317.60000000
2024-01-30,2343.01000000
2024-01-31,2283.14000000
2024-02-01,2304.28000000
2024-02-02,2309.06000000
2024-02-03,2296.49000000
2024-02-04,2289.79000000
2024-02-05,2301.83000000
2024-02-06,2372.64000000
2024-02-07,2425.10000000
2024-02-08,2419.55000000
2024-02-09,2486.56000000
2024-02-10,2500.24000000
2024-02-11,2507.21000000
2024-02-12,2659.99000000
2024-02-13,2639.99000000
2024-02-14,2774.81000000
2024-02-15,2822.59000000
2024-02-16,2801.80000000
2024-02-17,2785.93000000
2024-02-18,2881.20000000
2024-02-19,2944.80000000
2024-02-20,3014.81000000
2024-02-21,2967.90000000
2024-02-22,2971.40000000
2024-02-23,2922.24000000
2024-02-24,2992.62000000
2024-02-25,3112.59000000
2024-02-26,3175.94000000
2024-02-27,3242.36000000
2024-02-28,3383.10000000
2024-02-29,3340.09000000
2024-03-01,3433.43000000
2024-03-02,3421.40000000
2024-03-03,3487.81000000
2024-03-04,3627.76000000
2024-03-05,3553.65000000
2024-03-06,3818.59000000
2024-03-07,3868.76000000
2024-03-08,3883.36000000
2024-03-09,3905.21000000
2024-03-10,3878.47000000
2024-03-11,4064.80000000
2024-03-12,3979.96000000
2024-03-13,4004.79000000
2024-03-14,3881.70000000
2024-03-15,3742.19000000
2024-03-16,3523.09000000
2024-03-17,3644.71000000
2024-03-18,3520.46000000
2024-03-19,3158.64000000
2024-03-20,3516.53000000
2024-03-21,3492.85000000
2024-03-22,3336.35000000
2024-03-23,3329.53000000
2024-03-24,3454.98000000
2024-03-25,3590.42000000
2024-03-26,3587.33000000
2024-03-27,3501.19000000
2024-03-28,3560.49000000
2024-03-29,3509.74000000
2024-03-30,3505.64000000
2024-03-31,3645.29000000
2024-04-01,3503.80000000
2024-04-02,3278.96000000
2024-04-03,3310.83000000
2024-04-04,3327.40000000
2024-04-05,3317.85000000
2024-04-06,3351.59000000
2024-04-07,3454.20000000
2024-04-08,3694.61000000
2024-04-09,3506.39000000
2024-04-10,3545.64000000
2024-04-11,3502.52000000
2024-04-12,3237.43000000
2024-04-13,3007.01000000
2024-04-14,3155.11000000
2024-04-15,3101.99000000
2024-04-16,3084.22000000
2024-04-17,2985.41000000
2024-04-18,3064.40000000
2024-04-19,3056.46000000
2024-04-20,3155.79000000
2024-04-21,3147.67000000
2024-04-22,3200.20000000
2024-04-23,3219.46000000
2024-04-24,3140.80000000
2024-04-25,3155.80000000
2024-04-26,3131.30000000
2024-04-27,3255.56000000
2024-04-28,3263.45000000
2024-04-29,3216.73000000
2024-04-30,3014.05000000
2024-05-01,2972.46000000
2024-05-02,2986.19000000
2024-05-03,3102.61000000
2024-05-04,3117.23000000
2024-05-05,3136.41000000
2024-05-06,3062.60000000
2024-05-07,3005.69000000
2024-05-08,2974.21000000
2024-05-09,3036.23000000
2024-05-10,2909.99000000
2024-05-11,2912.45000000
2024-05-12,2929.29000000
2024-05-13,2950.99000000
2024-05-14,2881.93000000
2024-05-15,3032.55000000
2024-05-16,2944.70000000
2024-05-17,3092.01000000
2024-05-18,3122.94000000
2024-05-19,3071.19000000
2024-05-20,3661.78000000
2024-05-21,3789.60000000
2024-05-22,3737.73000000
2024-05-23,3783.61000000
2024-05-24,3728.28000000
2024-05-25,3749.26000000
2024-05-26,3826.47000000
2024-05-27,3894.22000000
2024-05-28,3844.69000000
2024-05-29,3767.43000000
2024-05-30,3747.91000000
2024-05-31,3762.29000000
2024-06-01,3815.82000000
2024-06-02,3780.91000000
2024-06-03,3767.06000000
2024-06-04,3810.23000000
2024-06-05,3865.99000000
2024-06-06,3813.46000000
2024-06-07,3678.32000000
2024-06-08,3681.57000000
2024-06-09,3706.40000000
2024-06-10,3667.85000000
2024-06-11,3497.33000000
2024-06-12,3560.12000000
2024-06-13,3469.40000000
2024-06-14,3481.80000000
2024-06-15,3568.74000000
2024-06-16,3624.41000000
2024-06-17,3511.46000000
2024-06-18,3483.42000000
2024-06-19,3560.51000000
2024-06-20,3513.08000000
2024-06-21,3518.50000000
2024-06-22,3495.75000000
2024-06-23,3420.91000000
2024-06-24,3352.73000000
2024-06-25,3394.91000000
2024-06-26,3371.44000000
2024-06-27,3450.44000000
2024-06-28,3380.15000000
2024-06-29,3378.80000000
2024-06-30,3438.16000000
2024-07-01,3442.20000000
2024-07-02,3421.35000000
2024-07-03,3295.48000000
2024-07-04,3059.70000000
2024-07-05,2981.78000000
2024-07-06,3066.83000000
2024-07-07,2931.00000000
2024-07-08,3019.01000000
2024-07-09,3066.65000000
2024-07-10,3101.05000000
2024-07-11,3099.57000000
2024-07-12,3133.88000000
2024-07-13,3175.93000000
2024-07-14,3245.08000000
2024-07-15,3483.39000000
2024-07-16,3444.13000000
2024-07-17,3387.05000000
2024-07-18,3426.50000000
2024-07-19,3503.53000000
2024-07-20,3517.50000000
2024-07-21,3535.92000000
2024-07-22,3439.60000000
2024-07-23,3482.51000000
2024-07-24,3335.81000000
2024-07-25,3175.48000000
2024-07-26,3274.61000000
2024-07-27,3249.01000000
2024-07-28,3270.16000000
2024-07-29,3317.66000000
2024-07-30,3279.21000000
2024-07-31,3232.74000000
2024-08-01,3203.40000000
2024-08-02,2989.61000000
2024-08-03,2903.64000000
2024-08-04,2688.92000000
2024-08-05,2419.59000000
2024-08-06,2461.33000000
2024-08-07,2342.80000000
2024-08-08,2682.50000000
2024-08-09,2598.78000000
2024-08-10,2609.92000000
2024-08-11,2555.38000000
2024-08-12,2722.30000000
2024-08-13,2702.44000000
2024-08-14,2661.45000000
2024-08-15,2569.89000000
2024-08-16,2592.73000000
2024-08-17,2614.51000000
2024-08-18,2612.15000000
2024-08-19,2636.36000000
2024-08-20,2572.82000000
2024-08-21,2630.71000000
2024-08-22,2622.88000000
2024-08-23,2762.48000000
2024-08-24,2768.00000000
2024-08-25,2746.13000000
2024-08-26,2680.49000000
2024-08-27,2457.33000000
2024-08-28,2528.33000000
2024-08-29,2527.61000000
2024-08-30,2526.00000000
2024-08-31,2513.01000000
2024-09-01,2425.72000000
2024-09-02,2538.01000000
2024-09-03,2425.29000000
2024-09-04,2450.71000000
2024-09-05,2368.81000000
2024-09-06,2225.23000000
2024-09-07,2273.58000000
2024-09-08,2297.30000000
2024-09-09,2359.50000000
2024-09-10,2388.52000000
2024-09-11,2340.55000000
2024-09-12,2361.76000000
2024-09-13,2439.19000000
2024-09-14,2417.79000000
2024-09-15,2316.10000000
2024-09-16,2295.68000000
2024-09-17,2341.80000000
2024-09-18,2374.75000000
2024-09-19,2465.21000000
2024-09-20,2561.40000000
2024-09-21,2612.40000000
2024-09-22,2581.00000000
2024-09-23,2646.97000000
2024-09-24,2653.20000000
2024-09-25,2579.95000000
2024-09-26,2632.26000000
2024-09-27,2694.43000000
2024-09-28,2675.21000000
2024-09-29,2657.62000000
2024-09-30,2602.23000000
2024-10-01,2447.79000000
2024-10-02,2364.10000000
2024-10-03,2349.80000000
2024-10-04,2414.41000000
2024-10-05,2414.66000000
2024-10-06,2440.03000000
2024-10-07,2422.71000000
2024-10-08,2440.89000000
2024-10-09,2370.47000000
2024-10-10,2386.49000000
2024-10-11,2439.50000000
2024-10-12,2476.40000000
2024-10-13,2468.91000000
2024-10-14,2629.79000000
2024-10-15,2607.41000000
2024-10-16,2611.10000000
2024-10-17,2605.80000000
2024-10-18,2642.17000000
2024-10-19,2648.20000000
2024-10-20,2746.91000000
2024-10-21,2666.70000000
2024-10-22,2622.81000000
2024-10-23,2524.61000000
2024-10-24,2535.82000000
2024-10-25,2440.62000000
2024-10-26,2482.51000000
2024-10-27,2507.80000000
2024-10-28,2567.48000000
2024-10-29,2638.80000000
2024-10-30,2659.19000000
2024-10-31,2518.61000000
2024-11-01,2511.49000000
2024-11-02,2494.23000000
2024-11-03,2457.73000000
2024-11-04,2398.21000000
2024-11-05,2422.55000000
2024-11-06,2721.87000000
2024-11-07,2895.47000000
2024-11-08,2961.75000000
2024-11-09,3126.21000000
2024-11-10,3183.21000000
2024-11-11,3371.59000000
2024-11-12,3243.80000000
2024-11-13,3187.16000000
2024-11-14,3058.82000000
2024-11-15,3090.01000000
2024-11-16,3132.87000000
2024-11-17,3076.00000000
2024-11-18,3207.80000000
2024-11-19,3107.44000000
2024-11-20,3069.97000000
2024-11-21,3355.81000000
2024-11-22,3327.78000000
2024-11-23,3393.91000000
2024-11-24,3361.20000000
2024-11-25,3414.49000000
2024-11-26,3324.73000000
2024-11-27,3653.28000000
2024-11-28,3578.79000000
2024-11-29,3592.21000000
2024-11-30,3703.60000000
2024-12-01,3707.61000000
2024-12-02,3643.42000000
2024-12-03,3614.51000000
2024-12-04,3837.80000000
2024-12-05,3785.20000000
2024-12-06,3998.87000000
2024-12-07,3996.22000000
2024-12-08,4004.15000000
2024-12-09,3712.00000000
2024-12-10,3628.25000000
2024-12-11,3831.81000000
2024-12-12,3881.61000000
2024-12-13,3906.80000000
2024-12-14,3870.29000000
2024-12-15,3959.09000000
2024-12-16,3986.24000000
2024-12-17,3893.01000000
2024-12-18,3626.80000000
2024-12-19,3417.01000000
2024-12-20,3472.21000000
2024-12-21,3338.92000000
2024-12-22,3281.83000000
2024-12-23,3422.53000000
2024-12-24,3493.18000000
2024-12-25,3497.00000000
2024-12-26,3335.05000000
2024-12-27,3333.51000000
2024-12-28,3404.00000000
2024-12-29,3356.48000000
2024-12-30,3361.84000000
2024-12-31,3337.78000000
2025-01-01,3360.38000000
2025-01-02,3455.67000000
2025-01-03,3609.01000000
2025-01-04,3656.88000000
2025-01-05,3635.99000000
2025-01-06,3687.45000000
2025-01-07,3381.31000000
2025-01-08,3327.29000000
2025-01-09,3219.20000000
2025-01-10,3267.04000000
2025-01-11,3282.83000000
2025-01-12,3267.30000000
2025-01-13,3137.51000000
2025-01-14,3225.63000000
2025-01-15,3451.52000000
2025-01-16,3308.05000000
2025-01-17,3473.63000000
2025-01-18,3307.71000000
2025-01-19,3215.12000000
2025-01-20,3284.00000000
2025-01-21,3327.54000000
2025-01-22,3242.60000000
2025-01-23,3338.21000000
2025-01-24,3310.09000000
2025-01-25,3318.77000000
2025-01-26,3232.61000000
2025-01-27,3182.44000000
2025-01-28,3077.72000000
2025-01-29,3113.90000000
2025-01-30,3247.39000000
2025-01-31,3300.99000000
2025-02-01,3117.54000000
2025-02-02,2869.68000000
2025-02-03,2879.90000000
2025-02-04,2731.19000000
2025-02-05,2788.25000000
2025-02-06,2686.64000000
2025-02-07,2622.10000000
2025-02-08,2632.46000000
2025-02-09,2627.18000000
2025-02-10,2661.19000000
2025-02-11,2602.59000000
2025-02-12,2738.27000000
2025-02-13,2675.87000000
2025-02-14,2725.95000000
2025-02-15,2693.04000000
2025-02-16,2661.41000000
2025-02-17,2744.05000000
2025-02-18,2671.99000000
2025-02-19,2715.50000000
2025-02-20,2738.04000000
2025-02-21,2663.00000000
2025-02-22,2763.22000000
2025-02-23,2819.69000000
2025-02-24,2513.52000000
2025-02-25,2495.70000000
2025-02-26,2336.37000000
2025-02-27,2307.72000000
2025-02-28,2237.59000000
2025-03-01,2217.39000000
2025-03-02,2518.11000000
2025-03-03,2149.01000000
2025-03-04,2171.51000000
2025-03-05,2241.59000000
2025-03-06,2202.20000000
2025-03-07,2141.60000000
2025-03-08,2203.58000000
2025-03-09,2020.41000000
2025-03-10,1865.10000000
2025-03-11,1923.43000000
2025-03-12,1908.20000000
2025-03-13,1864.59000000
2025-03-14,1911.65000000
2025-03-15,1937.17000000
2025-03-16,1887.00000000
2025-03-17,1926.31000000
2025-03-18,1931.54000000
2025-03-19,2056.06000000
2025-03-20,1983.79000000
2025-03-21,1965.75000000
2025-03-22,1980.69000000
2025-03-23,2005.99000000
2025-03-24,2081.20000000
2025-03-25,2066.15000000
2025-03-26,2009.52000000
2025-03-27,2003.66000000
2025-03-28,1896.90000000
2025-03-29,1828.08000000
2025-03-30,1807.74000000
2025-03-31,1822.43000000
2025-04-01,1904.98000000
2025-04-02,1795.22000000
2025-04-03,1817.23000000
2025-04-04,1816.87000000
2025-04-05,1806.01000000
2025-04-06,1580.76000000
2025-04-07,1553.04000000
2025-04-08,1473.41000000
2025-04-09,1669.51000000
2025-04-10,1522.25000000
2025-04-11,1566.85000000
2025-04-12,1644.18000000
2025-04-13,1597.76000000
2025-04-14,1623.77000000
2025-04-15,1588.78000000
2025-04-16,1577.14000000
2025-04-17,1583.62000000
2025-04-18,1588.60000000
2025-04-19,1613.27000000
2025-04-20,1587.36000000
2025-04-21,1579.57000000
2025-04-22,1756.26000000
2025-04-23,1795.07000000
2025-04-24,1769.65000000
2025-04-25,1784.60000000
2025-04-26,1820.88000000
2025-04-27,1791.29000000
2025-04-28,1799.88000000
2025-04-29,1797.81000000
2025-04-30,1793.61000000
2025-05-01,1838.11000000
2025-05-02,1842.20000000
2025-05-03,1833.52000000
2025-05-04,1808.86000000
2025-05-05,1820.19000000
2025-05-06,1817.00000000
2025-05-07,1811.11000000
2025-05-08,2207.39000000
2025-05-09,2345.04000000
2025-05-10,2583.23000000
2025-05-11,2514.57000000
2025-05-12,2495.47000000
2025-05-13,2679.71000000
2025-05-14,2609.74000000
2025-05-15,2548.69000000
2025-05-16,2537.12000000
2025-05-17,2475.08000000
2025-05-18,2497.78000000
2025-05-19,2528.14000000
2025-05-20,2524.19000000
2025-05-21,2550.99000000
2025-05-22,2664.82000000
2025-05-23,2526.50000000
2025-05-24,2530.40000000
2025-05-25,2551.22000000
2025-05-26,2563.70000000
2025-05-27,2660.81000000
2025-05-28,2681.60000000
2025-05-29,2631.39000000
2025-05-30,2531.34000000
2025-05-31,2528.06000000
2025-06-01,2539.21000000
2025-06-02,2607.41000000
2025-06-03,2593.36000000
2025-06-04,2607.68000000
2025-06-05,2414.01000000
2025-06-06,2476.10000000
2025-06-07,2524.63000000
2025-06-08,2509.83000000
2025-06-09,2680.13000000
2025-06-10,2816.40000000
2025-06-11,2771.61000000
2025-06-12,2642.65000000
2025-06-13,2579.19000000
2025-06-14,2530.76000000
2025-06-15,2547.61000000
2025-06-16,2544.17000000
2025-06-17,2509.95000000
2025-06-18,2525.00000000
2025-06-19,2521.12000000
2025-06-20,2406.49000000
2025-06-21,2295.73000000
2025-06-22,2227.70000000
2025-06-23,2411.66000000
2025-06-24,2448.45000000
2025-06-25,2418.49000000
2025-06-26,2415.96000000
2025-06-27,2423.17000000
2025-06-28,2435.62000000
2025-06-29,2500.09000000
2025-06-30,2485.47000000
2025-07-01,2405.01000000
2025-07-02,2570.41000000
2025-07-03,2591.25000000
2025-07-04,2508.04000000
2025-07-05,2516.41000000
2025-07-06,2570.35000000
2025-07-07,2542.29000000
2025-07-08,2615.25000000
2025-07-09,2768.74000000
2025-07-10,2951.29000000
2025-07-11,2958.22000000
2025-07-12,2943.28000000
2025-07-13,2972.03000000
2025-07-14,3013.62000000
2025-07-15,3137.89000000
2025-07-16,3371.35000000
2025-07-17,3476.87000000
2025-07-18,3546.92000000
2025-07-19,3592.01000000
2025-07-20,3756.69000000
2025-07-21,3762.33000000
2025-07-22,3746.21000000
2025-07-23,3628.29000000
2025-07-24,3706.94000000
2025-07-25,3724.96000000
2025-07-26,3741.10000000
2025-07-27,3872.10000000
2025-07-28,3799.00000000
2025-07-29,3793.79000000
2025-07-30,3810.00000000
2025-07-31,3698.39000000
2025-08-01,3488.20000000
2025-08-02,3393.94000000
2025-08-03,3496.74000000
2025-08-04,3720.99000000
2025-08-05,3612.00000000
2025-08-06,3683.31000000
2025-08-07,3910.31000000
2025-08-08,4009.50000000
2025-08-09,4260.62000000
2025-08-10,4250.57000000
2025-08-11,4223.22000000
2025-08-12,4590.52000000
2025-08-13,4749.30000000
2025-08-14,4546.84000000
2025-08-15,4439.47000000
2025-08-16,4421.99000000
2025-08-17,4472.33000000
2025-08-18,4312.99000000
2025-08-19,4075.59000000
2025-08-20,4336.16000000
2025-08-21,4225.30000000
2025-08-22,4832.07000000
2025-08-23,4778.40000000
2025-08-24,4780.15000000
2025-08-25,4376.18000000
2025-08-26,4600.63000000
2025-08-27,4506.71000000
2025-08-28,4511.21000000
2025-08-29,4360.18000000
2025-08-30,4373.70000000
2025-08-31,4391.83000000
2025-09-01,4314.50000000
2025-09-02,4326.50000000
2025-09-03,4450.46000000
2025-09-04,4297.55000000
2025-09-05,4307.45000000
2025-09-06,4273.14000000
2025-09-07,4306.19000000
2025-09-08,4306.37000000
2025-09-09,4310.09000000
2025-09-10,4349.32000000
2025-09-11,4458.82000000
2025-09-12,4712.16000000
2025-09-13,4666.53000000
2025-09-14,4604.49000000
2025-09-15,4523.74000000
2025-09-16,4501.29000000
2025-09-17,4590.53000000
2025-09-18,4587.66000000
2025-09-19,4468.59000000
2025-09-20,4480.42000000
2025-09-21,4444.97000000
2025-09-22,4199.08000000
2025-09-23,4164.26000000
2025-09-24,4152.81000000
2025-09-25,3874.36000000
2025-09-26,4032.24000000
2025-09-27,4018.38000000
2025-09-28,4142.16000000
2025-09-29,4215.07000000
2025-09-30,4145.15000000
2025-10-01,4348.03000000
2025-10-02,4484.35000000
2025-10-03,4512.87000000
2025-10-04,4487.15000000
2025-10-05,4514.32000000
2025-10-06,4684.01000000
2025-10-07,4447.70000000
2025-10-08,4525.72000000
2025-10-09,4368.09000000
2025-10-10,3829.72000000
2025-10-11,3746.79000000
2025-10-12,4152.29000000
2025-10-13,4240.85000000
2025-10-14,4125.02000000
2025-10-15,3985.61000000
2025-10-16,3894.51000000
2025-10-17,3831.57000000
2025-10-18,3889.21000000
2025-10-19,3982.58000000
2025-10-20,3979.22000000
2025-10-21,3873.05000000
2025-10-22,3805.53000000
2025-10-23,3856.80000000
2025-10-24,3934.88000000
2025-10-25,3953.82000000
2025-10-26,4158.46000000
2025-10-27,4120.15000000
2025-10-28,3979.20000000
2025-10-29,3902.99000000
2025-10-30,3805.09000000
2025-10-31,3847.99000000
2025-11-01,3873.77000000
2025-11-02,3906.58000000
2025-11-03,3603.83000000
2025-11-04,3287.05000000
2025-11-05,3424.29000000
2025-11-06,3315.14000000
2025-11-07,3436.05000000
2025-11-08,3401.51000000
2025-11-09,3583.46000000
2025-11-10,3567.85000000
2025-11-11,3417.76000000
2025-11-12,3414.92000000
2025-11-13,3231.54000000
2025-11-14,3112.40000000
2025-11-15,3167.88000000
2025-11-16,3095.29000000
2025-11-17,3031.44000000
2025-11-18,3123.66000000
2025-11-19,3025.48000000
2025-11-20,2834.22000000
2025-11-21,2765.85000000
2025-11-22,2770.12000000
2025-11-23,2802.16000000
2025-11-24,2953.38000000
2025-11-25,2959.36000000
2025-11-26,3026.56000000
2025-11-27,3015.23000000
2025-11-28,3031.15000000
2025-11-29,2989.16000000
2025-11-30,2991.26000000
2025-12-01,2799.07000000
2025-12-02,2996.07000000
2025-12-03,3188.36000000
2025-12-04,3133.26000000
2025-12-05,3021.78000000
2025-12-06,3038.06000000
2025-12-07,3059.85000000
2025-12-08,3124.16000000
2025-12-09,3318.04000000
2025-12-10,3324.14000000
2025-12-11,3237.39000000
2025-12-12,3084.86000000
2025-12-13,3114.64000000
2025-12-14,3063.50000000
2025-12-15,2964.85000000
2025-12-16,2962.30000000
2025-12-17,2833.49000000
2025-12-18,2828.57000000
2025-12-19,2979.50000000
2025-12-20,2977.93000000
2025-12-21,3002.02000000
2025-12-22,3009.49000000
2025-12-23,2965.02000000
2025-12-24,2947.47000000
2025-12-25,2903.95000000
2025-12-26,2927.99000000
2025-12-27,2949.05000000
2025-12-28,2950.91000000
2025-12-29,2937.90000000
2025-12-30,2973.69000000
2025-12-31,2971.64000000
