exp,version,category,status,label_zh
EXP-102,v6.89,fee_tier,dropped-at-dev,高費影線錨；低費收紅refill
EXP-103,v6.90,fee_tier,holdout-pass,高費日內stop；低費v6.75
EXP-104,v6.91,fee_tier,holdout-pass,高費量確認；低費v6.75
EXP-110,v6.97,fee_tier,holdout-fail,高費影線錨；低費v6.75
EXP-111,v6.98,fee_tier,dropped-at-dev,v6.91＋低費兩日出場確認
EXP-112,v6.99,fee_tier,holdout-pass,高費stop+量確認；低費v6.75
EXP-113,v6.100,fee_tier,dropped-at-dev,v6.91＋低費ETH占比70%
EXP-114,v6.101,fee_tier,holdout-pass,v6.91＋高費拿掉下方stop
EXP-115,v6.102,fee_tier,holdout-pass,v6.90＋高費帳戶分層
EXP-116,v6.103,fee_tier,dropped-at-dev,v6.90＋低費ETH占比70%
EXP-118,v6.105,fee_tier,holdout-pass,v6.91＋高費帳戶分層
EXP-119,v6.106,fee_tier,holdout-pass,高費無stop+分層；低費v6.75
EXP-120,v6.107,fee_tier,holdout-pass,v6.99＋低費macro
EXP-121,v6.108,fee_tier,holdout-pass,v6.99＋高費帳戶分層
EXP-124,v6.111,fee_tier,holdout-pass,v6.99＋高費routing
EXP-125,v6.112,fee_tier,holdout-pass,v6.101＋高費routing
EXP-127,v6.114,fee_tier,dropped-at-dev,v6.111＋低費收紅refill
EXP-129,v6.115,fee_tier,dropped-at-dev,v6.111＋低費廣度上限
EXP-130,v6.116,fee_tier,holdout-pass,v6.111＋低費跨資產refill
EXP-131,v6.117,fee_tier,holdout-fail,v6.111＋低費funding上限
EXP-132,v6.118,fee_tier,dropped-at-dev,v6.111＋低費強收盤refill
EXP-134,v6.120,fee_tier,holdout-pass,v6.111＋低費F升即重建
EXP-136,v6.122,fee_tier,dropped-at-dev,v6.111＋低費ETH占比翻轉重建
EXP-138,v6.124,fee_tier,holdout-pass,v6.111＋低費F升/翻轉重建
EXP-139,v6.125,fee_tier,holdout-pass,v6.116＋低費F升重建
EXP-140,v6.126,fee_tier,holdout-pass,v6.116＋低費macro
EXP-141,v6.127,fee_tier,holdout-pass,v6.116＋高費F升重建
EXP-143,v6.129,fee_tier,dropped-at-dev,v6.116＋低費兩日出場確認
EXP-146,v6.132,fee_tier,holdout-fail,v6.116＋高費跨資產refill
EXP-147,v6.133,fee_tier,holdout-pass,v6.125＋低費macro
EXP-149,v6.135,fee_tier,holdout-pass,v6.126＋高費macro
EXP-150,v6.136,fee_tier,holdout-pass,v6.126＋高費無新低refill
EXP-151,v6.137,fee_tier,holdout-pass,v6.126＋低費帳戶分層
EXP-163,v6.148,fee_tier,pass,高費v6.75；低費v6.144
EXP-082,v6.69,refill,dropped-at-dev,DVOL下降才refill
EXP-083,v6.70,refill,dropped-at-dev,負funding免首段等待
EXP-084,v6.71,refill,dropped-at-dev,funding負加速/過熱煞車
EXP-086,v6.73,refill,dropped-at-dev,refill需另一資產反彈
EXP-087,v6.74,refill,dropped-at-dev,refill需成交量確認
EXP-088,v6.75,refill,holdout-pass,refill日不得創日內新低
EXP-090,v6.77,refill,dropped-at-dev,實現波動>隱含少一段refill
EXP-092,v6.79,refill,dropped-at-dev,gas暴增後3天不refill
EXP-093,v6.80,refill,dropped-at-dev,穩定幣供給增長才refill
EXP-094,v6.81,refill,dropped-at-dev,週末收盤不refill
EXP-096,v6.83,refill,dropped-at-dev,池內淨買方才refill
EXP-098,v6.85,refill,dropped-at-dev,refill從出場後低點起算
EXP-099,v6.86,refill,dropped-at-dev,refill日須收紅
EXP-100,v6.87,refill,dropped-at-dev,refill日收在上半區間
EXP-107,v6.94,refill,dropped-at-dev,refill快速失敗後延長首段
EXP-108,v6.95,refill,holdout-fail,流動性擁擠時不refill
EXP-109,v6.96,refill,holdout-fail,v6.75 + 擁擠時不refill
EXP-144,v6.130,refill,dropped-at-dev,v6.75 + 跨資產+路由
EXP-145,v6.131,refill,dropped-at-dev,v6.75 + 跨資產路由F升重建
EXP-148,v6.134,refill,dropped-at-dev,v6.75 + 跨資產路由macro
EXP-152,v6.138,refill,dropped-at-dev,v6.75 + 路由macro量確認
EXP-157,v6.142,refill,pass,v6.75 於spec v1重判
EXP-158,v6.143,refill,pass,v6.75 + 跨資產refill
EXP-053,v6.40,f_engine,dropped-at-dev,下跌波動目標縮F
EXP-054,v6.41,f_engine,dropped-at-dev,EMA出場加盤整閘門
EXP-064,v6.51,f_engine,dropped-at-dev,CPPI淨值底線縮F
EXP-067,v6.54,f_engine,dropped-at-dev,僅EMA上方才分段refill
EXP-068,v6.55,f_engine,dropped-at-dev,回到EMA即全額部署
EXP-069,v6.56,f_engine,dropped-at-dev,拿掉帳戶上方重建
EXP-076,v6.63,f_engine,dropped-at-dev,單一EMA100帳戶
EXP-077,v6.64,f_engine,dropped-at-dev,F取最低帳戶
EXP-078,v6.65,f_engine,dropped-at-dev,F取最高帳戶
EXP-079,v6.66,f_engine,dropped-at-dev,任一帳戶部署即滿梯
EXP-080,v6.67,f_engine,dropped-at-dev,全部帳戶滿倉才滿梯
EXP-081,v6.68,f_engine,dropped-at-dev,refill首段即全額
EXP-085,v6.72,f_engine,dropped-at-dev,funding過熱F上限50%
EXP-089,v6.76,f_engine,dropped-at-dev,引擎用日TWAP價
EXP-091,v6.78,f_engine,dropped-at-dev,F上限取兩資產F均值
EXP-105,v6.92,f_engine,dropped-at-dev,流動性擁擠時F上限50%
EXP-055,v6.42,rebuild,dropped-at-dev,跟隨F原地縮放各帶
EXP-057,v6.44,rebuild,dropped-at-dev,出區間重建不換幣
EXP-058,v6.45,rebuild,dropped-at-dev,內半區原地縮放否則重置
EXP-061,v6.48,rebuild,dropped-at-dev,F升加新層、F降縮帶
EXP-062,v6.49,rebuild,dropped-at-dev,F降原地縮、F升重置
EXP-065,v6.52,rebuild,dropped-at-dev,每週定時全重置
EXP-070,v6.57,rebuild,dropped-at-dev,每週重置+ETH占比50%
EXP-071,v6.58,rebuild,dropped-at-dev,僅EMA100上方每週重置
EXP-072,v6.59,rebuild,dropped-at-dev,EMA100下原地縮放
EXP-074,v6.61,rebuild,dropped-at-dev,拿掉出區間重建
EXP-075,v6.62,rebuild,dropped-at-dev,下方出區間不重建
EXP-135,v6.121,rebuild,dropped-at-dev,v6.75 + 路由+翻轉重建
EXP-137,v6.123,rebuild,holdout-pass,v6.75 + 路由+F升重建
EXP-142,v6.128,rebuild,holdout-pass,v6.75 + 路由macro升重建
EXP-056,v6.43,exit_stop,dropped-at-dev,每小時檢查出區間
EXP-066,v6.53,exit_stop,holdout-fail,拿掉帳戶下方stop
EXP-095,v6.82,exit_stop,dropped-at-dev,成交量高於常態才EMA出場
EXP-097,v6.84,exit_stop,dropped-at-dev,全天低於EMA才出場
EXP-101,v6.88,exit_stop,dropped-at-dev,下方stop改用日內低點
EXP-106,v6.93,exit_stop,dropped-at-dev,v6.75 + 兩日出區間確認
EXP-161,v6.146,exit_stop,fail,v6.75 + 日內下方stop
EXP-162,v6.147,exit_stop,fail,v6.75 + 兩日EMA出場確認
EXP-059,v6.46,macro,dropped-at-dev,FOMC/CPI前後撤梯
EXP-060,v6.47,macro,holdout-fail,FOMC/CPI暫停後精確還原
EXP-122,v6.109,macro,holdout-pass,v6.75 + macro暫停還原
EXP-126,v6.113,macro,holdout-pass,v6.75 + macro+路由
EXP-159,v6.144,macro,pass,v6.75 + 跨資產+macro
EXP-160,v6.145,macro,pass,v6.75 + macro暫停還原
EXP-063,v6.50,ladder,holdout-fail,每個EMA帳戶獨立子梯
EXP-073,v6.60,ladder,holdout-fail,ETH占比固定70%
EXP-153,v6.139,ladder,fail,EMA100上方ETH占比100%
EXP-154,v6.140,ladder,fail,EMA100上方+40%/-20%梯
EXP-164,v6.149,ladder,fail,v6.75 + +40%/-20%梯
EXP-117,v6.104,routing,dropped-at-dev,0.3%池LP；swap走0.05%
EXP-123,v6.110,routing,holdout-pass,v6.75 + routing
EXP-128,v6.104r,routing,dev-done,v6.104 Base獨立重判
EXP-052,v6.39,idle,holdout-pass,閒置資金放USDC/USDT LP
EXP-133,v6.119,idle,dropped-at-dev,閒置資金基差交易賺funding
EXP-156,v6.126,baseline,fail,spec v1基準重跑v6.126
